0000001111000100
0000001111000101
0000001111000110
0000001111001000
0000001111001001
0000001111001010
0000001111001011
0000001111001100
0000001111001101
0000001111001110
0000001111010000
0000001111010010
0000001111010011
0000001111010100
0000001111010101
0000001111010110
0000001111010111
0000001111011000
0000001111011001
0000001111011010
0000010110010010
0000010110010011
0000010110010110
0000010110010111
0000010110011000
0000010110011001
0000010110011010
0000010110011011
0000010110011100
0000010110011101
0000010110011110
0000010110011111
0000010111000010
0000010111000011
0000010111000110
0000010111000111
0000010111001000
0000010111001001
0000010111001010
0000010111001011
0000010111001100
0000010111001101
0000010111001110
0000010111001111
0000010111010010
0000010111010011
0000010111010110
0000010111010111
0000010111011000
0000010111011001
0000010111011010
0000010111011011
0000010111011100
0000010111011101
0000010111011110
0000011010010010
0000011010010011
0000011010010100
0000011010010101
0000011010010111
0000011010011000
0000011010011001
0000011010011010
0000011010011011
0000011010011100
0000011010011101
0000011010011110
0000011010011111
0000011010100011
0000011010100100
0000011010100101
0000011010100110
0000011010100111
0000011010101001
0000011010101101
0000011010101110
0000011010101111
0000011010110010
0000011010110011
0000011010110100
0000011010110101
0000011010110110
0000011010110111
0000011010111000
0000011010111001
0000011010111010
0000011010111011
0000011010111100
0000011010111101
0000011010111110
0000011011000010
0000011011000011
0000011011000100
0000011011000101
0000011011000110
0000011011000111
0000011011001000
0000011011001001
0000011011001010
0000011011001011
0000011011001100
0000011011001110
0000011011001111
0000011011100000
0000011011100010
0000011011100011
0000011011100100
0000011011100101
0000011011100110
0000011011100111
0000011011101000
0000011011101001
0000011011101010
0000011011101011
0000011011101100
0000011011101101
0000011011101110
0000011011110000
0000011011110010
0000011011110011
0000011011110100
0000011011110101
0000011011110110
0000011011111000
0000011011111001
0000011011111010
0000011011111100
0000011101000010
0000011101000110
0000011101000111
0000011101001000
0000011101001001
0000011101001010
0000011101001011
0000011101001100
0000011101001101
0000011101001110
0000011101001111
0000011101100010
0000011101100011
0000011101100100
0000011101100101
0000011101100110
0000011101100111
0000011101101000
0000011101101001
0000011101101010
0000011101101011
0000011101101100
0000011101101101
0000011101110010
0000011101110011
0000011101110100
0000011101110101
0000011101110110
0000011101111000
0000011101111001
0000011101111010
0000011101111100
0000011110010010
0000011110010011
0000011110010100
0000011110010101
0000011110010110
0000011110010111
0000011110011000
0000011110011001
0000011110011010
0000011110011011
0000011110011100
0000011110011101
0000011110011110
0000011111000100
0000011111000101
0000011111000110
0000011111001000
0000011111001001
0000011111001010
0000011111001011
0000011111001100
0000011111001101
0000011111001110
0000011111010000
0000011111010010
0000011111010011
0000011111010100
0000011111010101
0000011111010110
0000011111010111
0000011111011000
0000011111011001
0000011111011010
0000011111011011
0000011111011100
0000011111011101
0000011111011110
0000100111000010
0000100111000011
0000100111000100
0000100111000101
0000100111000110
0000100111000111
0000100111001000
0000100111001001
0000100111001010
0000100111001011
0000100111001100
0000100111001101
0000100111001110
0000100111001111
0000100111010010
0000100111010011
0000100111010100
0000100111010101
0000100111010111
0000100111011001
0000100111011010
0000100111011011
0000100111011100
0000100111011101
0000100111011110
0000101011000011
0000101011000100
0000101011000101
0000101011000110
0000101011000111
0000101011001001
0000101011001011
0000101011001100
0000101011001101
0000101011001110
0000101011001111
0000101011100011
0000101011100100
0000101011100101
0000101011100110
0000101011100111
0000101011101001
0000101011101011
0000101011101100
0000101011101101
0000101011101110
0000101011110000
0000101011110010
0000101011110011
0000101011110100
0000101011110101
0000101011110110
0000101011111000
0000101011111001
0000101011111010
0000101011111100
0000101101000010
0000101101000011
0000101101000100
0000101101000101
0000101101000110
0000101101001000
0000101101001001
0000101101001010
0000101101001011
0000101101001100
0000101101001101
0000101101001110
0000101101001111
0000101101100010
0000101101100011
0000101101100100
0000101101100110
0000101101100111
0000101101101000
0000101101101001
0000101101101010
0000101101101011
0000101101101100
0000101101101101
0000101101110000
0000101101110010
0000101101110011
0000101101110101
0000101101110110
0000101101111000
0000101101111001
0000101101111010
0000101101111100
0000101111000010
0000101111000011
0000101111000100
0000101111000101
0000101111000110
0000101111000111
0000101111001000
0000101111001001
0000101111001010
0000101111001011
0000101111001100
0000101111001101
0000101111001110
0000101111001111
0000101111010000
0000101111010010
0000101111010011
0000101111010100
0000101111010101
0000101111010110
0000101111010111
0000101111011000
0000101111011001
0000101111011010
0000101111011011
0000101111011100
0000101111011101
0000101111011110
0000110010010110
0000110010010111
0000110010011010
0000110010011011
0000110010011100
0000110010011101
0000110010011110
0000110010011111
0000110011000110
0000110011000111
0000110011001010
0000110011001011
0000110011001100
0000110011001101
0000110011001110
0000110011001111
0000110011010110
0000110011010111
0000110011011010
0000110011011011
0000110011011100
0000110011011101
0000110011011110
0000110101000010
0000110101000011
0000110101000110
0000110101000111
0000110101001000
0000110101001010
0000110101001011
0000110101001100
0000110101001101
0000110101001110
0000110101001111
0000110101100010
0000110101100011
0000110101100100
0000110101100101
0000110101100110
0000110101101000
0000110101101001
0000110101101010
0000110101101011
0000110101101100
0000110101101101
0000110101101110
0000110101110000
0000110101110010
0000110101110011
0000110101110100
0000110101110101
0000110101111000
0000110101111001
0000110101111010
0000110101111100
0000110110010010
0000110110010011
0000110110010101
0000110110010110
0000110110010111
0000110110011000
0000110110011001
0000110110011010
0000110110011011
0000110110011100
0000110110011101
0000110110011110
0000110110011111
0000110111000010
0000110111000011
0000110111000100
0000110111000101
0000110111000110
0000110111000111
0000110111001000
0000110111001001
0000110111001010
0000110111001011
0000110111001100
0000110111001101
0000110111001110
0000110111001111
0000110111010010
0000110111010011
0000110111010100
0000110111010101
0000110111010110
0000110111010111
0000110111011000
0000110111011001
0000110111011010
0000110111011011
0000110111011100
0000110111011101
0000110111011110
0000111000001001
0000111000100011
0000111000100100
0000111000100101
0000111000100110
0000111000100111
0000111000101001
0000111000101011
0000111000101101
0000111000110010
0000111000110011
0000111000110110
0000111000111001
0000111000111010
0000111000111100
0000111000111101
0000111000111110
0000111001100000
0000111001100010
0000111001100011
0000111001100100
0000111001100101
0000111001100110
0000111001100111
0000111001101001
0000111001101010
0000111001101011
0000111001101100
0000111001101101
0000111001101110
0000111001110000
0000111001110010
0000111001110011
0000111001110100
0000111001110101
0000111001110110
0000111001111000
0000111001111001
0000111001111010
0000111001111100
0000111010010010
0000111010010011
0000111010010100
0000111010010110
0000111010010111
0000111010011000
0000111010011001
0000111010011010
0000111010011011
0000111010011100
0000111010011101
0000111010011110
0000111010011111
0000111010100011
0000111010100101
0000111010100110
0000111010100111
0000111010101001
0000111010101011
0000111010101100
0000111010101101
0000111010101110
0000111010101111
0000111010110000
0000111010110010
0000111010110100
0000111010110101
0000111010110110
0000111010110111
0000111010111000
0000111010111001
0000111010111010
0000111010111011
0000111010111100
0000111010111101
0000111010111110
0000111011000011
0000111011000100
0000111011000101
0000111011000110
0000111011000111
0000111011001000
0000111011001001
0000111011001010
0000111011001011
0000111011001100
0000111011001101
0000111011001110
0000111011001111
0000111011100011
0000111011100100
0000111011100101
0000111011100110
0000111011100111
0000111011101000
0000111011101001
0000111011101010
0000111011101011
0000111011101100
0000111011101101
0000111011101110
0000111011110100
0000111011110101
0000111011110110
0000111011111000
0000111011111001
0000111011111010
0000111011111100
0000111101000010
0000111101000011
0000111101000100
0000111101000101
0000111101000110
0000111101000111
0000111101001000
0000111101001001
0000111101001010
0000111101001100
0000111101001101
0000111101001110
0000111101100000
0000111101100010
0000111101100011
0000111101100100
0000111101100101
0000111101100110
0000111101100111
0000111101101000
0000111101101010
0000111101101011
0000111101101100
0000111101101101
0000111101110000
0000111101110010
0000111101110011
0000111101110100
0000111101110101
0000111101110110
0000111101111001
0000111101111010
0000111101111100
0000111110010010
0000111110010011
0000111110010100
0000111110010101
0000111110010111
0000111110011000
0000111110011001
0000111110011010
0000111110011011
0000111110011100
0000111110011101
0000111110011110
0000111111000010
0000111111000100
0000111111000101
0000111111000110
0000111111001000
0000111111001001
0000111111001010
0000111111001011
0000111111001100
0000111111001101
0000111111001110
0000111111010011
0000111111010100
0000111111010110
0000111111010111
0000111111011000
0000111111011001
0000111111011010
0000111111011011
0000111111011100
0000111111011101
0000111111011110
0010001011000011
0010001011000100
0010001011000101
0010001011000110
0010001011000111
0010001011001001
0010001011001011
0010001011001100
0010001011001101
0010001011001110
0010001011001111
0010001011100011
0010001011100100
0010001011100101
0010001011100110
0010001011100111
0010001011101001
0010001011101011
0010001011101100
0010001011101101
0010001011101110
0010001011110000
0010001011110010
0010001011110011
0010001011110100
0010001011110101
0010001011110110
0010001011111000
0010001011111001
0010001011111010
0010001011111100
0010001101000100
0010001101000101
0010001101000110
0010001101000111
0010001101001000
0010001101001001
0010001101001010
0010001101001011
0010001101001100
0010001101001101
0010001101001110
0010001101001111
0010001101100000
0010001101100010
0010001101100011
0010001101100100
0010001101100101
0010001101100110
0010001101100111
0010001101101000
0010001101101001
0010001101101010
0010001101101011
0010001101101100
0010001101101101
0010001101110000
0010001101110010
0010001101110011
0010001101110100
0010001101110101
0010001101110110
0010001101111000
0010001101111001
0010001101111010
0010001101111100
0010001111000010
0010001111000011
0010001111000100
0010001111000101
0010001111000110
0010001111000111
0010001111001000
0010001111001001
0010001111001010
0010001111001011
0010001111001100
0010001111001101
0010001111001110
0010001111001111
0010001111010000
0010001111010010
0010001111010011
0010001111010100
0010001111010110
0010001111010111
0010001111011000
0010001111011001
0010001111011010
0010001111011011
0010001111011100
0010001111011101
0010001111011110
0010010010010110
0010010010010111
0010010010011100
0010010010011101
0010010010011110
0010010010011111
0010010011000110
0010010011000111
0010010011001100
0010010011001101
0010010011001110
0010010011001111
0010010011010110
0010010011010111
0010010011011100
0010010011011101
0010010011011110
0010010101000110
0010010101000111
0010010101001100
0010010101001110
0010010101100100
0010010101100110
0010010101100111
0010010101101100
0010010101101110
0010010101110100
0010010101110110
0010010101111100
0010010110010010
0010010110010011
0010010110010100
0010010110010110
0010010110010111
0010010110011000
0010010110011001
0010010110011010
0010010110011011
0010010110011100
0010010110011101
0010010110011110
0010010110011111
0010010111000010
0010010111000011
0010010111000100
0010010111000101
0010010111000110
0010010111000111
0010010111001000
0010010111001001
0010010111001010
0010010111001011
0010010111001100
0010010111001101
0010010111001110
0010010111001111
0010010111010010
0010010111010011
0010010111010100
0010010111010110
0010010111010111
0010010111011000
0010010111011001
0010010111011010
0010010111011011
0010010111011100
0010010111011101
0010010111011110
0010011010010010
0010011010010011
0010011010010100
0010011010010110
0010011010010111
0010011010011000
0010011010011001
0010011010011010
0010011010011011
0010011010011100
0010011010011101
0010011010011110
0010011010011111
0010011010100011
0010011010100100
0010011010100110
0010011010100111
0010011010101100
0010011010101110
0010011010101111
0010011010110000
0010011010110010
0010011010110011
0010011010110100
0010011010110110
0010011010110111
0010011010111000
0010011010111001
0010011010111010
0010011010111011
0010011010111100
0010011010111101
0010011010111110
0010011011000010
0010011011000011
0010011011000100
0010011011000101
0010011011000110
0010011011000111
0010011011001000
0010011011001001
0010011011001010
0010011011001011
0010011011001100
0010011011001101
0010011011001110
0010011011001111
0010011011100000
0010011011100010
0010011011100011
0010011011100100
0010011011100101
0010011011100110
0010011011100111
0010011011101000
0010011011101001
0010011011101010
0010011011101011
0010011011101100
0010011011101101
0010011011101110
0010011011110000
0010011011110010
0010011011110011
0010011011110100
0010011011110101
0010011011110110
0010011011111000
0010011011111001
0010011011111010
0010011011111100
0010011101000010
0010011101000011
0010011101000100
0010011101000110
0010011101000111
0010011101001000
0010011101001001
0010011101001010
0010011101001011
0010011101001100
0010011101001101
0010011101001110
0010011101001111
0010011101100100
0010011101100101
0010011101100110
0010011101100111
0010011101101000
0010011101101001
0010011101101010
0010011101101011
0010011101101100
0010011101101101
0010011101110000
0010011101110100
0010011101110101
0010011101110110
0010011101111000
0010011101111001
0010011101111010
0010011101111100
0010011110010010
0010011110010011
0010011110010100
0010011110010110
0010011110010111
0010011110011000
0010011110011001
0010011110011010
0010011110011011
0010011110011100
0010011110011101
0010011110011110
0010011110011111
0010011111000010
0010011111000011
0010011111000100
0010011111000101
0010011111000110
0010011111000111
0010011111001000
0010011111001001
0010011111001010
0010011111001011
0010011111001100
0010011111001101
0010011111001110
0010011111001111
0010011111010000
0010011111010010
0010011111010011
0010011111010100
0010011111010110
0010011111010111
0010011111011000
0010011111011001
0010011111011010
0010011111011011
0010011111011100
0010011111011101
0010011111011110
0010100011000110
0010100011000111
0010100011001011
0010100011001100
0010100011001101
0010100011001110
0010100011001111
0010100011010110
0010100011010111
0010100011011010
0010100011011011
0010100011011100
0010100011011101
0010100011011110
0010100101000011
0010100101000110
0010100101001100
0010100101001110
0010100101100000
0010100101100010
0010100101100011
0010100101100100
0010100101100110
0010100101100111
0010100101101000
0010100101101100
0010100101101110
0010100101110000
0010100101110010
0010100101110011
0010100101110110
0010100101111000
0010100101111001
0010100101111010
0010100101111100
0010100111000010
0010100111000011
0010100111000100
0010100111000101
0010100111000110
0010100111000111
0010100111001000
0010100111001001
0010100111001010
0010100111001011
0010100111001100
0010100111001101
0010100111001110
0010100111001111
0010100111010010
0010100111010011
0010100111010100
0010100111010110
0010100111010111
0010100111011000
0010100111011001
0010100111011010
0010100111011011
0010100111011100
0010100111011101
0010100111011110
0010101001100011
0010101001100100
0010101001100111
0010101001101100
0010101001101110
0010101001110000
0010101001110010
0010101001110011
0010101001110100
0010101001110110
0010101001111000
0010101001111100
0010101011000110
0010101011001100
0010101011001110
0010101011100011
0010101011100110
0010101011100111
0010101011101100
0010101011101110
0010101011110000
0010101011110010
0010101011110011
0010101011110100
0010101011110110
0010101011111000
0010101011111010
0010101011111100
0010101101000010
0010101101000011
0010101101000100
0010101101000110
0010101101000111
0010101101001000
0010101101001100
0010101101001110
0010101101001111
0010101101100010
0010101101100011
0010101101100100
0010101101100110
0010101101101000
0010101101101100
0010101101110000
0010101101110010
0010101101110011
0010101101110100
0010101101111000
0010101101111001
0010101101111010
0010101101111100
0010101111000011
0010101111000100
0010101111000101
0010101111000110
0010101111000111
0010101111001000
0010101111001001
0010101111001010
0010101111001011
0010101111001100
0010101111001101
0010101111001110
0010101111001111
0010101111010010
0010101111010011
0010101111010100
0010101111010110
0010101111010111
0010101111011000
0010101111011001
0010101111011010
0010101111011011
0010101111011100
0010101111011101
0010101111011110
0010110001000110
0010110001000111
0010110001001100
0010110001001101
0010110001001110
0010110001001111
0010110001100100
0010110001100101
0010110001100110
0010110001100111
0010110001101100
0010110001101101
0010110001101110
0010110001110100
0010110001110101
0010110001110110
0010110001111100
0010110010010110
0010110010010111
0010110010011010
0010110010011011
0010110010011100
0010110010011101
0010110010011110
0010110010011111
0010110011000110
0010110011000111
0010110011001010
0010110011001011
0010110011001100
0010110011001101
0010110011001110
0010110011001111
0010110011010110
0010110011010111
0010110011011010
0010110011011011
0010110011011100
0010110011011101
0010110011011110
0010110101000010
0010110101000011
0010110101000100
0010110101000110
0010110101000111
0010110101001000
0010110101001100
0010110101001110
0010110101001111
0010110101100010
0010110101100011
0010110101100100
0010110101100110
0010110101100111
0010110101101000
0010110101101100
0010110101101110
0010110101110000
0010110101110010
0010110101110011
0010110101110100
0010110101110110
0010110101111001
0010110101111010
0010110101111100
0010110110010010
0010110110010011
0010110110010100
0010110110010111
0010110110011000
0010110110011001
0010110110011010
0010110110011011
0010110110011100
0010110110011101
0010110110011110
0010110110011111
0010110111000100
0010110111000101
0010110111000110
0010110111000111
0010110111001000
0010110111001001
0010110111001010
0010110111001011
0010110111001100
0010110111001101
0010110111001110
0010110111001111
0010110111010100
0010110111010110
0010110111010111
0010110111011000
0010110111011001
0010110111011010
0010110111011011
0010110111011100
0010110111011101
0010110111011110
0010111000001001
0010111000001011
0010111000001100
0010111000100011
0010111000100100
0010111000100101
0010111000100110
0010111000100111
0010111000101001
0010111000101011
0010111000101100
0010111000101101
0010111000101111
0010111000110000
0010111000110010
0010111000110011
0010111000110100
0010111000110101
0010111000110110
0010111000110111
0010111000111000
0010111000111001
0010111000111010
0010111000111011
0010111000111100
0010111000111110
0010111001100000
0010111001100010
0010111001100011
0010111001100100
0010111001100101
0010111001100110
0010111001100111
0010111001101001
0010111001101011
0010111001101100
0010111001101101
0010111001101110
0010111001110000
0010111001110010
0010111001110011
0010111001110100
0010111001110101
0010111001110110
0010111001111000
0010111001111010
0010111001111100
0010111010010010
0010111010010011
0010111010010100
0010111010010110
0010111010011000
0010111010011001
0010111010011010
0010111010011011
0010111010011100
0010111010011110
0010111010011111
0010111010100011
0010111010100100
0010111010100111
0010111010101100
0010111010101110
0010111010101111
0010111010110000
0010111010110010
0010111010110011
0010111010110100
0010111010110110
0010111010110111
0010111010111000
0010111010111001
0010111010111010
0010111010111011
0010111010111100
0010111010111101
0010111010111110
0010111011000010
0010111011000011
0010111011000101
0010111011000110
0010111011000111
0010111011001000
0010111011001001
0010111011001010
0010111011001011
0010111011001100
0010111011001101
0010111011001110
0010111011001111
0010111011100100
0010111011100101
0010111011100110
0010111011100111
0010111011101000
0010111011101001
0010111011101010
0010111011101011
0010111011101100
0010111011101101
0010111011101110
0010111011110011
0010111011110100
0010111011110101
0010111011110110
0010111011111000
0010111011111001
0010111011111010
0010111011111100
0010111101000010
0010111101000011
0010111101000100
0010111101000101
0010111101000110
0010111101000111
0010111101001000
0010111101001001
0010111101001010
0010111101001011
0010111101001100
0010111101001110
0010111101001111
0010111101100000
0010111101100010
0010111101100011
0010111101100100
0010111101100101
0010111101100110
0010111101100111
0010111101101000
0010111101101001
0010111101101010
0010111101101100
0010111101101101
0010111101110000
0010111101110010
0010111101110011
0010111101110100
0010111101110101
0010111101110110
0010111101111000
0010111101111001
0010111101111100
0010111110010010
0010111110010011
0010111110010100
0010111110010101
0010111110010110
0010111110010111
0010111110011001
0010111110011010
0010111110011011
0010111110011100
0010111110011101
0010111110011110
0010111110011111
0010111111000010
0010111111000011
0010111111000100
0010111111000110
0010111111000111
0010111111001000
0010111111001001
0010111111001010
0010111111001011
0010111111001100
0010111111001101
0010111111001110
0010111111001111
0010111111010010
0010111111010011
0010111111010110
0010111111010111
0010111111011000
0010111111011001
0010111111011010
0010111111011011
0010111111011100
0010111111011101
0010111111011110
0011000011000110
0011000011000111
0011000011001010
0011000011001011
0011000011001100
0011000011001101
0011000011001110
0011000011001111
0011000011010110
0011000011010111
0011000011011010
0011000011011011
0011000011011100
0011000011011101
0011000011011110
0011001011000010
0011001011000011
0011001011000100
0011001011000101
0011001011000110
0011001011000111
0011001011001000
0011001011001001
0011001011001010
0011001011001011
0011001011001100
0011001011001101
0011001011001110
0011001011001111
0011001011100000
0011001011100010
0011001011100011
0011001011100100
0011001011100101
0011001011100110
0011001011100111
0011001011101000
0011001011101001
0011001011101010
0011001011101011
0011001011101100
0011001011101101
0011001011101110
0011001011110000
0011001011110011
0011001011110100
0011001011110101
0011001011110110
0011001011111000
0011001011111001
0011001011111010
0011001011111100
0011001101000101
0011001101000110
0011001101000111
0011001101001000
0011001101001001
0011001101001010
0011001101001011
0011001101001100
0011001101001101
0011001101001110
0011001101001111
0011001101100010
0011001101100011
0011001101100100
0011001101100101
0011001101100110
0011001101100111
0011001101101000
0011001101101001
0011001101101010
0011001101101011
0011001101101100
0011001101101101
0011001101110000
0011001101110010
0011001101110011
0011001101110100
0011001101110101
0011001101110110
0011001101111000
0011001101111001
0011001101111010
0011001101111100
0011001111000010
0011001111000011
0011001111000100
0011001111000101
0011001111000110
0011001111000111
0011001111001000
0011001111001001
0011001111001010
0011001111001011
0011001111001100
0011001111001101
0011001111001110
0011001111001111
0011001111010000
0011001111010010
0011001111010011
0011001111010100
0011001111010110
0011001111010111
0011001111011000
0011001111011001
0011001111011010
0011001111011011
0011001111011100
0011001111011101
0011001111011110
0011010010010110
0011010010010111
0011010010011010
0011010010011011
0011010010011100
0011010010011101
0011010010011110
0011010010011111
0011010011000110
0011010011000111
0011010011001010
0011010011001011
0011010011001100
0011010011001101
0011010011001110
0011010011001111
0011010011010110
0011010011010111
0011010011011011
0011010011011100
0011010011011101
0011010011011110
0011010101000010
0011010101000110
0011010101000111
0011010101001000
0011010101001100
0011010101001110
0011010101100100
0011010101100110
0011010101100111
0011010101101000
0011010101101100
0011010101101110
0011010101110000
0011010101110010
0011010101110011
0011010101110100
0011010101110110
0011010101111000
0011010101111001
0011010101111010
0011010101111100
0011010110010010
0011010110010011
0011010110010100
0011010110010110
0011010110010111
0011010110011000
0011010110011001
0011010110011010
0011010110011011
0011010110011100
0011010110011101
0011010110011110
0011010110011111
0011010111000010
0011010111000011
0011010111000100
0011010111000101
0011010111000110
0011010111000111
0011010111001000
0011010111001001
0011010111001010
0011010111001011
0011010111001100
0011010111001101
0011010111001110
0011010111001111
0011010111010010
0011010111010011
0011010111010100
0011010111010110
0011010111010111
0011010111011000
0011010111011001
0011010111011010
0011010111011011
0011010111011100
0011010111011101
0011010111011110
0011011010010010
0011011010010011
0011011010010100
0011011010010110
0011011010010111
0011011010011000
0011011010011001
0011011010011010
0011011010011011
0011011010011100
0011011010011101
0011011010011110
0011011010011111
0011011010100010
0011011010100011
0011011010100100
0011011010100110
0011011010100111
0011011010101000
0011011010101100
0011011010101110
0011011010101111
0011011010110000
0011011010110010
0011011010110011
0011011010110100
0011011010110110
0011011010110111
0011011010111000
0011011010111001
0011011010111010
0011011010111011
0011011010111100
0011011010111101
0011011010111110
0011011011000010
0011011011000011
0011011011000100
0011011011000101
0011011011000110
0011011011000111
0011011011001000
0011011011001001
0011011011001010
0011011011001011
0011011011001100
0011011011001101
0011011011001110
0011011011001111
0011011011100000
0011011011100010
0011011011100011
0011011011100100
0011011011100101
0011011011100110
0011011011100111
0011011011101000
0011011011101001
0011011011101010
0011011011101011
0011011011101100
0011011011101101
0011011011101110
0011011011110000
0011011011110010
0011011011110011
0011011011110100
0011011011110101
0011011011110110
0011011011111000
0011011011111001
0011011011111010
0011011011111100
0011011101000010
0011011101000011
0011011101000100
0011011101000101
0011011101000111
0011011101001000
0011011101001001
0011011101001010
0011011101001011
0011011101001100
0011011101001101
0011011101001110
0011011101001111
0011011101100000
0011011101100010
0011011101100101
0011011101100110
0011011101100111
0011011101101000
0011011101101001
0011011101101010
0011011101101011
0011011101101100
0011011101101101
0011011101110000
0011011101110101
0011011101110110
0011011101111000
0011011101111001
0011011101111010
0011011101111100
0011011110010010
0011011110010011
0011011110010100
0011011110010101
0011011110010110
0011011110010111
0011011110011000
0011011110011001
0011011110011010
0011011110011011
0011011110011100
0011011110011101
0011011110011110
0011011110011111
0011011111000010
0011011111000011
0011011111000100
0011011111000101
0011011111000110
0011011111000111
0011011111001001
0011011111001010
0011011111001011
0011011111001100
0011011111001101
0011011111001110
0011011111001111
0011011111010000
0011011111010010
0011011111010011
0011011111010100
0011011111010110
0011011111010111
0011011111011000
0011011111011001
0011011111011010
0011011111011011
0011011111011100
0011011111011101
0011011111011110
0011100001000110
0011100001001010
0011100001001011
0011100001001100
0011100001001101
0011100001001110
0011100001001111
0011100001100010
0011100001100011
0011100001100100
0011100001100110
0011100001100111
0011100001101000
0011100001101001
0011100001101010
0011100001101011
0011100001101100
0011100001101101
0011100001101110
0011100001110010
0011100001110101
0011100001110110
0011100001111000
0011100001111001
0011100001111010
0011100001111100
0011100011000110
0011100011000111
0011100011001010
0011100011001011
0011100011001100
0011100011001101
0011100011001110
0011100011001111
0011100011010110
0011100011010111
0011100011011010
0011100011011011
0011100011011100
0011100011011101
0011100011011110
0011100101000010
0011100101000011
0011100101000100
0011100101000101
0011100101000110
0011100101000111
0011100101001001
0011100101001010
0011100101001011
0011100101001100
0011100101001101
0011100101001110
0011100101001111
0011100101100000
0011100101100010
0011100101100011
0011100101100100
0011100101100101
0011100101100111
0011100101101000
0011100101101001
0011100101101010
0011100101101011
0011100101101100
0011100101101101
0011100101101110
0011100101110000
0011100101110010
0011100101110011
0011100101110100
0011100101110110
0011100101111000
0011100101111001
0011100101111010
0011100101111100
0011100111000010
0011100111000011
0011100111000100
0011100111000101
0011100111000110
0011100111000111
0011100111001000
0011100111001001
0011100111001010
0011100111001011
0011100111001100
0011100111001101
0011100111001110
0011100111001111
0011100111010010
0011100111010011
0011100111010100
0011100111010110
0011100111010111
0011100111011000
0011100111011001
0011100111011010
0011100111011011
0011100111011100
0011100111011101
0011100111011110
0011101001100000
0011101001100010
0011101001100011
0011101001100100
0011101001100101
0011101001100110
0011101001101000
0011101001101001
0011101001101010
0011101001101011
0011101001101100
0011101001101101
0011101001101110
0011101001110000
0011101001110010
0011101001110011
0011101001110100
0011101001111000
0011101001111001
0011101001111010
0011101001111100
0011101011000010
0011101011000011
0011101011000100
0011101011000101
0011101011000110
0011101011000111
0011101011001000
0011101011001001
0011101011001010
0011101011001011
0011101011001100
0011101011001101
0011101011001110
0011101011001111
0011101011100000
0011101011100010
0011101011100011
0011101011100100
0011101011100101
0011101011100110
0011101011100111
0011101011101000
0011101011101001
0011101011101010
0011101011101011
0011101011101100
0011101011101101
0011101011101110
0011101011110000
0011101011110010
0011101011110011
0011101011110100
0011101011110101
0011101011110110
0011101011111000
0011101011111001
0011101011111010
0011101011111100
0011101101000010
0011101101000011
0011101101000100
0011101101000101
0011101101000110
0011101101000111
0011101101001000
0011101101001001
0011101101001011
0011101101001100
0011101101001101
0011101101001110
0011101101001111
0011101101100000
0011101101100010
0011101101100011
0011101101100100
0011101101100101
0011101101100110
0011101101100111
0011101101101001
0011101101101010
0011101101101011
0011101101101100
0011101101101101
0011101101110000
0011101101110010
0011101101110011
0011101101110100
0011101101110101
0011101101110110
0011101101111000
0011101101111001
0011101101111010
0011101101111100
0011101111001000
0011101111001001
0011101111001010
0011101111001011
0011101111010000
0011101111010010
0011101111010011
0011101111011000
0011101111011001
0011101111011010
0011101111011011
0011110001000110
0011110001000111
0011110001001010
0011110001001100
0011110001001101
0011110001001110
0011110001001111
0011110001100010
0011110001100011
0011110001100100
0011110001100101
0011110001100110
0011110001100111
0011110001101000
0011110001101010
0011110001101011
0011110001101100
0011110001101101
0011110001101110
0011110001110010
0011110001110011
0011110001110100
0011110001110101
0011110001110110
0011110001111001
0011110001111010
0011110001111100
0011110010010111
0011110010011010
0011110010011011
0011110010011100
0011110010011101
0011110010011110
0011110010011111
0011110011000110
0011110011000111
0011110011001010
0011110011001011
0011110011001100
0011110011001101
0011110011001110
0011110011001111
0011110011010110
0011110011010111
0011110011011010
0011110011011011
0011110011011100
0011110011011101
0011110011011110
0011110101000010
0011110101000011
0011110101000100
0011110101000110
0011110101000111
0011110101001000
0011110101001011
0011110101001110
0011110101100000
0011110101100010
0011110101100011
0011110101100100
0011110101100101
0011110101100110
0011110101100111
0011110101101000
0011110101101001
0011110101101011
0011110101101100
0011110101101101
0011110101101110
0011110101110000
0011110101110010
0011110101110011
0011110101110100
0011110101110101
0011110101110110
0011110101111000
0011110101111010
0011110101111100
0011110110010010
0011110110010011
0011110110010100
0011110110010101
0011110110010110
0011110110011000
0011110110011001
0011110110011010
0011110110011011
0011110110011100
0011110110011101
0011110110011110
0011110110011111
0011110111000010
0011110111000101
0011110111000110
0011110111000111
0011110111001000
0011110111001001
0011110111001010
0011110111001011
0011110111001100
0011110111001101
0011110111001110
0011110111001111
0011110111010110
0011110111010111
0011110111011000
0011110111011001
0011110111011010
0011110111011011
0011110111011100
0011110111011101
0011110111011110
0011111000001001
0011111000001010
0011111000001011
0011111000001100
0011111000001101
0011111000100010
0011111000100011
0011111000100100
0011111000100101
0011111000100110
0011111000100111
0011111000101000
0011111000101001
0011111000101010
0011111000101011
0011111000101100
0011111000101101
0011111000101110
0011111000110000
0011111000110010
0011111000110011
0011111000110100
0011111000110101
0011111000110110
0011111000110111
0011111000111000
0011111000111001
0011111000111010
0011111000111011
0011111000111100
0011111000111101
0011111001100000
0011111001100010
0011111001100011
0011111001100100
0011111001100101
0011111001100110
0011111001100111
0011111001101000
0011111001101001
0011111001101010
0011111001101100
0011111001101101
0011111001101110
0011111001110000
0011111001110010
0011111001110011
0011111001110100
0011111001110110
0011111001111000
0011111001111001
0011111001111100
0011111010010010
0011111010010011
0011111010010110
0011111010010111
0011111010011001
0011111010011010
0011111010011011
0011111010011100
0011111010011110
0011111010100010
0011111010100011
0011111010100100
0011111010100110
0011111010101000
0011111010101011
0011111010101100
0011111010101101
0011111010101110
0011111010101111
0011111010110000
0011111010110010
0011111010110011
0011111010110100
0011111010110101
0011111010110111
0011111010111000
0011111010111001
0011111010111010
0011111010111011
0011111010111100
0011111010111101
0011111010111110
0011111011000010
0011111011000011
0011111011000100
0011111011000110
0011111011000111
0011111011001000
0011111011001001
0011111011001010
0011111011001011
0011111011001100
0011111011001101
0011111011001110
0011111011001111
0011111011100000
0011111011100101
0011111011100110
0011111011100111
0011111011101000
0011111011101001
0011111011101010
0011111011101011
0011111011101100
0011111011101101
0011111011101110
0011111011110100
0011111011110110
0011111011111000
0011111011111001
0011111011111010
0011111011111100
0011111101000010
0011111101000011
0011111101000100
0011111101000110
0011111101000111
0011111101001011
0011111101001100
0011111101100000
0011111101100010
0011111101100011
0011111101100101
0011111101100110
0011111101100111
0011111101101000
0011111101101001
0011111101101010
0011111101101011
0011111101101101
0011111101110000
0011111101110010
0011111101110011
0011111101110110
0011111101111000
0011111101111001
0011111101111010
0011111101111100
0100001100001001
0100001100001010
0100001100001011
0100001100001100
0100001100001101
0100001100001110
0100001100001111
0100001100100010
0100001100100110
0100001100100111
0100001100101000
0100001100101001
0100001100101010
0100001100101011
0100001100101100
0100001100101101
0100001100110000
0100001100110110
0100001100110111
0100001100111000
0100001100111001
0100001100111010
0100001100111011
0100001100111100
0100001100111101
0100001110100010
0100001110100011
0100001110100100
0100001110100101
0100001110100110
0100001110100111
0100001110101000
0100001110101001
0100001110101010
0100001110101011
0100001110101100
0100001110101101
0100001110110000
0100001110110010
0100001110110011
0100001110110100
0100001110110101
0100001110110110
0100001110110111
0100001110111000
0100001110111001
0100001110111010
0100001110111011
0100001110111100
0100001110111101
0100001111100000
0100001111100010
0100001111100011
0100001111100100
0100001111100101
0100001111100110
0100001111100111
0100001111101000
0100001111101001
0100001111101010
0100001111101011
0100001111101100
0100001111101101
0100001111110000
0100001111110010
0100001111110011
0100001111110100
0100001111110110
0100010010100110
0100010010100111
0100010010101100
0100010010101110
0100010010101111
0100010010110100
0100010010110110
0100010010110111
0100010010111100
0100010010111101
0100010010111110
0100010011100100
0100010011100101
0100010011100110
0100010011100111
0100010011101100
0100010011101101
0100010011101110
0100010011110100
0100010011110110
0100010011111100
0100010100001110
0100010100001111
0100010100100110
0100010100101100
0100010100101110
0100010100111110
0100010110100010
0100010110100011
0100010110100100
0100010110100110
0100010110100111
0100010110101000
0100010110101100
0100010110101110
0100010110101111
0100010110110000
0100010110110010
0100010110110011
0100010110110100
0100010110110110
0100010110110111
0100010110111000
0100010110111001
0100010110111010
0100010110111011
0100010110111100
0100010110111101
0100010110111110
0100010111100000
0100010111100010
0100010111100011
0100010111100100
0100010111100101
0100010111100110
0100010111100111
0100010111101000
0100010111101001
0100010111101010
0100010111101011
0100010111101100
0100010111101101
0100010111101110
0100010111110000
0100010111110010
0100010111110011
0100010111110100
0100010111110101
0100010111110110
0100010111111000
0100010111111001
0100010111111010
0100011100001001
0100011100001010
0100011100001100
0100011100001101
0100011100001110
0100011100001111
0100011100100010
0100011100100011
0100011100100100
0100011100100101
0100011100100110
0100011100100111
0100011100101000
0100011100101010
0100011100101011
0100011100101100
0100011100101101
0100011100110000
0100011100110010
0100011100110011
0100011100110100
0100011100110101
0100011100110110
0100011100110111
0100011100111001
0100011100111010
0100011100111011
0100011100111100
0100011100111101
0100011110100010
0100011110100011
0100011110100100
0100011110100110
0100011110100111
0100011110101000
0100011110101011
0100011110101100
0100011110101101
0100011110110010
0100011110110011
0100011110110100
0100011110110101
0100011110110110
0100011110110111
0100011110111001
0100011110111010
0100011110111011
0100011110111100
0100011110111101
0100011111100000
0100011111100010
0100011111100011
0100011111100100
0100011111100110
0100011111100111
0100011111101000
0100011111101011
0100011111101100
0100011111101101
0100100010100011
0100100010100110
0100100010100111
0100100010101100
0100100010101110
0100100010101111
0100100010110010
0100100010110011
0100100010110100
0100100010110110
0100100010110111
0100100010111000
0100100010111001
0100100010111010
0100100010111011
0100100010111100
0100100010111101
0100100010111110
0100100011100010
0100100011100011
0100100011100100
0100100011100101
0100100011100110
0100100011100111
0100100011101000
0100100011101001
0100100011101010
0100100011101011
0100100011101100
0100100011101101
0100100011101110
0100100011110010
0100100011110011
0100100011110100
0100100011110110
0100100011111000
0100100011111001
0100100011111010
0100100011111100
0100100100001011
0100100100001100
0100100100001110
0100100100001111
0100100100100011
0100100100100110
0100100100100111
0100100100101100
0100100100101110
0100100100101111
0100100100110000
0100100100110010
0100100100110011
0100100100110100
0100100100110110
0100100100110111
0100100100111000
0100100100111001
0100100100111011
0100100100111100
0100100100111110
0100100110100010
0100100110100110
0100100110100111
0100100110101000
0100100110101100
0100100110101110
0100100110101111
0100100110110000
0100100110110011
0100100110110100
0100100110110110
0100100110110111
0100100110111000
0100100110111001
0100100110111010
0100100110111011
0100100110111100
0100100110111101
0100100110111110
0100100111100000
0100100111100010
0100100111100011
0100100111100100
0100100111100110
0100100111100111
0100100111101000
0100100111101011
0100100111101100
0100100111101101
0100100111101110
0100100111110000
0100100111110010
0100100111110011
0100100111110100
0100100111110110
0100100111111000
0100101100001001
0100101100001010
0100101100001011
0100101100001100
0100101100001101
0100101100001110
0100101100100010
0100101100100011
0100101100100100
0100101100100110
0100101100100111
0100101100101000
0100101100101100
0100101100110000
0100101100110010
0100101100110011
0100101100110100
0100101100110110
0100101100110111
0100101100111000
0100101100111001
0100101100111010
0100101100111011
0100101100111101
0100101110100010
0100101110100011
0100101110100110
0100101110100111
0100101110101000
0100101110101100
0100101110110000
0100101110110010
0100101110110110
0100101110110111
0100101110111000
0100101110111001
0100101110111010
0100101110111011
0100101110111100
0100101110111101
0100101111100000
0100101111100010
0100101111100011
0100101111100100
0100101111100101
0100101111100110
0100101111100111
0100101111101000
0100101111101001
0100101111101010
0100101111101011
0100101111101100
0100101111101101
0100101111110010
0100101111110011
0100101111110100
0100101111110110
0100110000001100
0100110000001101
0100110000001110
0100110000001111
0100110000100100
0100110000100101
0100110000100110
0100110000100111
0100110000101100
0100110000101101
0100110000101111
0100110000110100
0100110000110101
0100110000110110
0100110000110111
0100110000111100
0100110000111110
0100110010100010
0100110010100011
0100110010100100
0100110010100111
0100110010101000
0100110010111100
0100110010111101
0100110010111110
0100110011100011
0100110011100100
0100110011100101
0100110011100110
0100110011100111
0100110011101000
0100110011101001
0100110011101010
0100110011101011
0100110011101100
0100110011101101
0100110011101110
0100110011110010
0100110011110011
0100110011110100
0100110011110110
0100110011111000
0100110011111001
0100110011111010
0100110011111100
0100110100001001
0100110100001010
0100110100001011
0100110100001100
0100110100001101
0100110100001110
0100110100001111
0100110100100010
0100110100100011
0100110100100100
0100110100100110
0100110100100111
0100110100101000
0100110100101100
0100110100101110
0100110100110000
0100110100110010
0100110100110011
0100110100110100
0100110100110110
0100110100110111
0100110100111000
0100110100111001
0100110100111010
0100110100111011
0100110100111100
0100110110100010
0100110110100011
0100110110100100
0100110110100110
0100110110101000
0100110110101100
0100110110101110
0100110110101111
0100110110110000
0100110110110010
0100110110110011
0100110110110100
0100110110110111
0100110110111000
0100110110111001
0100110110111010
0100110110111011
0100110110111100
0100110110111101
0100110110111110
0100110111100000
0100110111100010
0100110111100101
0100110111100110
0100110111100111
0100110111101000
0100110111101001
0100110111101010
0100110111101011
0100110111101100
0100110111101101
0100110111101110
0100110111110000
0100110111110011
0100110111110100
0100110111110110
0100110111111000
0100110111111001
0100110111111010
0100111100001001
0100111100001010
0100111100001011
0100111100001100
0100111100100010
0100111100100011
0100111100100100
0100111100100110
0100111100100111
0100111100101000
0100111100101011
0100111100101100
0100111100101101
0100111100110000
0100111100110010
0100111100110011
0100111100110100
0100111100110110
0100111100110111
0100111100111000
0100111100111001
0100111100111010
0100111100111011
0100111100111100
0100111110100010
0100111110100011
0100111110100100
0100111110100110
0100111110101000
0100111110101011
0100111110101100
0100111110101101
0100111110110000
0100111110110010
0100111110110011
0100111110110100
0100111110110110
0100111110110111
0100111110111001
0100111110111010
0100111110111011
0100111110111100
0101000010100011
0101000010100110
0101000010100111
0101000010101100
0101000010101110
0101000010101111
0101000010110010
0101000010110011
0101000010110100
0101000010110110
0101000010110111
0101000010111000
0101000010111001
0101000010111010
0101000010111011
0101000010111100
0101000010111101
0101000010111110
0101000011100010
0101000011100011
0101000011100100
0101000011100101
0101000011100110
0101000011100111
0101000011101000
0101000011101001
0101000011101010
0101000011101011
0101000011101100
0101000011101101
0101000011101110
0101000011110010
0101000011110011
0101000011110100
0101000011110110
0101000011111000
0101000011111001
0101000011111010
0101000011111100
0101001100001001
0101001100001010
0101001100001011
0101001100001100
0101001100001101
0101001100001110
0101001100001111
0101001100100010
0101001100100011
0101001100100100
0101001100100111
0101001100101000
0101001100101100
0101001100110000
0101001100110010
0101001100110011
0101001100110111
0101001100111000
0101001100111001
0101001100111010
0101001100111011
0101001100111100
0101001110100010
0101001110100011
0101001110100100
0101001110100110
0101001110101000
0101001110110000
0101001110110010
0101001110110011
0101001110110100
0101001110110110
0101001110110111
0101001110111000
0101001110111001
0101001110111010
0101001110111011
0101001110111100
0101001111100000
0101001111100010
0101001111100011
0101001111100100
0101001111100110
0101001111101000
0101001111101011
0101001111101100
0101001111110000
0101001111110110
0101010010111000
0101010010111100
0101010010111110
0101010011100010
0101010011100011
0101010011100100
0101010011100110
0101010011101000
0101010011101100
0101010011101110
0101010011110110
0101010011111000
0101010100001110
0101010100111000
0101010110111100
0101010110111110
0101010111100010
0101010111100011
0101010111100100
0101010111100110
0101010111100111
0101010111101000
0101010111101100
0101010111101110
0101010111110000
0101010111110010
0101010111110011
0101010111110100
0101010111110110
0101010111111000
0101010111111001
0101010111111010
0101011100001001
0101011100001010
0101011100001011
0101011100001101
0101011100001110
0101011100001111
0101011100100010
0101011100100011
0101011100100100
0101011100100110
0101011100100111
0101011100101000
0101011100101100
0101011100110000
0101011100110010
0101011100110011
0101011100110100
0101011100110110
0101011100110111
0101011100111000
0101011100111010
0101011100111011
0101011100111100
0101011100111101
0101011110100011
0101011110100100
0101011110100110
0101011110100111
0101011110101100
0101011110110000
0101011110110010
0101011110110011
0101011110110100
0101011110110110
0101011110110111
0101011110111000
0101011110111001
0101011110111010
0101011110111011
0101011110111100
0101011110111101
0101011111100000
0101011111100010
0101011111100011
0101011111100100
0101011111100101
0101011111100110
0101011111100111
0101011111101000
0101011111101001
0101011111101010
0101011111101011
0101011111101100
0101011111101101
0101100000001010
0101100000001110
0101100000001111
0101100000100010
0101100000100011
0101100000100100
0101100000100101
0101100000100110
0101100000100111
0101100000101000
0101100000101001
0101100000101010
0101100000101101
0101100000101110
0101100000101111
0101100000110010
0101100000110011
0101100000110100
0101100000110101
0101100000110110
0101100000110111
0101100000111000
0101100000111001
0101100000111011
0101100000111100
0101100000111101
0101100000111110
0101100010100010
0101100010100100
0101100010100110
0101100010100111
0101100010101000
0101100010101110
0101100010101111
0101100010110011
0101100010110100
0101100010110110
0101100010110111
0101100010111000
0101100010111001
0101100010111010
0101100010111011
0101100010111100
0101100010111101
0101100010111110
0101100011100010
0101100011100011
0101100011100100
0101100011100101
0101100011100110
0101100011100111
0101100011101000
0101100011101001
0101100011101010
0101100011101011
0101100011101100
0101100011101101
0101100011101110
0101100011110010
0101100011110011
0101100011110100
0101100011110101
0101100011110110
0101100011111000
0101100011111001
0101100011111010
0101100011111100
0101100100001001
0101100100001010
0101100100001011
0101100100001100
0101100100001101
0101100100001111
0101100100100010
0101100100100011
0101100100100100
0101100100100110
0101100100100111
0101100100101000
0101100100101110
0101100100101111
0101100100110000
0101100100110010
0101100100110100
0101100100110110
0101100100110111
0101100100111000
0101100100111001
0101100100111010
0101100100111100
0101100100111101
0101100100111110
0101100110100010
0101100110100011
0101100110100110
0101100110100111
0101100110101000
0101100110101100
0101100110101110
0101100110101111
0101100110110000
0101100110110010
0101100110110100
0101100110110110
0101100110110111
0101100110111000
0101100110111001
0101100110111010
0101100110111011
0101100110111100
0101100110111101
0101100110111110
0101100111100010
0101100111100011
0101100111100100
0101100111100101
0101100111100110
0101100111100111
0101100111101000
0101100111101001
0101100111101010
0101100111101011
0101100111101100
0101100111101101
0101100111101110
0101100111110000
0101100111110010
0101100111110011
0101100111110100
0101100111110101
0101100111110110
0101100111111000
0101100111111001
0101100111111010
0101101100001001
0101101100001010
0101101100001011
0101101100001100
0101101100001101
0101101100001110
0101101100001111
0101101100100010
0101101100100011
0101101100100100
0101101100100110
0101101100100111
0101101100101000
0101101100101100
0101101100110000
0101101100110010
0101101100110011
0101101100110100
0101101100110110
0101101100110111
0101101100111000
0101101100111001
0101101100111010
0101101100111011
0101101100111100
0101101110100010
0101101110100011
0101101110101000
0101101110110000
0101101110110010
0101101110110011
0101101110111000
0101101110111001
0101101110111010
0101101110111011
0101101111100011
0101101111101000
0101101111101001
0101101111101010
0101101111101011
0101101111110000
0101101111110010
0101101111110011
0101110000001010
0101110000001011
0101110000001100
0101110000001101
0101110000001110
0101110000001111
0101110000100010
0101110000100011
0101110000100100
0101110000100101
0101110000100110
0101110000100111
0101110000101000
0101110000101001
0101110000101010
0101110000101011
0101110000101100
0101110000101101
0101110000101110
0101110000110010
0101110000110011
0101110000110100
0101110000110101
0101110000110110
0101110000110111
0101110000111000
0101110000111001
0101110000111010
0101110000111011
0101110000111100
0101110000111101
0101110010100010
0101110010100011
0101110010100100
0101110010100110
0101110010101000
0101110010101100
0101110010101110
0101110010101111
0101110010110010
0101110010110011
0101110010110100
0101110010110111
0101110010111000
0101110010111001
0101110010111010
0101110010111011
0101110010111100
0101110010111101
0101110010111110
0101110011100010
0101110011100100
0101110011100101
0101110011100110
0101110011100111
0101110011101000
0101110011101001
0101110011101010
0101110011101011
0101110011101100
0101110011101101
0101110011101110
0101110011110011
0101110011110100
0101110011110101
0101110011110110
0101110011111000
0101110011111001
0101110011111010
0101110011111100
0101110100001001
0101110100001010
0101110100001011
0101110100001100
0101110100001101
0101110100001110
0101110100001111
0101110100100010
0101110100100011
0101110100100100
0101110100100110
0101110100100111
0101110100101000
0101110100101100
0101110100101110
0101110100101111
0101110100110000
0101110100110010
0101110100110011
0101110100110100
0101110100110110
0101110100110111
0101110100111000
0101110100111001
0101110100111010
0101110100111011
0101110100111100
0101110100111101
0101110100111110
0101110110100010
0101110110100011
0101110110100100
0101110110100110
0101110110100111
0101110110101100
0101110110101110
0101110110101111
0101110110110000
0101110110110010
0101110110110011
0101110110110100
0101110110110110
0101110110111000
0101110110111001
0101110110111010
0101110110111011
0101110110111100
0101110110111101
0101110110111110
0101110111100000
0101110111100010
0101110111100011
0101110111100110
0101110111100111
0101110111101000
0101110111101001
0101110111101010
0101110111101011
0101110111101100
0101110111101101
0101110111101110
0101110111110000
0101110111110010
0101110111110100
0101110111110110
0101110111111000
0101110111111001
0101110111111010
0101111100001001
0101111100001010
0101111100001011
0101111100001100
0101111100001101
0101111100100010
0101111100100011
0101111100100100
0101111100100101
0101111100100110
0101111100100111
0101111100101001
0101111100101010
0101111100101011
0101111100101100
0101111100101101
0101111100110000
0101111100110010
0101111100110011
0101111100110100
0101111100110101
0101111100110110
0101111100110111
0101111100111000
0101111100111001
0101111100111010
0101111100111011
0101111100111100
0101111100111101
0110001010100011
0110001010100100
0110001010100110
0110001010100111
0110001010101110
0110001010101111
0110001010110010
0110001010110011
0110001010110100
0110001010110110
0110001010110111
0110001010111000
0110001010111001
0110001010111010
0110001010111011
0110001010111100
0110001010111101
0110001010111110
0110001011100000
0110001011100010
0110001011100011
0110001011100100
0110001011100101
0110001011100110
0110001011100111
0110001011101000
0110001011101001
0110001011101010
0110001011101011
0110001011101100
0110001011101101
0110001011101110
0110001011110000
0110001011110010
0110001011110011
0110001011110100
0110001011110101
0110001011110110
0110001011111000
0110001011111001
0110001011111010
0110001011111100
0110001100001010
0110001100001011
0110001100001100
0110001100001101
0110001100001110
0110001100001111
0110001100100010
0110001100100011
0110001100100100
0110001100100101
0110001100101000
0110001100101001
0110001100101010
0110001100101011
0110001100101100
0110001100101101
0110001100110000
0110001100110010
0110001100110011
0110001100110100
0110001100111000
0110001100111001
0110001100111010
0110001100111011
0110001100111100
0110001100111101
0110001101100000
0110001101100010
0110001101100100
0110001101100101
0110001101100110
0110001101100111
0110001101101000
0110001101101001
0110001101101010
0110001101101011
0110001101101100
0110001101101101
0110001101110000
0110001101110011
0110001101110100
0110001101110101
0110001101110110
0110001101111000
0110001101111001
0110001101111010
0110001101111100
0110001110100010
0110001110100011
0110001110100100
0110001110100101
0110001110100110
0110001110100111
0110001110101000
0110001110101001
0110001110101010
0110001110101011
0110001110101100
0110001110101101
0110001110110000
0110001110110010
0110001110110011
0110001110110100
0110001110110101
0110001110110110
0110001110110111
0110001110111000
0110001110111001
0110001110111010
0110001110111011
0110001110111100
0110001110111101
0110001111000010
0110001111000011
0110001111000100
0110001111000101
0110001111000110
0110001111000111
0110001111001000
0110001111001001
0110001111001010
0110001111001011
0110001111001100
0110001111001101
0110001111001110
0110001111001111
0110001111100000
0110001111100010
0110001111100011
0110001111100100
0110001111100101
0110001111100110
0110001111100111
0110001111101000
0110001111101001
0110001111101010
0110001111101011
0110001111101100
0110001111101101
0110001111110000
0110001111110010
0110001111110011
0110001111110100
0110001111110101
0110001111110110
0110010010010110
0110010010010111
0110010010011100
0110010010011101
0110010010011110
0110010010011111
0110010010100100
0110010010100110
0110010010100111
0110010010101100
0110010010101110
0110010010101111
0110010010110100
0110010010110110
0110010010110111
0110010010111100
0110010010111101
0110010010111110
0110010011000110
0110010011000111
0110010011001100
0110010011001101
0110010011001110
0110010011001111
0110010011100100
0110010011100101
0110010011100110
0110010011100111
0110010011101100
0110010011101101
0110010011101110
0110010011110100
0110010011110101
0110010011110110
0110010011111100
0110010100001100
0110010100001101
0110010100001110
0110010100001111
0110010100100100
0110010100100110
0110010100100111
0110010100101100
0110010100101110
0110010100101111
0110010100110100
0110010100110110
0110010100110111
0110010100111100
0110010100111101
0110010100111110
0110010101100100
0110010101101100
0110010101101110
0110010101111100
0110010110010011
0110010110010100
0110010110010110
0110010110010111
0110010110011000
0110010110011001
0110010110011010
0110010110011011
0110010110011100
0110010110011101
0110010110011110
0110010110011111
0110010110100010
0110010110100011
0110010110100100
0110010110100110
0110010110100111
0110010110101000
0110010110101100
0110010110101110
0110010110101111
0110010110110010
0110010110110011
0110010110110100
0110010110110110
0110010110110111
0110010110111001
0110010110111010
0110010110111011
0110010110111100
0110010110111101
0110010110111110
0110010111000010
0110010111000011
0110010111000100
0110010111000101
0110010111000110
0110010111000111
0110010111001000
0110010111001001
0110010111001010
0110010111001011
0110010111001100
0110010111001101
0110010111001110
0110010111001111
0110010111100000
0110010111100010
0110010111100011
0110010111100100
0110010111100101
0110010111100110
0110010111100111
0110010111101000
0110010111101001
0110010111101010
0110010111101011
0110010111101100
0110010111101101
0110010111101110
0110010111110000
0110010111110010
0110010111110011
0110010111110100
0110010111110101
0110010111110110
0110010111111000
0110010111111001
0110010111111010
0110011010100011
0110011010100100
0110011010100110
0110011010100111
0110011010101000
0110011010101100
0110011010101110
0110011010101111
0110011010110000
0110011010110010
0110011010110011
0110011010110100
0110011010110110
0110011010110111
0110011010111000
0110011010111001
0110011010111010
0110011010111011
0110011010111100
0110011010111101
0110011010111110
0110011011100000
0110011011100010
0110011011100011
0110011011100100
0110011011100101
0110011011100110
0110011011100111
0110011011101000
0110011011101001
0110011011101010
0110011011101011
0110011011101100
0110011011101101
0110011011101110
0110011011110000
0110011011110010
0110011011110011
0110011011110100
0110011011110101
0110011011110110
0110011011111000
0110011011111001
0110011011111010
0110011011111100
0110011100001001
0110011100001010
0110011100001011
0110011100001100
0110011100001110
0110011100001111
0110011100100010
0110011100100011
0110011100100100
0110011100100101
0110011100100110
0110011100100111
0110011100101000
0110011100101001
0110011100101010
0110011100101100
0110011100101101
0110011100110000
0110011100110010
0110011100110011
0110011100110100
0110011100110101
0110011100110110
0110011100110111
0110011100111000
0110011100111001
0110011100111011
0110011100111100
0110011100111101
0110011101100000
0110011101100010
0110011101100011
0110011101100100
0110011101101000
0110011101101001
0110011101101010
0110011101101011
0110011101101100
0110011101101101
0110011101110000
0110011101110010
0110011101110011
0110011101110100
0110011101111001
0110011101111010
0110011101111100
0110011110010010
0110011110010011
0110011110010101
0110011110010110
0110011110010111
0110011110011001
0110011110011010
0110011110011011
0110011110011100
0110011110011101
0110011110011110
0110011110011111
0110011110100010
0110011110100100
0110011110100101
0110011110100110
0110011110100111
0110011110101000
0110011110101001
0110011110101010
0110011110101011
0110011110101100
0110011110101101
0110011110110000
0110011110110011
0110011110110100
0110011110110101
0110011110110110
0110011110110111
0110011110111000
0110011110111001
0110011110111010
0110011110111011
0110011110111100
0110011110111101
0110011111000010
0110011111000011
0110011111000100
0110011111000101
0110011111000110
0110011111000111
0110011111001000
0110011111001001
0110011111001010
0110011111001011
0110011111001100
0110011111001101
0110011111001110
0110011111001111
0110011111100000
0110011111100010
0110011111100011
0110011111100100
0110011111100101
0110011111100110
0110011111100111
0110011111101000
0110011111101001
0110011111101010
0110011111101011
0110011111101100
0110011111101101
0110100010010111
0110100010011010
0110100010011011
0110100010011100
0110100010011101
0110100010011110
0110100010011111
0110100010100011
0110100010100110
0110100010100111
0110100010101100
0110100010101110
0110100010101111
0110100010110010
0110100010110100
0110100010110110
0110100010110111
0110100010111000
0110100010111001
0110100010111010
0110100010111011
0110100010111100
0110100010111101
0110100010111110
0110100011000110
0110100011000111
0110100011001010
0110100011001011
0110100011001100
0110100011001101
0110100011001110
0110100011001111
0110100011100010
0110100011100011
0110100011100100
0110100011100101
0110100011100110
0110100011100111
0110100011101000
0110100011101001
0110100011101010
0110100011101011
0110100011101100
0110100011101101
0110100011101110
0110100011110010
0110100011110011
0110100011110100
0110100011110101
0110100011110110
0110100011111000
0110100011111001
0110100011111010
0110100011111100
0110100100001001
0110100100001010
0110100100001011
0110100100001100
0110100100001101
0110100100001110
0110100100100010
0110100100100011
0110100100100100
0110100100100110
0110100100100111
0110100100101000
0110100100101100
0110100100101110
0110100100101111
0110100100110000
0110100100110010
0110100100110011
0110100100110100
0110100100110110
0110100100110111
0110100100111000
0110100100111001
0110100100111010
0110100100111011
0110100100111101
0110100100111110
0110100101100000
0110100101100010
0110100101100011
0110100101100100
0110100101100110
0110100101100111
0110100101101000
0110100101101100
0110100101101110
0110100101110000
0110100101110010
0110100101110011
0110100101110100
0110100101110110
0110100101111001
0110100101111010
0110100101111100
0110100110010010
0110100110010011
0110100110010100
0110100110011000
0110100110011001
0110100110011010
0110100110011011
0110100110011100
0110100110011101
0110100110011110
0110100110011111
0110100110100010
0110100110100011
0110100110100100
0110100110100111
0110100110101000
0110100110101100
0110100110101110
0110100110101111
0110100110110000
0110100110110010
0110100110110011
0110100110110110
0110100110110111
0110100110111000
0110100110111001
0110100110111010
0110100110111011
0110100110111100
0110100110111101
0110100110111110
0110100111000010
0110100111000100
0110100111000101
0110100111000110
0110100111000111
0110100111001000
0110100111001001
0110100111001010
0110100111001011
0110100111001100
0110100111001101
0110100111001110
0110100111001111
0110100111100000
0110100111100010
0110100111100011
0110100111100100
0110100111100101
0110100111100110
0110100111100111
0110100111101000
0110100111101001
0110100111101010
0110100111101011
0110100111101100
0110100111101101
0110100111101110
0110100111110010
0110100111110011
0110100111110100
0110100111110110
0110100111111000
0110100111111001
0110100111111010
0110101000001001
0110101000001011
0110101000001100
0110101000001101
0110101000001110
0110101000001111
0110101000100011
0110101000100100
0110101000100110
0110101000100111
0110101000101100
0110101000101111
0110101000110000
0110101000110010
0110101000110011
0110101000110100
0110101000110110
0110101000110111
0110101000111000
0110101000111001
0110101000111010
0110101000111011
0110101000111100
0110101000111110
0110101010111100
0110101010111110
0110101011100011
0110101011100100
0110101011100110
0110101011100111
0110101011101000
0110101011101100
0110101011101110
0110101011110000
0110101011110010
0110101011110011
0110101011110100
0110101011110110
0110101011111000
0110101011111001
0110101011111010
0110101011111100
0110101100001001
0110101100001010
0110101100001011
0110101100001100
0110101100001101
0110101100001110
0110101100001111
0110101100100010
0110101100100011
0110101100100100
0110101100100110
0110101100100111
0110101100101000
0110101100101100
0110101100110000
0110101100110010
0110101100110011
0110101100110100
0110101100110110
0110101100110111
0110101100111000
0110101100111001
0110101100111010
0110101100111011
0110101100111100
0110101100111101
0110101101100010
0110101101100011
0110101101100100
0110101101100110
0110101101100111
0110101101101000
0110101101101100
0110101101110000
0110101101110010
0110101101110011
0110101101110100
0110101101110110
0110101101111000
0110101101111001
0110101101111100
0110101110010010
0110101110010011
0110101110010100
0110101110010110
0110101110010111
0110101110011001
0110101110011010
0110101110011011
0110101110011100
0110101110011101
0110101110011110
0110101110011111
0110101110100010
0110101110100011
0110101110100100
0110101110101000
0110101110101100
0110101110110000
0110101110110010
0110101110110011
0110101110110100
0110101110111000
0110101110111001
0110101110111010
0110101110111011
0110101110111100
0110101110111101
0110101111000010
0110101111000011
0110101111000100
0110101111000111
0110101111001000
0110101111001001
0110101111001010
0110101111001011
0110101111001100
0110101111001101
0110101111001110
0110101111001111
0110101111100000
0110101111100010
0110101111100100
0110101111100101
0110101111100110
0110101111100111
0110101111101000
0110101111101001
0110101111101010
0110101111101011
0110101111101100
0110101111101101
0110101111110000
0110101111110011
0110101111110100
0110101111110101
0110101111110110
0110110000001100
0110110000001101
0110110000001110
0110110000001111
0110110000100100
0110110000100101
0110110000100110
0110110000100111
0110110000101100
0110110000101101
0110110000101110
0110110000101111
0110110000110100
0110110000110101
0110110000110110
0110110000110111
0110110000111100
0110110000111101
0110110000111110
0110110001100100
0110110001100101
0110110001100110
0110110001100111
0110110001101101
0110110001101110
0110110001110100
0110110001110101
0110110001110110
0110110001111100
0110110010010110
0110110010010111
0110110010011010
0110110010011011
0110110010011100
0110110010011101
0110110010011110
0110110010011111
0110110010100010
0110110010100011
0110110010100100
0110110010100110
0110110010100111
0110110010101100
0110110010101110
0110110010101111
0110110010110010
0110110010110011
0110110010110100
0110110010111000
0110110010111001
0110110010111010
0110110010111011
0110110010111100
0110110010111101
0110110010111110
0110110011001010
0110110011001011
0110110011001100
0110110011001101
0110110011001110
0110110011001111
0110110011100010
0110110011100011
0110110011100101
0110110011100110
0110110011100111
0110110011101000
0110110011101001
0110110011101010
0110110011101011
0110110011101100
0110110011101101
0110110011101110
0110110011110010
0110110011110100
0110110011110101
0110110011110110
0110110011111000
0110110011111001
0110110011111010
0110110011111100
0110110100001001
0110110100001010
0110110100001011
0110110100001100
0110110100001101
0110110100001110
0110110100001111
0110110100100010
0110110100100011
0110110100100100
0110110100100110
0110110100100111
0110110100101000
0110110100101100
0110110100101110
0110110100101111
0110110100110000
0110110100110010
0110110100110011
0110110100110100
0110110100110110
0110110100110111
0110110100111000
0110110100111001
0110110100111010
0110110100111011
0110110100111100
0110110100111101
0110110100111110
0110110101100010
0110110101100011
0110110101100100
0110110101100110
0110110101100111
0110110101101000
0110110101101100
0110110101101110
0110110101110000
0110110101110010
0110110101110011
0110110101110100
0110110101110110
0110110101111000
0110110101111001
0110110101111010
0110110110010010
0110110110010011
0110110110010100
0110110110010110
0110110110010111
0110110110011000
0110110110011001
0110110110011011
0110110110011100
0110110110011101
0110110110011110
0110110110011111
0110110110100010
0110110110100011
0110110110100100
0110110110100110
0110110110100111
0110110110101000
0110110110101100
0110110110101110
0110110110101111
0110110110110010
0110110110110011
0110110110110100
0110110110110110
0110110110111001
0110110110111010
0110110110111011
0110110110111100
0110110110111101
0110110110111110
0110110111000010
0110110111000011
0110110111000100
0110110111000101
0110110111001000
0110110111001001
0110110111001010
0110110111001011
0110110111001100
0110110111001101
0110110111001110
0110110111001111
0110110111100000
0110110111100010
0110110111100011
0110110111100100
0110110111100111
0110110111101000
0110110111101001
0110110111101010
0110110111101011
0110110111101100
0110110111101101
0110110111101110
0110110111110000
0110110111110010
0110110111110011
0110110111110101
0110110111110110
0110110111111000
0110110111111001
0110110111111010
0110111000001001
0110111000001010
0110111000001011
0110111000001100
0110111000001101
0110111000001110
0110111000001111
0110111000100010
0110111000100011
0110111000100100
0110111000100101
0110111000100110
0110111000100111
0110111000101000
0110111000101001
0110111000101010
0110111000101011
0110111000101100
0110111000101101
0110111000101110
0110111000101111
0110111000110000
0110111000110010
0110111000110011
0110111000110100
0110111000110101
0110111000110110
0110111000110111
0110111000111000
0110111000111001
0110111000111010
0110111000111011
0110111000111100
0110111000111101
0110111000111110
0110111010100010
0110111010100011
0110111010100100
0110111010100110
0110111010100111
0110111010101000
0110111010101100
0110111010101110
0110111010101111
0110111010110000
0110111010110010
0110111010110011
0110111010110100
0110111010110110
0110111010110111
0110111010111000
0110111010111010
0110111010111011
0110111010111100
0110111010111101
0110111010111110
0110111011100000
0110111011100010
0110111011100011
0110111011100100
0110111011101000
0110111011101001
0110111011101010
0110111011101011
0110111011101100
0110111011101101
0110111011101110
0110111011110000
0110111011110010
0110111011110011
0110111011110100
0110111011111000
0110111011111001
0110111011111010
0110111011111100
0110111100001001
0110111100001010
0110111100001011
0110111100001100
0110111100001101
0110111100001110
0110111100100010
0110111100100011
0110111100100100
0110111100100101
0110111100100110
0110111100100111
0110111100101000
0110111100101001
0110111100101010
0110111100101011
0110111100101100
0110111100101101
0110111100110000
0110111100110010
0110111100110011
0110111100110100
0110111100110101
0110111100110110
0110111100110111
0110111100111000
0110111100111001
0110111100111010
0110111100111011
0110111100111100
0110111100111101
0110111101100000
0110111101100010
0110111101100011
0110111101100100
0110111101100101
0110111101100110
0110111101100111
0110111101101000
0110111101101001
0110111101101010
0110111101101011
0110111101101100
0110111101101101
0110111101110000
0110111101110010
0110111101110011
0110111101110100
0110111101110101
0110111101110110
0110111101111000
0110111101111001
0110111101111010
0110111101111100
0110111110010010
0110111110010011
0110111110010100
0110111110010101
0110111110010110
0110111110010111
0110111110011000
0110111110011001
0110111110011010
0110111110011011
0110111110011101
0110111110011110
0110111110011111
0110111110100010
0110111110100011
0110111110100100
0110111110100101
0110111110100110
0110111110100111
0110111110101000
0110111110101001
0110111110101010
0110111110101100
0110111110101101
0110111110110000
0110111110110010
0110111110110011
0110111110110100
0110111110110101
0110111110110110
0110111110110111
0110111110111000
0110111110111001
0110111110111011
0110111110111100
0110111110111101
0110111111000010
0110111111000011
0110111111000100
0110111111000101
0110111111000110
0110111111000111
0110111111001000
0110111111001010
0110111111001011
0110111111001100
0110111111001101
0110111111001110
0110111111001111
0111000010010110
0111000010010111
0111000010011010
0111000010011011
0111000010011100
0111000010011101
0111000010011110
0111000010011111
0111000010100010
0111000010100011
0111000010100100
0111000010100101
0111000010100110
0111000010100111
0111000010101000
0111000010101001
0111000010101010
0111000010101011
0111000010101100
0111000010101101
0111000010101110
0111000010101111
0111000010110010
0111000010110011
0111000010110100
0111000010110101
0111000010110110
0111000010110111
0111000010111000
0111000010111001
0111000010111010
0111000010111011
0111000010111100
0111000010111101
0111000010111110
0111000011000110
0111000011000111
0111000011001010
0111000011001011
0111000011001100
0111000011001101
0111000011001110
0111000011001111
0111000011100010
0111000011100011
0111000011100100
0111000011100101
0111000011100110
0111000011100111
0111000011101000
0111000011101001
0111000011101010
0111000011101011
0111000011101100
0111000011101101
0111000011101110
0111000011110010
0111000011110011
0111000011110100
0111000011110101
0111000011110110
0111000011111000
0111000011111001
0111000011111010
0111000011111100
0111001010100010
0111001010100011
0111001010100100
0111001010100110
0111001010100111
0111001010101000
0111001010101100
0111001010101110
0111001010101111
0111001010110000
0111001010110010
0111001010110011
0111001010110100
0111001010110110
0111001010110111
0111001010111000
0111001010111001
0111001010111010
0111001010111011
0111001010111100
0111001010111101
0111001010111110
0111001011100000
0111001011100010
0111001011100011
0111001011100100
0111001011100101
0111001011100110
0111001011100111
0111001011101000
0111001011101001
0111001011101010
0111001011101011
0111001011101100
0111001011101101
0111001011101110
0111001011110000
0111001011110010
0111001011110011
0111001011110100
0111001011110101
0111001011110110
0111001011111000
0111001011111001
0111001011111010
0111001011111100
0111001100001001
0111001100001011
0111001100001100
0111001100001101
0111001100001110
0111001100001111
0111001100100010
0111001100100011
0111001100100100
0111001100100101
0111001100100110
0111001100101001
0111001100101010
0111001100101011
0111001100101100
0111001100101101
0111001100110000
0111001100110010
0111001100110011
0111001100110100
0111001100110101
0111001100111001
0111001100111010
0111001100111011
0111001100111100
0111001100111101
0111001101100000
0111001101100010
0111001101100011
0111001101100101
0111001101100110
0111001101100111
0111001101101000
0111001101101001
0111001101101010
0111001101101011
0111001101101100
0111001101101101
0111001101110000
0111001101110010
0111001101110100
0111001101110101
0111001101110110
0111001101111000
0111001101111001
0111001101111010
0111001101111100
0111001110010010
0111001110010011
0111001110010100
0111001110010101
0111001110010110
0111001110010111
0111001110011000
0111001110011001
0111001110011010
0111001110011011
0111001110011100
0111001110011101
0111001110011110
0111001110011111
0111001110100010
0111001110100011
0111001110100100
0111001110100101
0111001110100110
0111001110100111
0111001110101000
0111001110101001
0111001110101010
0111001110101011
0111001110101100
0111001110101101
0111001110110000
0111001110110010
0111001110110011
0111001110110100
0111001110110101
0111001110110110
0111001110110111
0111001110111000
0111001110111001
0111001110111010
0111001110111011
0111001110111100
0111001110111101
0111001111000010
0111001111000011
0111001111000100
0111001111000101
0111001111000110
0111001111000111
0111001111001001
0111001111001010
0111001111001011
0111001111001101
0111001111001110
0111001111001111
0111001111100000
0111001111100010
0111001111100011
0111001111100100
0111001111100101
0111001111100110
0111001111100111
0111001111101000
0111001111101001
0111001111101010
0111001111101011
0111001111101100
0111001111101101
0111001111110000
0111001111110010
0111001111110011
0111001111110100
0111001111110110
0111010010010110
0111010010010111
0111010010011010
0111010010011011
0111010010011100
0111010010011101
0111010010011110
0111010010011111
0111010010100010
0111010010100011
0111010010100100
0111010010100110
0111010010100111
0111010010101000
0111010010101100
0111010010101110
0111010010101111
0111010010110010
0111010010110011
0111010010110100
0111010010110110
0111010010110111
0111010010111000
0111010010111001
0111010010111010
0111010010111011
0111010010111100
0111010010111101
0111010010111110
0111010011000110
0111010011000111
0111010011001010
0111010011001100
0111010011001101
0111010011001110
0111010011001111
0111010011100010
0111010011100011
0111010011100100
0111010011100101
0111010011100110
0111010011100111
0111010011101000
0111010011101001
0111010011101010
0111010011101011
0111010011101100
0111010011101101
0111010011101110
0111010011110010
0111010011110011
0111010011110100
0111010011110110
0111010011111000
0111010011111001
0111010011111010
0111010011111100
0111010100001001
0111010100001010
0111010100001011
0111010100001101
0111010100001110
0111010100001111
0111010100100010
0111010100100011
0111010100100100
0111010100100110
0111010100100111
0111010100101000
0111010100101100
0111010100101110
0111010100101111
0111010100110000
0111010100110010
0111010100110011
0111010100110100
0111010100110110
0111010100110111
0111010100111000
0111010100111010
0111010100111011
0111010100111100
0111010100111110
0111010101100010
0111010101100011
0111010101100100
0111010101101000
0111010101101100
0111010101101110
0111010101110000
0111010101110010
0111010101110011
0111010101110100
0111010101110110
0111010101111000
0111010101111001
0111010101111010
0111010101111100
0111010110010010
0111010110010100
0111010110010110
0111010110010111
0111010110011000
0111010110011001
0111010110011010
0111010110011011
0111010110011100
0111010110011101
0111010110011110
0111010110011111
0111010110100011
0111010110100100
0111010110100110
0111010110100111
0111010110101000
0111010110101100
0111010110101110
0111010110101111
0111010110110000
0111010110110010
0111010110110011
0111010110110100
0111010110110110
0111010110110111
0111010110111000
0111010110111001
0111010110111010
0111010110111011
0111010110111100
0111010110111101
0111010110111110
0111010111000010
0111010111000011
0111010111000100
0111010111000101
0111010111000110
0111010111000111
0111010111001000
0111010111001001
0111010111001010
0111010111001011
0111010111001100
0111010111001101
0111010111001110
0111010111001111
0111010111100000
0111010111100010
0111010111100011
0111010111100100
0111010111100101
0111010111100110
0111010111100111
0111010111101000
0111010111101001
0111010111101010
0111010111101011
0111010111101100
0111010111101101
0111010111101110
0111010111110000
0111010111110010
0111010111110011
0111010111110100
0111010111110110
0111010111111000
0111010111111001
0111010111111010
0111011010100010
0111011010100100
0111011010100110
0111011010100111
0111011010101000
0111011010101100
0111011010101110
0111011010101111
0111011010110000
0111011010110011
0111011010110100
0111011010110110
0111011010110111
0111011010111000
0111011010111001
0111011010111010
0111011010111011
0111011010111100
0111011010111101
0111011010111110
0111011011100000
0111011011100010
0111011011100011
0111011011100100
0111011011100101
0111011011100110
0111011011100111
0111011011101000
0111011011101001
0111011011101010
0111011011101011
0111011011101100
0111011011101101
0111011011101110
0111011011110000
0111011011110010
0111011011110011
0111011011110100
0111011011110101
0111011011110110
0111011011111000
0111011011111001
0111011011111010
0111011011111100
0111011100001001
0111011100001010
0111011100001011
0111011100001100
0111011100001101
0111011100001111
0111011100100010
0111011100100011
0111011100100100
0111011100100101
0111011100100110
0111011100100111
0111011100101000
0111011100101001
0111011100101010
0111011100101011
0111011100101101
0111011100110000
0111011100110010
0111011100110011
0111011100110100
0111011100110101
0111011100110110
0111011100110111
0111011100111000
0111011100111001
0111011100111010
0111011100111100
0111011100111101
0111011101100000
0111011101100010
0111011101100011
0111011101100100
0111011101100101
0111011101101001
0111011101101010
0111011101101011
0111011101101100
0111011101101101
0111011101110000
0111011101110010
0111011101110011
0111011101110100
0111011101111001
0111011101111010
0111011101111100
0111011110010010
0111011110010110
0111011110010111
0111011110011000
0111011110011001
0111011110011010
0111011110011011
0111011110011100
0111011110011101
0111011110011110
0111011110011111
0111011110100010
0111011110100011
0111011110100101
0111011110100110
0111011110100111
0111011110101000
0111011110101001
0111011110101010
0111011110101011
0111011110101100
0111011110101101
0111011110110000
0111011110110010
0111011110110100
0111011110110101
0111011110110110
0111011110110111
0111011110111000
0111011110111001
0111011110111010
0111011110111011
0111011110111100
0111011110111101
0111011111000011
0111011111000100
0111011111000101
0111011111000110
0111011111000111
0111011111001000
0111011111001001
0111011111001010
0111011111001011
0111011111001100
0111011111001101
0111011111001110
0111011111001111
0111011111100010
0111011111100011
0111011111100100
0111011111100101
0111011111100110
0111011111100111
0111011111101000
0111011111101001
0111011111101010
0111011111101011
0111011111101100
0111011111101101
0111100000001010
0111100000001011
0111100000001100
0111100000001101
0111100000001110
0111100000100010
0111100000100011
0111100000100100
0111100000100101
0111100000100110
0111100000100111
0111100000101000
0111100000101001
0111100000101010
0111100000101011
0111100000101100
0111100000101110
0111100000101111
0111100000110010
0111100000110011
0111100000110100
0111100000110101
0111100000110110
0111100000110111
0111100000111000
0111100000111001
0111100000111010
0111100000111011
0111100000111101
0111100000111110
0111100001100010
0111100001100011
0111100001100100
0111100001100101
0111100001100110
0111100001101000
0111100001101010
0111100001101011
0111100001101100
0111100001101101
0111100001101110
0111100001110010
0111100001110011
0111100001110100
0111100001110101
0111100001111001
0111100001111010
0111100001111100
0111100010011010
0111100010011011
0111100010011100
0111100010011101
0111100010011110
0111100010011111
0111100010100010
0111100010100011
0111100010100100
0111100010100110
0111100010100111
0111100010101001
0111100010101010
0111100010101011
0111100010101100
0111100010101101
0111100010101110
0111100010101111
0111100010110010
0111100010110011
0111100010110101
0111100010110110
0111100010110111
0111100010111000
0111100010111001
0111100010111010
0111100010111011
0111100010111100
0111100010111101
0111100010111110
0111100011000110
0111100011000111
0111100011001010
0111100011001011
0111100011001100
0111100011001101
0111100011001110
0111100011001111
0111100011100010
0111100011100011
0111100011100100
0111100011100101
0111100011100110
0111100011100111
0111100011101000
0111100011101001
0111100011101010
0111100011101011
0111100011101100
0111100011101101
0111100011101110
0111100011110010
0111100011110011
0111100011110100
0111100011110101
0111100011110110
0111100011111000
0111100011111001
0111100011111010
0111100011111100
0111100100001001
0111100100001010
0111100100001011
0111100100001100
0111100100001101
0111100100001110
0111100100001111
0111100100100010
0111100100100011
0111100100100100
0111100100100101
0111100100100110
0111100100100111
0111100100101000
0111100100101001
0111100100101010
0111100100101011
0111100100101100
0111100100101101
0111100100101111
0111100100110000
0111100100110010
0111100100110011
0111100100110100
0111100100110101
0111100100110110
0111100100110111
0111100100111000
0111100100111001
0111100100111010
0111100100111011
0111100100111100
0111100100111110
0111100101100000
0111100101100010
0111100101100011
0111100101100100
0111100101100101
0111100101100110
0111100101100111
0111100101101001
0111100101101011
0111100101101100
0111100101101101
0111100101101110
0111100101110000
0111100101110010
0111100101110011
0111100101110100
0111100101110101
0111100101110110
0111100101111000
0111100101111010
0111100101111100
0111100110010010
0111100110010011
0111100110010100
0111100110010101
0111100110011001
0111100110011010
0111100110011011
0111100110011100
0111100110011101
0111100110011110
0111100110011111
0111100110100010
0111100110100011
0111100110100100
0111100110100101
0111100110101000
0111100110101001
0111100110101010
0111100110101011
0111100110101100
0111100110101101
0111100110101110
0111100110101111
0111100110110000
0111100110110010
0111100110110011
0111100110110100
0111100110110110
0111100110110111
0111100110111000
0111100110111001
0111100110111010
0111100110111011
0111100110111100
0111100110111101
0111100110111110
0111100111000010
0111100111000011
0111100111000101
0111100111000110
0111100111000111
0111100111001000
0111100111001001
0111100111001010
0111100111001011
0111100111001100
0111100111001101
0111100111001110
0111100111001111
0111100111100011
0111100111100100
0111100111100101
0111100111100110
0111100111100111
0111100111101001
0111100111101010
0111100111101011
0111100111101100
0111100111101101
0111100111101110
0111100111110000
0111100111110010
0111100111110011
0111100111110100
0111100111110110
0111100111111000
0111100111111001
0111100111111010
0111101000001010
0111101000001011
0111101000001100
0111101000001101
0111101000001110
0111101000001111
0111101000100010
0111101000100011
0111101000100100
0111101000100101
0111101000100110
0111101000100111
0111101000101000
0111101000101001
0111101000101010
0111101000101011
0111101000101100
0111101000101101
0111101000101110
0111101000110000
0111101000110010
0111101000110011
0111101000110100
0111101000110101
0111101000110110
0111101000110111
0111101000111000
0111101000111001
0111101000111010
0111101000111011
0111101000111100
0111101000111101
0111101010100010
0111101010100011
0111101010100100
0111101010101100
0111101010101110
0111101010101111
0111101010110000
0111101010110010
0111101010110011
0111101010110100
0111101011100000
0111101011100010
0111101011100100
0111101011100101
0111101011100110
0111101011100111
0111101011101000
0111101011101001
0111101011101010
0111101011101011
0111101011101100
0111101011101101
0111101011101110
0111101011110000
0111101011110011
0111101011110100
0111101011110101
0111101011110110
0111101011111000
0111101011111001
0111101011111010
0111101011111100
0111101100001001
0111101100001010
0111101100001011
0111101100001101
0111101100001110
0111101100001111
0111101100100010
0111101100100011
0111101100100100
0111101100100101
0111101100100110
0111101100100111
0111101100101000
0111101100101001
0111101100101010
0111101100101011
0111101100101100
0111101100101101
0111101100110000
0111101100110010
0111101100110011
0111101100110100
0111101100110101
0111101100110110
0111101100110111
0111101100111000
0111101100111001
0111101100111010
0111101100111011
0111101100111100
0111101100111101
0111101101100000
0111101101100010
0111101101100011
0111101101100100
0111101101100101
0111101101100110
0111101101100111
0111101101101000
0111101101101001
0111101101101010
0111101101101011
0111101101101101
0111101101110000
0111101101110010
0111101101110011
0111101101110100
0111101101110101
0111101101110110
0111101101111000
0111101101111001
0111101101111010
0111101101111100
0111101110010010
0111101110010011
0111101110011000
0111101110011010
0111101110011011
0111101110100010
0111101110100011
0111101110101001
0111101110101010
0111101110101011
0111101110110000
0111101110110010
0111101110110011
0111101110111001
0111101110111010
0111101110111011
0111101111000010
0111101111000011
0111101111001000
0111101111001001
0111101111001010
0111101111001011
0111101111100010
0111101111100011
0111101111101000
0111101111101001
0111101111101010
0111101111101011
0111101111110000
0111101111110010
0111110000001010
0111110000001011
0111110000001100
0111110000001101
0111110000001110
0111110000100010
0111110000100011
0111110000100100
0111110000100101
0111110000100110
0111110000100111
0111110000101000
0111110000101001
0111110000101010
0111110000101011
0111110000101100
0111110000101101
0111110000101110
0111110000101111
0111110000110010
0111110000110011
0111110000110100
0111110000110101
0111110000110110
0111110000110111
0111110000111000
0111110000111001
0111110000111010
0111110000111011
0111110000111100
0111110000111101
0111110000111110
0111110001100010
0111110001100011
0111110001100100
0111110001100101
0111110001100110
0111110001100111
0111110001101000
0111110001101001
0111110001101010
0111110001101011
0111110001101100
0111110001101110
0111110001110010
0111110001110011
0111110001110100
0111110001110101
0111110001110110
0111110001111000
0111110001111001
0111110001111010
0111110010010110
0111110010010111
0111110010011011
0111110010011100
0111110010011101
0111110010011110
0111110010011111
0111110010100010
0111110010100011
0111110010100100
0111110010100110
0111110010100111
0111110010101000
0111110010101011
0111110010101100
0111110010101101
0111110010101110
0111110010101111
0111110010110010
0111110010110011
0111110010110100
0111110011001010
0111110011001011
0111110011001100
0111110011001101
0111110011001110
0111110011001111
0111110011100010
0111110011100011
0111110011100100
0111110011100110
0111110011100111
0111110011101000
0111110011101001
0111110011101010
0111110011101011
0111110011101100
0111110011101101
0111110011101110
0111110011110010
0111110011110011
0111110011110110
0111110011111000
0111110011111001
0111110011111010
0111110011111100
0111110100001001
0111110100001010
0111110100001011
0111110100001100
0111110100001101
0111110100001110
0111110100001111
0111110100100010
0111110100100011
0111110100100100
0111110100100110
0111110100100111
0111110100101011
0111110100101100
0111110100101101
0111110100101110
0111110100101111
0111110100110000
0111110100110010
0111110100110011
0111110100110100
0111110100110110
0111110100110111
0111110100111000
0111110100111001
0111110100111010
0111110100111011
0111110100111100
0111110100111110
0111110101100000
0111110101100010
0111110101100011
0111110101100100
0111110101100101
0111110101100110
0111110101100111
0111110101101000
0111110101101001
0111110101101010
0111110101101011
0111110101101100
0111110101101101
0111110101110000
0111110101110010
0111110101110011
0111110101110100
0111110101110110
0111110101111000
0111110101111001
0111110101111010
0111110101111100
0111110110010010
0111110110010011
0111110110010100
0111110110010101
0111110110010110
0111110110010111
0111110110011000
0111110110011001
0111110110011010
0111110110011100
0111110110011101
0111110110011110
0111110110011111
0111110110100010
0111110110100011
0111110110100100
0111110110100101
0111110110100110
0111110110100111
0111110110101000
0111110110101001
0111110110101011
0111110110101100
0111110110101101
0111110110101110
0111110110101111
0111110110110000
0111110110110010
0111110110110011
0111110110110100
0111110110110101
0111110110110110
0111110110110111
0111110110111000
0111110110111010
0111110110111011
0111110110111100
0111110110111101
0111110110111110
0111110111000010
0111110111000011
0111110111000100
0111110111000101
0111110111000110
0111110111001001
0111110111001010
0111110111001011
0111110111001100
0111110111001101
0111110111001110
0111110111001111
0111110111100000
0111110111100010
0111110111100011
0111110111100100
0111110111100101
0111110111101000
0111110111101001
0111110111101010
0111110111101011
0111110111101100
0111110111101101
0111110111101110
0111110111110000
0111110111110010
0111110111110011
0111110111110100
0111110111110110
0111110111111001
0111110111111010
0111111000001001
0111111000001010
0111111000001011
0111111000001100
0111111000001101
0111111000001110
0111111000100010
0111111000100011
0111111000100100
0111111000100101
0111111000100110
0111111000100111
0111111000101000
0111111000101001
0111111000101010
0111111000101011
0111111000101100
0111111000101101
0111111000101110
0111111000101111
0111111000110000
0111111000110010
0111111000110011
0111111000110100
0111111000110101
0111111000110110
0111111000110111
0111111000111000
0111111000111001
0111111000111010
0111111000111011
0111111000111100
0111111000111101
0111111000111110
0111111010100010
0111111010100011
0111111010100100
0111111010100110
0111111010101000
0111111010101100
0111111010101101
0111111010101110
0111111010101111
0111111010110000
0111111010110010
0111111010110011
0111111010110100
0111111010110101
0111111010110110
0111111010110111
0111111010111000
0111111010111001
0111111010111011
0111111010111100
0111111010111101
0111111010111110
0111111011100000
0111111011100010
0111111011100011
0111111011100100
0111111011100101
0111111011101001
0111111011101010
0111111011101011
0111111011101100
0111111011101101
0111111011101110
0111111011110000
0111111011110010
0111111011110011
0111111011110100
0111111011111000
0111111011111001
0111111011111010
0111111011111100
1010001011000011
1010001011000100
1010001011000101
1010001011000110
1010001011000111
1010001011001001
1010001011001011
1010001011001100
1010001011001101
1010001011001110
1010001011001111
1010001011100011
1010001011100100
1010001011100101
1010001011100110
1010001011100111
1010001011101001
1010001011101011
1010001011101100
1010001011101101
1010001011110000
1010001011110010
1010001011110011
1010001011110100
1010001011110101
1010001011110110
1010001011111000
1010001011111001
1010001011111010
1010001011111100
1010001101000010
1010001101000011
1010001101000100
1010001101000101
1010001101000110
1010001101000111
1010001101001000
1010001101001011
1010001101001100
1010001101001101
1010001101100000
1010001101100010
1010001101100011
1010001101100100
1010001101100101
1010001101101000
1010001101101001
1010001101110000
1010001101110010
1010001101110011
1010001101110100
1010001101110101
1010001101111000
1010001101111001
1010001111000010
1010001111000011
1010001111000100
1010001111000101
1010001111000110
1010001111000111
1010001111001000
1010001111001001
1010001111001010
1010001111001011
1010001111001100
1010001111001101
1010001111010010
1010001111010011
1010001111010100
1010001111010110
1010001111010111
1010001111011000
1010001111011001
1010001111011010
1010001111011011
1010001111011100
1010001111011101
1010010010010011
1010010010010111
1010010010011000
1010010010011001
1010010010011011
1010010010011100
1010010010011110
1010010011000011
1010010011000100
1010010011000101
1010010011000110
1010010011000111
1010010011001000
1010010011001001
1010010011001011
1010010011001100
1010010011001101
1010010011001110
1010010011001111
1010010011010011
1010010011010111
1010010011011000
1010010011011001
1010010011011011
1010010011011100
1010010011011101
1010010011011110
1010010101000011
1010010101100011
1010010101100111
1010010101110000
1010010101110011
1010010101111001
1010010101111100
1010010110010011
1010010110010111
1010010110011000
1010010110011001
1010010110011011
1010010110011100
1010010110011101
1010010110011110
1010010110011111
1010010111000010
1010010111000100
1010010111000101
1010010111000110
1010010111000111
1010010111001000
1010010111001001
1010010111001011
1010010111001100
1010010111001101
1010010111001110
1010010111001111
1010010111010000
1010010111010011
1010010111010111
1010010111011000
1010010111011001
1010010111011011
1010010111011100
1010010111011101
1010010111011110
1010011010010011
1010011010011000
1010011010011001
1010011010011011
1010011010011100
1010011010011110
1010011010100011
1010011010110000
1010011010110011
1010011010110111
1010011010111000
1010011010111001
1010011010111011
1010011010111100
1010011010111101
1010011011000010
1010011011000011
1010011011000101
1010011011000110
1010011011000111
1010011011001000
1010011011001001
1010011011001011
1010011011001100
1010011011001101
1010011011001110
1010011011001111
1010011011100000
1010011011100011
1010011011100100
1010011011100101
1010011011100110
1010011011100111
1010011011101000
1010011011101001
1010011011101011
1010011011101100
1010011011101101
1010011011110000
1010011011110010
1010011011110011
1010011011110100
1010011011110110
1010011011111000
1010011011111001
1010011011111010
1010011011111100
1010011101000010
1010011101000011
1010011101000100
1010011101000110
1010011101000111
1010011101001000
1010011101001011
1010011101001100
1010011101100000
1010011101100010
1010011101100011
1010011101100100
1010011101100101
1010011101101000
1010011101101001
1010011101110000
1010011101110010
1010011101110011
1010011101110100
1010011101111000
1010011110010010
1010011110010011
1010011110010110
1010011110010111
1010011110011001
1010011110011010
1010011110011011
1010011110011100
1010011111000010
1010011111000011
1010011111000100
1010011111000110
1010011111000111
1010011111001000
1010011111001011
1010011111001100
1010011111010000
1010011111010110
1010011111010111
1010011111011000
1010011111011001
1010011111011010
1010011111011011
1010011111011100
1010100011000011
1010100011000100
1010100011000101
1010100011000111
1010100011001001
1010100011001011
1010100011001100
1010100011001101
1010100011001110
1010100011001111
1010100011010011
1010100011010111
1010100011011000
1010100011011001
1010100011011011
1010100011011100
1010100011011101
1010100011011110
1010100101000011
1010100101110000
1010100101110011
1010100101111000
1010100101111001
1010100111000010
1010100111000011
1010100111000100
1010100111000110
1010100111001000
1010100111001011
1010100111001100
1010100111010000
1010100111010111
1010100111011000
1010100111011001
1010100111011011
1010100111011100
1010100111011110
1010101001100011
1010101001110000
1010101001111000
1010101011000111
1010101011001111
1010101011100011
1010101011100111
1010101011110011
1010101011111000
1010101011111001
1010101011111100
1010101101000011
1010101101000111
1010101101100011
1010101101110011
1010101101111000
1010101101111001
1010101111000010
1010101111000011
1010101111001000
1010101111010000
1010101111010011
1010101111011001
1010101111011011
1010110001000010
1010110001000011
1010110001000101
1010110001000110
1010110001000111
1010110001001000
1010110001001001
1010110001001011
1010110001001100
1010110001001101
1010110001001110
1010110001001111
1010110001100010
1010110001100011
1010110001100100
1010110001100101
1010110001100110
1010110001100111
1010110001101000
1010110001101001
1010110001101011
1010110001101100
1010110001101101
1010110001101110
1010110001110000
1010110001110010
1010110001110011
1010110001110100
1010110001110101
1010110001110110
1010110001111000
1010110001111001
1010110001111010
1010110001111100
1010110010010011
1010110010010111
1010110010011000
1010110010011001
1010110010011011
1010110010011100
1010110010011110
1010110010011111
1010110011000010
1010110011000011
1010110011000100
1010110011000101
1010110011000110
1010110011000111
1010110011001000
1010110011001100
1010110011001101
1010110011001110
1010110011001111
1010110011010011
1010110011010111
1010110011011000
1010110011011011
1010110011011100
1010110011011101
1010110011011110
1010110101000011
1010110101000111
1010110101001111
1010110101100011
1010110101100111
1010110101110011
1010110101111000
1010110101111001
1010110101111100
1010110110010011
1010110110010111
1010110110011000
1010110110011001
1010110110011011
1010110110011100
1010110110011101
1010110110011111
1010110111000010
1010110111000011
1010110111000100
1010110111000101
1010110111000110
1010110111000111
1010110111001000
1010110111001001
1010110111001100
1010110111001101
1010110111001110
1010110111010000
1010110111010011
1010110111010111
1010110111011000
1010110111011100
1010110111011101
1010111000001001
1010111000001011
1010111000001100
1010111000001101
1010111000001110
1010111000001111
1010111000100011
1010111000100100
1010111000100101
1010111000100110
1010111000100111
1010111000101001
1010111000101011
1010111000101100
1010111000101101
1010111000110000
1010111000110010
1010111000110011
1010111000110100
1010111000110101
1010111000110110
1010111000110111
1010111000111000
1010111000111001
1010111000111010
1010111000111011
1010111000111100
1010111000111101
1010111001100010
1010111001100011
1010111001100100
1010111001100101
1010111001100110
1010111001100111
1010111001101000
1010111001101001
1010111001101011
1010111001101100
1010111001101101
1010111001110000
1010111001110010
1010111001110011
1010111001110100
1010111001110101
1010111001110110
1010111001111000
1010111001111001
1010111001111010
1010111001111100
1010111010010011
1010111010010111
1010111010011000
1010111010011001
1010111010011011
1010111010011100
1010111010011101
1010111010011110
1010111010100011
1010111010100111
1010111010110011
1010111010110111
1010111010111000
1010111010111001
1010111010111100
1010111011000010
1010111011000011
1010111011000100
1010111011000101
1010111011000110
1010111011000111
1010111011001000
1010111011001001
1010111011001011
1010111011001101
1010111011100000
1010111011100010
1010111011100011
1010111011100100
1010111011100101
1010111011100110
1010111011100111
1010111011101000
1010111011110000
1010111011110010
1010111011110011
1010111011110100
1010111011110101
1010111011110110
1010111011111000
1010111101000010
1010111101000011
1010111101000100
1010111101000101
1010111101000110
1010111101000111
1010111101001000
1010111101001001
1010111101001011
1010111101001100
1010111101001101
1010111101100000
1010111101100010
1010111101100011
1010111101100100
1010111101100101
1010111101101000
1010111101101001
1010111101110000
1010111101110010
1010111101110011
1010111101110100
1010111101110101
1010111101111000
1010111101111001
1010111110010010
1010111110010011
1010111110011000
1010111110011001
1010111110011010
1010111110011011
1010111111000010
1010111111000011
1010111111001000
1010111111001001
1010111111001010
1010111111001011
1010111111010000
1010111111010010
1010111111010011
1010111111011000
1010111111011001
1010111111011010
1010111111011011
1011000011000010
1011000011000011
1011000011000100
1011000011000101
1011000011000110
1011000011000111
1011000011001000
1011000011001001
1011000011001010
1011000011001011
1011000011001100
1011000011001101
1011000011001110
1011000011001111
1011000011010010
1011000011010011
1011000011010100
1011000011010101
1011000011010110
1011000011010111
1011000011011000
1011000011011001
1011000011011010
1011000011011011
1011000011011100
1011000011011101
1011000011011110
1011001011000010
1011001011000011
1011001011000100
1011001011000101
1011001011000110
1011001011000111
1011001011001000
1011001011001001
1011001011001011
1011001011001100
1011001011001101
1011001011001110
1011001011001111
1011001011100000
1011001011100010
1011001011100011
1011001011100100
1011001011101000
1011001011101001
1011001011101011
1011001011101100
1011001011101101
1011001011110000
1011001011110010
1011001011110011
1011001011110100
1011001011110101
1011001011110110
1011001011111000
1011001011111001
1011001011111010
1011001011111100
1011001101000010
1011001101000011
1011001101000100
1011001101000101
1011001101000110
1011001101000111
1011001101001000
1011001101001001
1011001101001101
1011001101101001
1011001101110000
1011001101110010
1011001101110011
1011001101110100
1011001101110101
1011001101111000
1011001101111001
1011001111000011
1011001111001000
1011001111001001
1011001111001010
1011001111001011
1011001111010000
1011001111010010
1011001111010011
1011001111011000
1011001111011001
1011001111011010
1011001111011011
1011010010010011
1011010010010111
1011010010011000
1011010010011001
1011010010011011
1011010010011100
1011010010011101
1011010010011110
1011010010011111
1011010011000010
1011010011000100
1011010011000101
1011010011000110
1011010011000111
1011010011001000
1011010011001001
1011010011001011
1011010011001100
1011010011001101
1011010011001110
1011010011001111
1011010011010011
1011010011010111
1011010011011000
1011010011011001
1011010011011011
1011010011011100
1011010011011101
1011010011011110
1011010101000011
1011010101000111
1011010101001111
1011010101100011
1011010101100111
1011010101110011
1011010101111000
1011010101111100
1011010110010011
1011010110011000
1011010110011001
1011010110011011
1011010110011100
1011010110011101
1011010110011110
1011010110011111
1011010111000010
1011010111000011
1011010111000101
1011010111000110
1011010111000111
1011010111001000
1011010111001001
1011010111001011
1011010111001100
1011010111001101
1011010111001110
1011010111001111
1011010111010000
1011010111010111
1011010111011000
1011010111011001
1011010111011011
1011010111011100
1011010111011101
1011010111011110
1011011010010011
1011011010010111
1011011010011011
1011011010011100
1011011010011101
1011011010011110
1011011010011111
1011011010100011
1011011010110011
1011011010110111
1011011010111000
1011011010111001
1011011010111011
1011011010111100
1011011010111101
1011011011000010
1011011011000011
1011011011000100
1011011011000110
1011011011000111
1011011011001000
1011011011001001
1011011011001011
1011011011001100
1011011011001101
1011011011001110
1011011011001111
1011011011100000
1011011011100010
1011011011100100
1011011011100101
1011011011100110
1011011011100111
1011011011101000
1011011011101001
1011011011101011
1011011011101100
1011011011101101
1011011011110000
1011011011110011
1011011011110100
1011011011110101
1011011011110110
1011011011111000
1011011011111001
1011011011111010
1011011011111100
1011011101000010
1011011101000011
1011011101000100
1011011101000101
1011011101000110
1011011101000111
1011011101001001
1011011101001011
1011011101001100
1011011101001101
1011011101100000
1011011101100010
1011011101100011
1011011101100100
1011011101100101
1011011101101000
1011011101101001
1011011101110000
1011011101110010
1011011101110011
1011011101110100
1011011101110101
1011011101111000
1011011101111001
1011011110010010
1011011110010011
1011011110011000
1011011110011010
1011011110011011
1011011111000010
1011011111000011
1011011111001000
1011011111001001
1011011111001010
1011011111001011
1011011111010000
1011011111010010
1011011111010011
1011011111011000
1011011111011001
1011011111011010
1011011111011011
1011100001000010
1011100001000011
1011100001000100
1011100001000101
1011100001000110
1011100001000111
1011100001001000
1011100001001001
1011100001001010
1011100001001011
1011100001001100
1011100001001101
1011100001001110
1011100001100000
1011100001100010
1011100001100011
1011100001100100
1011100001100101
1011100001100110
1011100001100111
1011100001101000
1011100001101001
1011100001101010
1011100001101011
1011100001101100
1011100001101110
1011100001110000
1011100001110010
1011100001110011
1011100001110100
1011100001110101
1011100001110110
1011100001111000
1011100001111001
1011100001111010
1011100011000010
1011100011000011
1011100011000100
1011100011000101
1011100011000110
1011100011001000
1011100011001001
1011100011001010
1011100011001011
1011100011001100
1011100011001101
1011100011001110
1011100011001111
1011100011010010
1011100011010011
1011100011010100
1011100011010101
1011100011010111
1011100011011000
1011100011011001
1011100011011010
1011100011011011
1011100011011100
1011100011011101
1011100011011110
1011100101000010
1011100101000011
1011100101000100
1011100101000101
1011100101000110
1011100101000111
1011100101001000
1011100101001011
1011100101001100
1011100101001101
1011100101001110
1011100101001111
1011100101100000
1011100101100010
1011100101100011
1011100101100100
1011100101100101
1011100101100110
1011100101100111
1011100101101000
1011100101101001
1011100101101011
1011100101101100
1011100101101101
1011100101110000
1011100101110010
1011100101110011
1011100101110100
1011100101110101
1011100101110110
1011100101111000
1011100101111001
1011100101111010
1011100101111100
1011100111000010
1011100111000011
1011100111001001
1011100111001010
1011100111001011
1011100111010000
1011100111010010
1011100111010011
1011100111011000
1011100111011001
1011100111011010
1011100111011011
1011101001100000
1011101001100010
1011101001100011
1011101001100100
1011101001100101
1011101001100110
1011101001100111
1011101001101000
1011101001101001
1011101001101011
1011101001101100
1011101001101101
1011101001110000
1011101001110010
1011101001110011
1011101001110100
1011101001110101
1011101001110110
1011101001111001
1011101001111010
1011101001111100
1011101011000010
1011101011000011
1011101011001000
1011101011100000
1011101011100010
1011101011100011
1011101011101000
1011101011101001
1011101011110000
1011101011110010
1011101011110011
1011101011111000
1011101011111001
1011101101000010
1011101101000011
1011101101001000
1011101101001001
1011101101001011
1011101101100000
1011101101100010
1011101101101000
1011101101101001
1011101101110000
1011101101110010
1011101101110011
1011101101111000
1011101101111001
1011110001000010
1011110001000011
1011110001000100
1011110001000101
1011110001000110
1011110001000111
1011110001001000
1011110001001001
1011110001001010
1011110001001011
1011110001001100
1011110001001101
1011110001001110
1011110001001111
1011110001100000
1011110001100010
1011110001100011
1011110001100100
1011110001100101
1011110001100110
1011110001100111
1011110001101000
1011110001101001
1011110001101010
1011110001101011
1011110001101100
1011110001101101
1011110001101110
1011110001110000
1011110001110010
1011110001110011
1011110001110100
1011110001110101
1011110001110110
1011110001111000
1011110001111001
1011110001111010
1011110001111100
1011110010010010
1011110010010011
1011110010010100
1011110010010101
1011110010010110
1011110010010111
1011110010011000
1011110010011001
1011110010011010
1011110010011011
1011110010011100
1011110010011101
1011110010011111
1011110011000010
1011110011000011
1011110011000100
1011110011000101
1011110011000110
1011110011000111
1011110011001000
1011110011001001
1011110011001110
1011110011010010
1011110011010011
1011110011010100
1011110011010101
1011110011010110
1011110011010111
1011110011011000
1011110011011001
1011110011011101
1011110101000010
1011110101000011
1011110101000100
1011110101000101
1011110101000110
1011110101000111
1011110101001000
1011110101001001
1011110101001011
1011110101001100
1011110101001101
1011110101001110
1011110101001111
1011110101100000
1011110101100010
1011110101100011
1011110101100100
1011110101100101
1011110101100110
1011110101100111
1011110101101000
1011110101101001
1011110101101011
1011110101101100
1011110101101101
1011110101110000
1011110101110010
1011110101110011
1011110101110100
1011110101110101
1011110101110110
1011110101111000
1011110101111001
1011110101111010
1011110101111100
1011110110010010
1011110110010011
1011110110011000
1011110110011001
1011110110011010
1011110110011011
1011110111000010
1011110111000011
1011110111001000
1011110111001001
1011110111001010
1011110111010000
1011110111010010
1011110111010011
1011110111011001
1011111000001001
1011111000001010
1011111000001011
1011111000001100
1011111000001101
1011111000001110
1011111000001111
1011111000100010
1011111000100011
1011111000100100
1011111000100101
1011111000100110
1011111000100111
1011111000101000
1011111000101001
1011111000101010
1011111000101011
1011111000101100
1011111000101101
1011111000110000
1011111000110010
1011111000110011
1011111000110100
1011111000110101
1011111000110110
1011111000110111
1011111000111000
1011111001100000
1011111001100010
1011111001100011
1011111001100100
1011111001100101
1011111001100110
1011111001100111
1011111001101000
1011111001101001
1011111001101010
1011111001101011
1011111001101100
1011111001101101
1011111001110000
1011111001110010
1011111001110011
1011111001110100
1011111001110101
1011111001110110
1011111001111000
1011111001111001
1011111001111010
1011111001111100
1011111010010010
1011111010010011
1011111010011000
1011111010011001
1011111010011010
1011111010011011
1011111010100010
1011111010100011
1011111010101000
1011111010110000
1011111010110010
1011111010110011
1011111010111000
1011111010111001
1011111011000010
1011111011000011
1011111011001001
1011111011001010
1011111011001011
1011111011100000
1011111011100010
1011111011100011
1011111011101000
1011111011101001
1011111011110000
1011111011110010
1011111011110011
1011111011111000
1011111011111001
1011111101000010
1011111101000011
1011111101001000
1011111101001001
1011111101001010
1011111101001011
1011111101100000
1011111101100010
1011111101100011
1011111101101000
1011111101101001
1011111101110000
1011111101110010
1011111101110011
1011111101111000
1011111101111001
1100001010100011
1100001010100101
1100001010100110
1100001010100111
1100001010101001
1100001010101101
1100001010110010
1100001010110100
1100001010110101
1100001010110110
1100001010110111
1100001010111000
1100001010111001
1100001010111010
1100001010111011
1100001010111100
1100001010111101
1100001011100010
1100001011100011
1100001011100100
1100001011100101
1100001011100110
1100001011100111
1100001011101001
1100001011101010
1100001011101011
1100001011101100
1100001011101101
1100001011110000
1100001011110010
1100001011110011
1100001011110100
1100001011110101
1100001011110110
1100001011111000
1100001011111001
1100001011111010
1100001011111100
1100001100001001
1100001100001010
1100001100001011
1100001100001100
1100001100001101
1100001100100010
1100001100100011
1100001100100100
1100001100100101
1100001100101000
1100001100101001
1100001100110000
1100001100110010
1100001100110011
1100001100110100
1100001100110101
1100001100111000
1100001100111001
1100001101100000
1100001101100010
1100001101100011
1100001101100100
1100001101100101
1100001101101000
1100001101110000
1100001101110010
1100001101110011
1100001101110100
1100001101110101
1100001101111001
1100001110010010
1100001110010011
1100001110010100
1100001110010101
1100001110010111
1100001110011000
1100001110011001
1100001110011010
1100001110011011
1100001110011100
1100001110011101
1100001110100010
1100001110100011
1100001110100100
1100001110101000
1100001110101001
1100001110110000
1100001110110010
1100001110110011
1100001110110101
1100001110111000
1100001110111001
1100001111000010
1100001111000100
1100001111000101
1100001111000110
1100001111000111
1100001111001000
1100001111001001
1100001111001010
1100001111001011
1100001111001100
1100001111001101
1100001111100010
1100001111100011
1100001111100100
1100001111100101
1100001111101000
1100001111101001
1100001111110010
1100001111110011
1100001111110100
1100001111110101
1100010010010010
1100010010010011
1100010010010100
1100010010010101
1100010010010110
1100010010011000
1100010010011001
1100010010011010
1100010010011011
1100010010011100
1100010010011101
1100010010011110
1100010010011111
1100010010100010
1100010010100011
1100010010100100
1100010010100101
1100010010100111
1100010010101000
1100010010101001
1100010010101011
1100010010101100
1100010010101101
1100010010101110
1100010010101111
1100010010110000
1100010010110010
1100010010110011
1100010010110100
1100010010110110
1100010010110111
1100010010111000
1100010010111001
1100010010111010
1100010010111011
1100010010111100
1100010010111101
1100010010111110
1100010011000010
1100010011000011
1100010011000101
1100010011000110
1100010011000111
1100010011001000
1100010011001001
1100010011001010
1100010011001011
1100010011001100
1100010011001101
1100010011001110
1100010011001111
1100010011100011
1100010011100100
1100010011100101
1100010011100110
1100010011100111
1100010011101000
1100010011101001
1100010011101010
1100010011101011
1100010011101100
1100010011101101
1100010011101110
1100010011110000
1100010011110010
1100010011110011
1100010011110100
1100010011110101
1100010011110110
1100010011111000
1100010011111001
1100010011111010
1100010011111100
1100010100001001
1100010100001010
1100010100001011
1100010100001100
1100010100001101
1100010100001110
1100010100001111
1100010100100010
1100010100100011
1100010100100100
1100010100100101
1100010100100110
1100010100100111
1100010100101000
1100010100101001
1100010100101011
1100010100101100
1100010100101101
1100010100110000
1100010100110010
1100010100110011
1100010100110100
1100010100110101
1100010100110110
1100010100110111
1100010100111000
1100010100111001
1100010100111011
1100010100111100
1100010100111101
1100010101100010
1100010101100011
1100010101100100
1100010101100101
1100010101100110
1100010101100111
1100010101101000
1100010101101001
1100010101101101
1100010101110000
1100010101110010
1100010101110011
1100010101110100
1100010101110110
1100010101111000
1100010101111001
1100010101111100
1100010110010010
1100010110010011
1100010110010100
1100010110010101
1100010110010110
1100010110010111
1100010110011001
1100010110011010
1100010110011011
1100010110011100
1100010110011101
1100010110011110
1100010110011111
1100010110100010
1100010110100011
1100010110100100
1100010110100101
1100010110100110
1100010110101000
1100010110101001
1100010110101011
1100010110101100
1100010110101101
1100010110110000
1100010110110010
1100010110110011
1100010110110100
1100010110110101
1100010110110111
1100010110111000
1100010110111001
1100010110111010
1100010110111011
1100010110111100
1100010110111101
1100010111000010
1100010111000011
1100010111000100
1100010111000110
1100010111000111
1100010111001000
1100010111001001
1100010111001010
1100010111001011
1100010111001100
1100010111001101
1100010111001110
1100010111001111
1100010111100000
1100010111100010
1100010111100100
1100010111100101
1100010111100110
1100010111100111
1100010111101000
1100010111101001
1100010111101010
1100010111101011
1100010111101100
1100010111101101
1100010111110000
1100010111110011
1100010111110100
1100010111110101
1100010111110110
1100010111111000
1100010111111001
1100010111111010
1100011010100010
1100011010100011
1100011010100100
1100011010100101
1100011010100110
1100011010100111
1100011010101001
1100011010101011
1100011010101100
1100011010101101
1100011010110000
1100011010110010
1100011010110011
1100011010110100
1100011010110101
1100011010110110
1100011010111000
1100011010111001
1100011010111010
1100011010111011
1100011010111100
1100011010111101
1100011011100000
1100011011100010
1100011011100011
1100011011100101
1100011011100110
1100011011100111
1100011011101000
1100011011101001
1100011011101010
1100011011101011
1100011011101100
1100011011101101
1100011011110000
1100011011110010
1100011011110100
1100011011110101
1100011011110110
1100011011111000
1100011011111001
1100011011111010
1100011011111100
1100011100001001
1100011100001010
1100011100001011
1100011100001100
1100011100001101
1100011100100010
1100011100100011
1100011100100100
1100011100100101
1100011100101000
1100011100101001
1100011100110000
1100011100110010
1100011100110011
1100011100110100
1100011100110101
1100011100111001
1100011101100000
1100011101100010
1100011101100011
1100011101100100
1100011101100101
1100011101101000
1100011101101001
1100011101110000
1100011101110010
1100011101110011
1100011101110100
1100011101110101
1100011101111000
1100011101111001
1100011110010100
1100011110010101
1100011110010110
1100011110010111
1100011110011000
1100011110011001
1100011110011011
1100011110011100
1100011110011101
1100011110100010
1100011110100011
1100011110100100
1100011110100101
1100011110101000
1100011110110000
1100011110110010
1100011110110011
1100011110110100
1100011110110101
1100011110111001
1100011111000010
1100011111000011
1100011111000100
1100011111000101
1100011111000110
1100011111001000
1100011111001001
1100011111001010
1100011111001011
1100011111001100
1100011111001101
1100011111100010
1100011111100011
1100011111100100
1100011111101000
1100011111101001
1100100010010010
1100100010010011
1100100010010100
1100100010010101
1100100010010110
1100100010010111
1100100010011000
1100100010011001
1100100010011010
1100100010011101
1100100010011110
1100100010011111
1100100010100011
1100100010100100
1100100010100101
1100100010100110
1100100010100111
1100100010101001
1100100010101011
1100100010101100
1100100010101101
1100100010101110
1100100010101111
1100100010110000
1100100010110010
1100100010110011
1100100010110100
1100100010110101
1100100010110110
1100100010110111
1100100010111000
1100100010111010
1100100010111011
1100100010111100
1100100010111101
1100100010111110
1100100011000010
1100100011000011
1100100011000100
1100100011000101
1100100011000110
1100100011000111
1100100011001001
1100100011001010
1100100011001011
1100100011001100
1100100011001101
1100100011001110
1100100011001111
1100100011100000
1100100011100010
1100100011100011
1100100011100100
1100100011100101
1100100011100111
1100100011101000
1100100011101001
1100100011101010
1100100011101011
1100100011101100
1100100011101101
1100100011101110
1100100011110000
1100100011110010
1100100011110011
1100100011110100
1100100011110110
1100100011111000
1100100011111001
1100100011111010
1100100011111100
1100100100001001
1100100100001010
1100100100001011
1100100100001100
1100100100001101
1100100100001110
1100100100001111
1100100100100010
1100100100100011
1100100100100100
1100100100100101
1100100100100110
1100100100100111
1100100100101000
1100100100101001
1100100100101011
1100100100101100
1100100100101101
1100100100110000
1100100100110010
1100100100110011
1100100100110100
1100100100110101
1100100100110110
1100100100110111
1100100100111000
1100100100111001
1100100100111010
1100100100111011
1100100100111100
1100100100111101
1100100101100000
1100100101100010
1100100101100011
1100100101100100
1100100101100101
1100100101100110
1100100101100111
1100100101101000
1100100101101001
1100100101101011
1100100101101100
1100100101101101
1100100101110000
1100100101110010
1100100101110011
1100100101110100
1100100101110101
1100100101110110
1100100101111000
1100100101111001
1100100101111010
1100100101111100
1100100110010010
1100100110010011
1100100110010100
1100100110010101
1100100110010110
1100100110010111
1100100110011000
1100100110011001
1100100110011010
1100100110011110
1100100110011111
1100100110100010
1100100110100011
1100100110100100
1100100110100101
1100100110100110
1100100110100111
1100100110101000
1100100110101001
1100100110101101
1100100110110000
1100100110110010
1100100110110011
1100100110110100
1100100110110101
1100100110110110
1100100110110111
1100100110111000
1100100110111001
1100100110111011
1100100110111100
1100100110111101
1100100111000010
1100100111000011
1100100111000100
1100100111000101
1100100111000110
1100100111000111
1100100111001000
1100100111001010
1100100111001011
1100100111001101
1100100111001110
1100100111001111
1100100111100000
1100100111100010
1100100111100011
1100100111100100
1100100111100101
1100100111100110
1100100111101000
1100100111101001
1100100111101010
1100100111101011
1100100111101100
1100100111101101
1100100111110000
1100100111110010
1100100111110011
1100100111110100
1100100111111000
1100100111111001
1100100111111010
1100101000001001
1100101000001011
1100101000001100
1100101000001101
1100101000001110
1100101000001111
1100101000100011
1100101000100100
1100101000100101
1100101000100110
1100101000100111
1100101000101001
1100101000101011
1100101000101100
1100101000101101
1100101000110000
1100101000110010
1100101000110011
1100101000110100
1100101000110101
1100101000110110
1100101000110111
1100101000111000
1100101000111001
1100101000111010
1100101000111011
1100101000111100
1100101000111101
1100101010100011
1100101010110011
1100101010110111
1100101010111000
1100101010111001
1100101010111101
1100101011100000
1100101011100010
1100101011100011
1100101011100100
1100101011100101
1100101011100110
1100101011100111
1100101011101001
1100101011101011
1100101011101100
1100101011101101
1100101011110000
1100101011110010
1100101011110011
1100101011110100
1100101011110101
1100101011110110
1100101011111000
1100101011111001
1100101011111010
1100101011111100
1100101100001001
1100101100001010
1100101100001011
1100101100001100
1100101100001101
1100101100100010
1100101100100011
1100101100100100
1100101100100101
1100101100101000
1100101100101001
1100101100110000
1100101100110010
1100101100110011
1100101100110100
1100101100110101
1100101100111000
1100101100111001
1100101101100000
1100101101100010
1100101101100011
1100101101100100
1100101101100101
1100101101101000
1100101101101001
1100101101110010
1100101101110011
1100101101110100
1100101101110101
1100101101111000
1100101101111001
1100101110010010
1100101110010011
1100101110011000
1100101110011001
1100101110011010
1100101110011011
1100101110100010
1100101110100011
1100101110101000
1100101110101001
1100101110110000
1100101110110010
1100101110110011
1100101110111000
1100101110111001
1100101111000010
1100101111000011
1100101111001000
1100101111001001
1100101111001010
1100101111100000
1100101111100010
1100101111100011
1100101111110000
1100101111110010
1100101111110011
1100110000001001
1100110000001010
1100110000001011
1100110000001100
1100110000001101
1100110000001110
1100110000001111
1100110000100010
1100110000100011
1100110000100100
1100110000100101
1100110000100110
1100110000100111
1100110000101000
1100110000101001
1100110000101010
1100110000101011
1100110000101100
1100110000101101
1100110000101110
1100110000101111
1100110000110000
1100110000110010
1100110000110011
1100110000110100
1100110000110101
1100110000110110
1100110000110111
1100110000111000
1100110000111001
1100110000111010
1100110000111011
1100110000111100
1100110000111101
1100110000111110
1100110001100000
1100110001100010
1100110001100011
1100110001100100
1100110001100101
1100110001100110
1100110001100111
1100110001101000
1100110001101001
1100110001101010
1100110001101011
1100110001101100
1100110001101101
1100110001101110
1100110001110000
1100110001110010
1100110001111000
1100110001111001
1100110001111010
1100110001111100
1100110010010010
1100110010010011
1100110010010100
1100110010010101
1100110010010110
1100110010010111
1100110010011000
1100110010011001
1100110010011010
1100110010011011
1100110010011100
1100110010011101
1100110010011110
1100110010100010
1100110010100011
1100110010100100
1100110010100101
1100110010100110
1100110010100111
1100110010101000
1100110010101001
1100110010101011
1100110010101100
1100110010101101
1100110010101111
1100110010110000
1100110010110010
1100110010110011
1100110010110100
1100110010110101
1100110010110110
1100110010110111
1100110010111000
1100110011000010
1100110011000011
1100110011000100
1100110011000101
1100110011000110
1100110011000111
1100110011001000
1100110011001001
1100110011001010
1100110011100000
1100110011100010
1100110011100011
1100110011100100
1100110011100101
1100110011100110
1100110011100111
1100110011101000
1100110011101001
1100110011101011
1100110011110000
1100110011110010
1100110011110011
1100110011110100
1100110011110101
1100110011110110
1100110011111000
1100110011111010
1100110100001001
1100110100001010
1100110100001011
1100110100001100
1100110100001101
1100110100001110
1100110100001111
1100110100100010
1100110100100011
1100110100100100
1100110100100101
1100110100100110
1100110100100111
1100110100101000
1100110100101001
1100110100101011
1100110100101100
1100110100101101
1100110100110000
1100110100110010
1100110100110011
1100110100110100
1100110100110101
1100110100110110
1100110100110111
1100110100111000
1100110100111001
1100110100111010
1100110100111011
1100110100111100
1100110100111101
1100110101100000
1100110101100010
1100110101100011
1100110101100100
1100110101100101
1100110101100110
1100110101100111
1100110101101000
1100110101101001
1100110101101011
1100110101101100
1100110101101101
1100110101110000
1100110101110010
1100110101110011
1100110101110100
1100110101110101
1100110101110110
1100110101111000
1100110101111001
1100110101111010
1100110101111100
1100110110010010
1100110110010011
1100110110010100
1100110110010101
1100110110010110
1100110110010111
1100110110011000
1100110110011001
1100110110011010
1100110110011011
1100110110011100
1100110110011101
1100110110011110
1100110110011111
1100110110100010
1100110110100011
1100110110100100
1100110110100101
1100110110100110
1100110110100111
1100110110101000
1100110110101001
1100110110101011
1100110110101100
1100110110101101
1100110110110000
1100110110110010
1100110110110011
1100110110110100
1100110110110101
1100110110110110
1100110110110111
1100110110111000
1100110110111001
1100110110111010
1100110110111011
1100110110111101
1100110111000010
1100110111000011
1100110111000100
1100110111000101
1100110111000110
1100110111000111
1100110111001000
1100110111001001
1100110111001010
1100110111100000
1100110111100010
1100110111100011
1100110111100100
1100110111100101
1100110111100110
1100110111100111
1100110111101000
1100110111101001
1100110111101010
1100110111110000
1100110111110010
1100110111110011
1100110111110100
1100110111110101
1100110111110110
1100110111111000
1100110111111001
1100111000001001
1100111000001010
1100111000001011
1100111000001100
1100111000001101
1100111000001110
1100111000001111
1100111000100010
1100111000100011
1100111000100100
1100111000100101
1100111000100110
1100111000100111
1100111000101000
1100111000101001
1100111000101010
1100111000101011
1100111000101100
1100111000101101
1100111000110000
1100111000110010
1100111000110011
1100111000110100
1100111000110101
1100111000110110
1100111000110111
1100111000111000
1100111000111001
1100111000111010
1100111000111011
1100111000111100
1100111000111101
1100111010100010
1100111010100011
1100111010100100
1100111010100110
1100111010100111
1100111010101000
1100111010101011
1100111010101100
1100111010101101
1100111010110000
1100111010110010
1100111010110011
1100111010110100
1100111010110101
1100111010110110
1100111010110111
1100111010111001
1100111010111010
1100111010111011
1100111010111100
1100111011100000
1100111011100010
1100111011100011
1100111011100100
1100111011100101
1100111011100110
1100111011100111
1100111011101000
1100111011101001
1100111011110000
1100111011110010
1100111011110011
1100111011110100
1100111011110101
1100111011110110
1100111011111000
1100111100001001
1100111100001010
1100111100001011
1100111100001100
1100111100001101
1100111100100010
1100111100100011
1100111100100100
1100111100100101
1100111100101000
1100111100101001
1100111100110010
1100111100110011
1100111100110100
1100111100110101
1100111100111000
1100111100111001
1100111101100000
1100111101100010
1100111101100011
1100111101100100
1100111101100101
1100111101101000
1100111101101001
1100111101110000
1100111101110010
1100111101110011
1100111101110100
1100111101110101
1100111101111000
1100111101111001
1100111110010010
1100111110010011
1100111110011000
1100111110011001
1100111110011010
1100111110011011
1100111110100010
1100111110100011
1100111110101000
1100111110110000
1100111110110010
1100111110110011
1100111110111000
1100111110111001
1100111111000010
1100111111000011
1100111111001000
1100111111001001
1100111111001010
1101000010010010
1101000010010011
1101000010010101
1101000010010110
1101000010010111
1101000010011000
1101000010011001
1101000010011010
1101000010011011
1101000010011100
1101000010011101
1101000010011110
1101000010011111
1101000010100010
1101000010100100
1101000010100101
1101000010100110
1101000010100111
1101000010101000
1101000010101001
1101000010101011
1101000010101100
1101000010101101
1101000010101110
1101000010101111
1101000010110000
1101000010110011
1101000010110100
1101000010110101
1101000010110110
1101000010110111
1101000010111000
1101000010111001
1101000010111010
1101000010111011
1101000010111100
1101000010111101
1101000010111110
1101000011000010
1101000011000011
1101000011000100
1101000011000101
1101000011000110
1101000011000111
1101000011001000
1101000011001001
1101000011001010
1101000011001011
1101000011001100
1101000011001101
1101000011001110
1101000011001111
1101000011100011
1101000011100100
1101000011100101
1101000011100110
1101000011100111
1101000011101000
1101000011101001
1101000011101010
1101000011101100
1101000011101101
1101000011101110
1101000011110101
1101000011110110
1101000011111000
1101000011111001
1101000011111010
1101000011111100
1101001010100011
1101001010110000
1101001010110011
1101001010110111
1101001010111000
1101001010111001
1101001010111011
1101001010111100
1101001010111101
1101001011100000
1101001011100010
1101001011100011
1101001011100100
1101001011100101
1101001011100110
1101001011100111
1101001011101000
1101001011101001
1101001011101011
1101001011101100
1101001011101101
1101001011110010
1101001011110011
1101001011110100
1101001011110101
1101001011110110
1101001011111000
1101001011111001
1101001011111010
1101001011111100
1101001100001001
1101001100001010
1101001100001011
1101001100001100
1101001100001101
1101001100100010
1101001100100011
1101001100100100
1101001100100101
1101001100101000
1101001100101001
1101001100110000
1101001100110010
1101001100110011
1101001100110100
1101001100110101
1101001100111000
1101001100111001
1101001101100000
1101001101100010
1101001101100011
1101001101100100
1101001101100101
1101001101101001
1101001101110000
1101001101110010
1101001101110011
1101001101110100
1101001101110101
1101001101111000
1101001110010010
1101001110010011
1101001110011000
1101001110011001
1101001110011010
1101001110011011
1101001110100010
1101001110100011
1101001110101000
1101001110110000
1101001110110010
1101001110110011
1101001110111000
1101001110111001
1101001111000010
1101001111000011
1101001111001000
1101001111001001
1101001111001010
1101001111001011
1101001111100000
1101001111100011
1101001111101000
1101001111110000
1101001111110010
1101001111110011
1101010010010011
1101010010010111
1101010010011001
1101010010011011
1101010010011100
1101010010011110
1101010010100011
1101010010101111
1101010010110000
1101010010110011
1101010010110111
1101010010111000
1101010010111001
1101010010111011
1101010010111100
1101010010111101
1101010010111110
1101010011000010
1101010011000011
1101010011000100
1101010011000110
1101010011000111
1101010011001000
1101010011001001
1101010011001011
1101010011001100
1101010011001101
1101010011001110
1101010011001111
1101010011100000
1101010011100010
1101010011100100
1101010011100110
1101010011100111
1101010011101000
1101010011101011
1101010011101100
1101010011101101
1101010011101110
1101010011110000
1101010011110011
1101010011110100
1101010011110110
1101010011111000
1101010011111100
1101010100001001
1101010100001011
1101010100001100
1101010100001101
1101010100001110
1101010100001111
1101010100100011
1101010100110000
1101010100110011
1101010100110111
1101010100111000
1101010100111011
1101010100111100
1101010101100011
1101010101100111
1101010101110011
1101010101111001
1101010101111100
1101010110010011
1101010110010111
1101010110011000
1101010110011011
1101010110011100
1101010110011101
1101010110011110
1101010110011111
1101010110100011
1101010110100111
1101010110110011
1101010110111000
1101010110111001
1101010110111011
1101010110111100
1101010110111101
1101010111000010
1101010111000011
1101010111000100
1101010111000101
1101010111000111
1101010111001000
1101010111001001
1101010111001011
1101010111001100
1101010111001101
1101010111001110
1101010111001111
1101010111100000
1101010111100010
1101010111100011
1101010111100101
1101010111100110
1101010111100111
1101010111101000
1101010111101001
1101010111101011
1101010111101100
1101010111101101
1101010111110000
1101010111110010
1101010111110100
1101010111110110
1101010111111000
1101010111111001
1101010111111010
1101011010100011
1101011010100111
1101011010110011
1101011010110111
1101011010111001
1101011010111011
1101011010111100
1101011010111101
1101011011100000
1101011011100010
1101011011100011
1101011011100100
1101011011100110
1101011011100111
1101011011101000
1101011011101001
1101011011101011
1101011011101100
1101011011101101
1101011011110000
1101011011110010
1101011011110011
1101011011110101
1101011011110110
1101011011111000
1101011011111001
1101011011111010
1101011011111100
1101011100001001
1101011100001010
1101011100001011
1101011100001100
1101011100001101
1101011100100010
1101011100100011
1101011100100100
1101011100100101
1101011100101001
1101011100110000
1101011100110010
1101011100110011
1101011100110100
1101011100110101
1101011100111000
1101011100111001
1101011101100000
1101011101100010
1101011101100011
1101011101100100
1101011101100101
1101011101101000
1101011101101001
1101011101110000
1101011101110010
1101011101110011
1101011101110100
1101011101111000
1101011101111001
1101011110010010
1101011110010011
1101011110011000
1101011110011001
1101011110011010
1101011110100010
1101011110100011
1101011110101000
1101011110101001
1101011110110000
1101011110110010
1101011110110011
1101011110111000
1101011111000010
1101011111000011
1101011111001001
1101011111001010
1101011111001011
1101011111100000
1101011111100010
1101011111100011
1101011111101000
1101011111101001
1101100000001001
1101100000001010
1101100000001011
1101100000001100
1101100000001101
1101100000001110
1101100000001111
1101100000100010
1101100000100011
1101100000100100
1101100000100101
1101100000100110
1101100000100111
1101100000101000
1101100000101001
1101100000101010
1101100000101011
1101100000101100
1101100000101101
1101100000101110
1101100000101111
1101100000110000
1101100000110010
1101100000110011
1101100000110100
1101100000110101
1101100000110110
1101100000110111
1101100000111000
1101100000111001
1101100000111010
1101100000111011
1101100000111100
1101100000111101
1101100000111110
1101100001100000
1101100001100010
1101100001100011
1101100001100100
1101100001100101
1101100001100110
1101100001100111
1101100001101000
1101100001101001
1101100001101010
1101100001101011
1101100001101100
1101100001101101
1101100001101110
1101100001110000
1101100001110010
1101100001110011
1101100001110100
1101100001110101
1101100001110110
1101100001111000
1101100001111001
1101100001111010
1101100001111100
1101100010010010
1101100010010011
1101100010010100
1101100010010101
1101100010010110
1101100010010111
1101100010011000
1101100010011001
1101100010011010
1101100010011011
1101100010011110
1101100010011111
1101100010100010
1101100010100011
1101100010100100
1101100010100101
1101100010100110
1101100010100111
1101100010101000
1101100010101001
1101100010101100
1101100010101101
1101100010101110
1101100010101111
1101100010110000
1101100010110010
1101100010110011
1101100010110100
1101100010110101
1101100010110110
1101100010110111
1101100010111000
1101100010111001
1101100010111011
1101100010111100
1101100010111101
1101100010111110
1101100011000010
1101100011000011
1101100011000100
1101100011000101
1101100011000110
1101100011000111
1101100011001000
1101100011001010
1101100011001011
1101100011001100
1101100011001101
1101100011001110
1101100011001111
1101100011100000
1101100011100010
1101100011100011
1101100011100100
1101100011100101
1101100011100110
1101100011101000
1101100011101001
1101100011101010
1101100011101011
1101100011101100
1101100011101101
1101100011101110
1101100011110000
1101100011110010
1101100011110011
1101100011110100
1101100011110101
1101100011111000
1101100011111001
1101100011111010
1101100011111100
1101100100001001
1101100100001010
1101100100001011
1101100100001100
1101100100001101
1101100100001110
1101100100001111
1101100100100010
1101100100100011
1101100100100100
1101100100100101
1101100100100110
1101100100100111
1101100100101000
1101100100101001
1101100100101011
1101100100101100
1101100100101101
1101100100110000
1101100100110010
1101100100110011
1101100100110100
1101100100110101
1101100100110110
1101100100110111
1101100100111000
1101100100111001
1101100100111010
1101100100111011
1101100100111100
1101100100111101
1101100101100000
1101100101100010
1101100101100011
1101100101100100
1101100101100101
1101100101100110
1101100101100111
1101100101101000
1101100101101001
1101100101101011
1101100101101100
1101100101101101
1101100101110000
1101100101110010
1101100101110011
1101100101110100
1101100101110101
1101100101110110
1101100101111000
1101100101111001
1101100101111010
1101100101111100
1101100110010010
1101100110010011
1101100110011000
1101100110011001
1101100110011010
1101100110011011
1101100110100010
1101100110100011
1101100110101000
1101100110101001
1101100110101011
1101100110110000
1101100110110010
1101100110110011
1101100110111000
1101100110111001
1101100110111010
1101100111000010
1101100111000011
1101100111001000
1101100111001001
1101100111001011
1101100111100000
1101100111100010
1101100111100011
1101100111101001
1101100111101010
1101100111101011
1101100111110000
1101100111110010
1101100111110011
1101100111111001
1101100111111010
1101101000001001
1101101000001010
1101101000001011
1101101000001100
1101101000001101
1101101000001110
1101101000001111
1101101000100010
1101101000100011
1101101000100100
1101101000100101
1101101000100110
1101101000100111
1101101000101000
1101101000101001
1101101000101011
1101101000101100
1101101000101101
1101101000110000
1101101000110010
1101101000110011
1101101000110101
1101101000110110
1101101000110111
1101101000111000
1101101000111001
1101101000111010
1101101000111011
1101101000111100
1101101000111101
1101101010100011
1101101010110011
1101101010111000
1101101010111001
1101101010111011
1101101011100000
1101101011100010
1101101011100011
1101101011101000
1101101011101011
1101101011110000
1101101011110010
1101101011110011
1101101011111001
1101101011111010
1101101100001001
1101101100001010
1101101100001011
1101101100100010
1101101100100011
1101101100101000
1101101100101001
1101101100110000
1101101100110010
1101101100110011
1101101100111000
1101101100111001
1101101101100010
1101101101100011
1101101101101000
1101101101101001
1101101101110010
1101101101110011
1101101101111000
1101101101111001
1101110000001001
1101110000001010
1101110000001011
1101110000001100
1101110000001101
1101110000001110
1101110000001111
1101110000100010
1101110000100011
1101110000100100
1101110000100101
1101110000100110
1101110000100111
1101110000101000
1101110000101001
1101110000101010
1101110000101011
1101110000101100
1101110000101101
1101110000101110
1101110000101111
1101110000110000
1101110000110010
1101110000110011
1101110000110100
1101110000110101
1101110000110110
1101110000110111
1101110000111000
1101110000111001
1101110000111010
1101110000111011
1101110000111100
1101110000111101
1101110000111110
1101110001100000
1101110001100010
1101110001100011
1101110001100100
1101110001100101
1101110001100110
1101110001100111
1101110001101000
1101110001101001
1101110001101010
1101110001101011
1101110001101100
1101110001101101
1101110001110000
1101110001110010
1101110001110011
1101110001110100
1101110001110101
1101110001110110
1101110001111000
1101110001111001
1101110001111010
1101110001111100
1101110010010010
1101110010010011
1101110010010100
1101110010010101
1101110010010110
1101110010010111
1101110010011000
1101110010011001
1101110010011010
1101110010011011
1101110010011100
1101110010011101
1101110010011110
1101110010011111
1101110010100010
1101110010100011
1101110010100100
1101110010100101
1101110010100110
1101110010100111
1101110010101000
1101110010101001
1101110010101011
1101110010101100
1101110010101101
1101110010101110
1101110010110000
1101110010110010
1101110010110011
1101110010110100
1101110010110101
1101110010110110
1101110010110111
1101110010111000
1101110010111001
1101110010111010
1101110010111011
1101110011000010
1101110011000011
1101110011000100
1101110011000101
1101110011000110
1101110011000111
1101110011001000
1101110011001001
1101110011001010
1101110011100000
1101110011100010
1101110011100011
1101110011100100
1101110011100101
1101110011100110
1101110011100111
1101110011101000
1101110011101001
1101110011101010
1101110011110000
1101110011110010
1101110011110011
1101110011110100
1101110011110101
1101110011110110
1101110011111000
1101110011111001
1101110100001001
1101110100001010
1101110100001011
1101110100001100
1101110100001101
1101110100001110
1101110100001111
1101110100100010
1101110100100011
1101110100100100
1101110100100101
1101110100100110
1101110100100111
1101110100101000
1101110100101001
1101110100101011
1101110100101100
1101110100101101
1101110100110000
1101110100110010
1101110100110011
1101110100110100
1101110100110101
1101110100110110
1101110100110111
1101110100111000
1101110100111001
1101110100111010
1101110100111011
1101110100111100
1101110100111101
1101110101100000
1101110101100010
1101110101100011
1101110101100100
1101110101100101
1101110101100110
1101110101100111
1101110101101000
1101110101101001
1101110101101011
1101110101101100
1101110101101101
1101110101110000
1101110101110010
1101110101110011
1101110101110100
1101110101110110
1101110101111000
1101110101111001
1101110101111010
1101110110010010
1101110110010011
1101110110011000
1101110110011001
1101110110011010
1101110110011011
1101110110100010
1101110110100011
1101110110101000
1101110110101001
1101110110101011
1101110110110000
1101110110110010
1101110110110011
1101110110111001
1101110110111010
1101110110111011
1101110111000010
1101110111000011
1101110111001000
1101110111001001
1101110111001010
1101110111001011
1101110111100000
1101110111100010
1101110111100011
1101110111101000
1101110111101001
1101110111110000
1101110111110010
1101110111110011
1101110111111000
1101111000001001
1101111000001010
1101111000001011
1101111000001100
1101111000001101
1101111000001110
1101111000001111
1101111000100010
1101111000100011
1101111000100100
1101111000100101
1101111000100110
1101111000100111
1101111000101000
1101111000101001
1101111000101010
1101111000101011
1101111000101100
1101111000101101
1101111000110000
1101111000110010
1101111000110011
1101111000110100
1101111000110101
1101111000110110
1101111000110111
1101111000111000
1101111000111001
1101111000111010
1101111000111011
1101111000111100
1101111000111101
1101111010100010
1101111010100011
1101111010101011
1101111010110000
1101111010110010
1101111010110011
1101111010111000
1101111011100000
1101111011100010
1101111011100011
1101111011101000
1101111011110000
1101111011110010
1101111011110011
1101111100001001
1101111100001010
1101111100001011
1101111100100010
1101111100100011
1101111100101000
1101111100101001
1101111100110010
1101111100110011
1101111100111000
1101111100111001
1101111101100000
1101111101100010
1101111101100011
1101111101101000
1101111101101001
1101111101110000
1101111101110010
1101111101110011
1101111101111000
1101111101111001
1110001010010010
1110001010010011
1110001010010100
1110001010010110
1110001010011000
1110001010011001
1110001010011010
1110001010011011
1110001010011100
1110001010011101
1110001010011110
1110001010011111
1110001010100011
1110001010100100
1110001010100111
1110001010101011
1110001010101100
1110001010101101
1110001010110000
1110001010110010
1110001010110011
1110001010110100
1110001010110110
1110001010110111
1110001010111000
1110001010111001
1110001010111010
1110001010111011
1110001010111100
1110001010111101
1110001011000010
1110001011000011
1110001011000101
1110001011000110
1110001011000111
1110001011001000
1110001011001001
1110001011001010
1110001011001011
1110001011001100
1110001011001101
1110001011001110
1110001011001111
1110001011100011
1110001011100100
1110001011100101
1110001011100110
1110001011100111
1110001011101000
1110001011101001
1110001011101010
1110001011101011
1110001011101100
1110001011101101
1110001011110010
1110001011110011
1110001011110100
1110001011110101
1110001011110110
1110001011111000
1110001011111001
1110001011111010
1110001011111100
1110001101000010
1110001101000011
1110001101000100
1110001101000101
1110001101000110
1110001101000111
1110001101001000
1110001101001001
1110001101001010
1110001101001011
1110001101001100
1110001101100000
1110001101100010
1110001101100011
1110001101100101
1110001101101000
1110001101101001
1110001101110000
1110001101110010
1110001101110011
1110001101110100
1110001101110101
1110001101111000
1110001101111001
1110001110010010
1110001110010011
1110001110010100
1110001110010101
1110001110010110
1110001110010111
1110001110011001
1110001110011010
1110001110011011
1110001110011100
1110001110011101
1110001111000010
1110001111000011
1110001111000100
1110001111000110
1110001111000111
1110001111001000
1110001111001001
1110001111001010
1110001111001011
1110001111001100
1110001111001101
1110001111010010
1110001111010011
1110001111010110
1110001111010111
1110001111011000
1110001111011001
1110001111011010
1110001111011011
1110001111011100
1110001111011101
1110010010010010
1110010010010011
1110010010010100
1110010010010110
1110010010010111
1110010010011010
1110010010011011
1110010010011100
1110010010011101
1110010010011110
1110010010011111
1110010011000010
1110010011000011
1110010011000100
1110010011000101
1110010011000111
1110010011001000
1110010011001001
1110010011001010
1110010011001011
1110010011001100
1110010011001101
1110010011001110
1110010011001111
1110010011010010
1110010011010011
1110010011010100
1110010011010110
1110010011010111
1110010011011000
1110010011011001
1110010011011010
1110010011011011
1110010011011100
1110010011011101
1110010101000010
1110010101000011
1110010101000100
1110010101000110
1110010101000111
1110010101001000
1110010101001011
1110010101001100
1110010101100000
1110010101100010
1110010101100011
1110010101100100
1110010101100101
1110010101100110
1110010101100111
1110010101101000
1110010101101001
1110010101101011
1110010101101100
1110010101110000
1110010101110010
1110010101110011
1110010101110100
1110010101110101
1110010101110110
1110010101111000
1110010101111001
1110010101111010
1110010110010010
1110010110010011
1110010110010100
1110010110010101
1110010110010110
1110010110010111
1110010110011000
1110010110011001
1110010110011011
1110010110011100
1110010110011101
1110010110011110
1110010110011111
1110010111000010
1110010111000011
1110010111000100
1110010111000101
1110010111000110
1110010111001000
1110010111001001
1110010111001010
1110010111001011
1110010111001100
1110010111001101
1110010111001110
1110010111001111
1110010111010000
1110010111010010
1110010111010011
1110010111010100
1110010111010101
1110010111010111
1110010111011000
1110010111011001
1110010111011010
1110010111011011
1110010111011100
1110010111011101
1110010111011110
1110011010010010
1110011010010011
1110011010010100
1110011010010110
1110011010010111
1110011010011000
1110011010011001
1110011010011010
1110011010011100
1110011010011101
1110011010011110
1110011010011111
1110011010100010
1110011010100011
1110011010100100
1110011010100110
1110011010100111
1110011010101000
1110011010101011
1110011010101100
1110011010101101
1110011010110000
1110011010110010
1110011010110011
1110011010110100
1110011010110101
1110011010110110
1110011010110111
1110011010111000
1110011010111010
1110011010111011
1110011010111100
1110011010111101
1110011011000010
1110011011000011
1110011011000100
1110011011000101
1110011011000110
1110011011000111
1110011011001001
1110011011001010
1110011011001011
1110011011001100
1110011011001101
1110011011001110
1110011011001111
1110011011100000
1110011011100010
1110011011100011
1110011011100100
1110011011100101
1110011011100111
1110011011101000
1110011011101001
1110011011101010
1110011011101011
1110011011101100
1110011011101101
1110011011110000
1110011011110010
1110011011110011
1110011011110100
1110011011110110
1110011011111000
1110011011111001
1110011011111010
1110011011111100
1110011101000010
1110011101000011
1110011101000100
1110011101000101
1110011101000110
1110011101000111
1110011101001000
1110011101001001
1110011101001010
1110011101001011
1110011101001100
1110011101001101
1110011101100000
1110011101100010
1110011101100011
1110011101100100
1110011101100101
1110011101101000
1110011101101001
1110011101110000
1110011101110010
1110011101110011
1110011101110100
1110011101110101
1110011101111000
1110011101111001
1110011110010010
1110011110010011
1110011110010100
1110011110010110
1110011110010111
1110011110011000
1110011110011001
1110011110011010
1110011110011011
1110011110011101
1110011111000010
1110011111000011
1110011111000100
1110011111000101
1110011111000110
1110011111000111
1110011111001000
1110011111001010
1110011111001011
1110011111001100
1110011111001101
1110011111010000
1110011111010010
1110011111010011
1110011111010100
1110011111010110
1110011111010111
1110011111011001
1110011111011010
1110011111011011
1110011111011100
1110011111011101
1110100010010010
1110100010010011
1110100010010100
1110100010010110
1110100010010111
1110100010011000
1110100010011001
1110100010011010
1110100010011011
1110100010011100
1110100010011111
1110100011000010
1110100011000011
1110100011000100
1110100011000101
1110100011000110
1110100011000111
1110100011001000
1110100011001001
1110100011001011
1110100011001100
1110100011001101
1110100011001110
1110100011001111
1110100011010010
1110100011010011
1110100011010100
1110100011010110
1110100011010111
1110100011011000
1110100011011010
1110100011011011
1110100011011100
1110100011011101
1110100011011110
1110100101000010
1110100101000011
1110100101000100
1110100101000110
1110100101000111
1110100101001000
1110100101001011
1110100101001100
1110100101001110
1110100101100000
1110100101100010
1110100101100011
1110100101100100
1110100101100101
1110100101100110
1110100101100111
1110100101101000
1110100101101001
1110100101101011
1110100101101100
1110100101101101
1110100101110000
1110100101110010
1110100101110011
1110100101110100
1110100101110101
1110100101110110
1110100101111000
1110100101111001
1110100101111010
1110100101111100
1110100110010010
1110100110010011
1110100110010100
1110100110010110
1110100110010111
1110100110011000
1110100110011001
1110100110011010
1110100110011011
1110100110011100
1110100111000010
1110100111000011
1110100111000100
1110100111000101
1110100111000110
1110100111000111
1110100111001000
1110100111001001
1110100111001100
1110100111001101
1110100111001110
1110100111010000
1110100111010010
1110100111010011
1110100111010100
1110100111010110
1110100111010111
1110100111011000
1110100111011001
1110100111011011
1110100111011100
1110100111011101
1110101000001001
1110101000001011
1110101000001100
1110101000001101
1110101000001110
1110101000001111
1110101000100011
1110101000100100
1110101000100110
1110101000100111
1110101000101011
1110101000101100
1110101000101101
1110101000110000
1110101000110010
1110101000110011
1110101000110100
1110101000110110
1110101000110111
1110101000111000
1110101000111001
1110101000111010
1110101000111011
1110101000111100
1110101001100000
1110101001100010
1110101001100011
1110101001100100
1110101001100110
1110101001100111
1110101001101000
1110101001101011
1110101001101100
1110101001101101
1110101001110000
1110101001110010
1110101001110011
1110101001110100
1110101001110110
1110101001111000
1110101001111100
1110101010010111
1110101010011000
1110101010110011
1110101010110111
1110101010111000
1110101010111001
1110101010111100
1110101011000010
1110101011000011
1110101011000100
1110101011000101
1110101011000110
1110101011000111
1110101011001000
1110101011001001
1110101011001011
1110101011001101
1110101011100000
1110101011100010
1110101011100011
1110101011100100
1110101011100101
1110101011100110
1110101011100111
1110101011101000
1110101011101001
1110101011110000
1110101011110010
1110101011110011
1110101011110100
1110101011110101
1110101011110110
1110101011111000
1110101101000010
1110101101000011
1110101101000100
1110101101000101
1110101101000110
1110101101000111
1110101101001000
1110101101001001
1110101101001011
1110101101001100
1110101101001101
1110101101100000
1110101101100010
1110101101100011
1110101101100100
1110101101100101
1110101101101000
1110101101101001
1110101101110000
1110101101110010
1110101101110011
1110101101110100
1110101101110101
1110101101111000
1110101101111001
1110101110010010
1110101110010011
1110101110011000
1110101110011001
1110101110011010
1110101110011011
1110101111000010
1110101111000011
1110101111001000
1110101111001001
1110101111001010
1110101111001011
1110101111010000
1110101111010010
1110101111010011
1110101111011000
1110101111011001
1110101111011010
1110101111011011
1110110001000010
1110110001000011
1110110001000100
1110110001000101
1110110001000110
1110110001000111
1110110001001000
1110110001001001
1110110001001010
1110110001001011
1110110001001100
1110110001001101
1110110001001110
1110110001001111
1110110001100000
1110110001100010
1110110001100011
1110110001100100
1110110001100101
1110110001100110
1110110001100111
1110110001101000
1110110001101001
1110110001101010
1110110001101011
1110110001101100
1110110001101101
1110110001101110
1110110001110000
1110110001110010
1110110001110011
1110110001110100
1110110001110101
1110110001110110
1110110001111000
1110110001111001
1110110001111010
1110110001111100
1110110010011100
1110110010011101
1110110010011110
1110110011000010
1110110011000011
1110110011000100
1110110011000101
1110110011000110
1110110011000111
1110110011001000
1110110011001001
1110110011001010
1110110011001011
1110110011010010
1110110011010011
1110110011010100
1110110011010101
1110110011010110
1110110011010111
1110110011011000
1110110011011001
1110110011011010
1110110101000010
1110110101000011
1110110101000100
1110110101000101
1110110101000110
1110110101000111
1110110101001000
1110110101001001
1110110101001011
1110110101001100
1110110101001101
1110110101001110
1110110101001111
1110110101100000
1110110101100010
1110110101100011
1110110101100100
1110110101100101
1110110101100110
1110110101100111
1110110101101000
1110110101101001
1110110101101011
1110110101101100
1110110101101101
1110110101110000
1110110101110010
1110110101110011
1110110101110100
1110110101110101
1110110101110110
1110110101111000
1110110101111001
1110110101111010
1110110101111100
1110110110010010
1110110110010011
1110110110010100
1110110110010101
1110110110010110
1110110110010111
1110110110011000
1110110110011001
1110110110011010
1110110110011011
1110110110011100
1110110110011101
1110110111000010
1110110111000011
1110110111000100
1110110111000101
1110110111000110
1110110111000111
1110110111001000
1110110111001001
1110110111001010
1110110111010000
1110110111010010
1110110111010011
1110110111010100
1110110111010101
1110110111010110
1110110111010111
1110110111011000
1110110111011001
1110111000001001
1110111000001010
1110111000001011
1110111000001100
1110111000001101
1110111000001110
1110111000001111
1110111000100010
1110111000100011
1110111000100100
1110111000100101
1110111000100110
1110111000100111
1110111000101000
1110111000101001
1110111000101010
1110111000101011
1110111000101100
1110111000101101
1110111000110010
1110111000111001
1110111000111010
1110111000111011
1110111000111100
1110111000111101
1110111001100000
1110111001100010
1110111001100011
1110111001100100
1110111001100101
1110111001100110
1110111001100111
1110111001101000
1110111001101001
1110111001101010
1110111001101011
1110111001101100
1110111001101101
1110111001110000
1110111001110010
1110111001110011
1110111001110100
1110111001110101
1110111001110110
1110111001111000
1110111001111001
1110111001111010
1110111001111100
1110111010010010
1110111010010011
1110111010010100
1110111010010110
1110111010010111
1110111010011000
1110111010011001
1110111010011010
1110111010011011
1110111010011100
1110111010100010
1110111010100011
1110111010100100
1110111010100110
1110111010100111
1110111010101000
1110111010110000
1110111010110010
1110111010110011
1110111010110100
1110111010110101
1110111010110110
1110111010110111
1110111010111000
1110111010111001
1110111011000010
1110111011000011
1110111011000100
1110111011000101
1110111011000110
1110111011000111
1110111011001000
1110111011001001
1110111011100010
1110111011100011
1110111011100100
1110111011100101
1110111011100110
1110111011100111
1110111011110010
1110111011110011
1110111011110100
1110111011110101
1110111011110110
1110111101000010
1110111101000011
1110111101000100
1110111101000101
1110111101000110
1110111101000111
1110111101001000
1110111101001001
1110111101001010
1110111101001011
1110111101001100
1110111101001101
1110111101100000
1110111101100010
1110111101100011
1110111101100100
1110111101100101
1110111101101000
1110111101101001
1110111101110000
1110111101110010
1110111101110011
1110111101110100
1110111101110101
1110111101111000
1110111101111001
1111000010010010
1111000010010011
1111000010010100
1111000010010101
1111000010010111
1111000010011000
1111000010011001
1111000010011010
1111000010011011
1111000010011100
1111000010011101
1111000010011110
1111000010011111
1111000011000010
1111000011000100
1111000011000101
1111000011000110
1111000011000111
1111000011001000
1111000011001001
1111000011001010
1111000011001011
1111000011001100
1111000011001101
1111000011001110
1111000011001111
1111000011010011
1111000011010100
1111000011010101
1111000011010110
1111000011010111
1111000011011000
1111000011011001
1111000011011010
1111000011011011
1111000011011100
1111000011011101
1111000011011110
1111001010010010
1111001010010011
1111001010010110
1111001010010111
1111001010011001
1111001010011010
1111001010011011
1111001010011100
1111001010011110
1111001010100010
1111001010100011
1111001010100100
1111001010100110
1111001010101000
1111001010101011
1111001010101100
1111001010101101
1111001010110000
1111001010110010
1111001010110011
1111001010110100
1111001010110101
1111001010110111
1111001010111000
1111001010111001
1111001010111010
1111001010111011
1111001010111100
1111001010111101
1111001011000010
1111001011000011
1111001011000100
1111001011000110
1111001011000111
1111001011001000
1111001011001001
1111001011001010
1111001011001011
1111001011001100
1111001011001101
1111001011001110
1111001011001111
1111001011100010
1111001011100100
1111001011100101
1111001011100110
1111001011100111
1111001011101000
1111001011101001
1111001011101010
1111001011101011
1111001011101100
1111001011101101
1111001011110011
1111001011110100
1111001011110101
1111001011110110
1111001011111000
1111001011111001
1111001011111010
1111001011111100
1111001101000010
1111001101000011
1111001101000100
1111001101000101
1111001101000110
1111001101000111
1111001101001000
1111001101001001
1111001101001010
1111001101001011
1111001101001100
1111001101001101
1111001101100000
1111001101100010
1111001101100011
1111001101100100
1111001101100101
1111001101101000
1111001101101001
1111001101110000
1111001101110010
1111001101110011
1111001101110100
1111001101110101
1111001101111000
1111001101111001
1111001110010010
1111001110010011
1111001110011000
1111001110011010
1111001110011011
1111001111000010
1111001111000011
1111001111001000
1111001111001001
1111001111001010
1111001111001011
1111001111010010
1111001111010011
1111001111011000
1111001111011001
1111001111011010
1111001111011011
1111010010010010
1111010010010011
1111010010010100
1111010010010110
1111010010010111
1111010010011000
1111010010011001
1111010010011011
1111010010011100
1111010010011110
1111010011000010
1111010011000011
1111010011000100
1111010011000101
1111010011000110
1111010011001000
1111010011001001
1111010011001010
1111010011001011
1111010011001100
1111010011001101
1111010011001110
1111010011001111
1111010011010010
1111010011010011
1111010011010100
1111010011010111
1111010011011000
1111010011011001
1111010011011010
1111010011011011
1111010011011100
1111010011011101
1111010011011110
1111010101000010
1111010101000011
1111010101000100
1111010101001000
1111010101001011
1111010101001100
1111010101100000
1111010101100010
1111010101100011
1111010101100100
1111010101100101
1111010101100110
1111010101100111
1111010101101000
1111010101101001
1111010101101011
1111010101101100
1111010101101101
1111010101110010
1111010101110011
1111010101110100
1111010101110110
1111010101111000
1111010101111001
1111010101111010
1111010101111100
1111010110010010
1111010110010011
1111010110010100
1111010110010101
1111010110010110
1111010110010111
1111010110011000
1111010110011001
1111010110011010
1111010110011100
1111010110011101
1111010110011110
1111010110011111
1111010111000010
1111010111000011
1111010111000100
1111010111000101
1111010111000110
1111010111000111
1111010111001001
1111010111001010
1111010111001011
1111010111001100
1111010111001101
1111010111001110
1111010111001111
1111010111010000
1111010111010010
1111010111010011
1111010111010100
1111010111010110
1111010111011000
1111010111011001
1111010111011010
1111010111011011
1111010111011100
1111010111011110
1111011010010010
1111011010010011
1111011010010100
1111011010010110
1111011010010111
1111011010011000
1111011010011001
1111011010011010
1111011010011011
1111011010011101
1111011010011110
1111011010011111
1111011010100010
1111011010100011
1111011010100100
1111011010100110
1111011010100111
1111011010101000
1111011010101100
1111011010101101
1111011010110000
1111011010110010
1111011010110011
1111011010110100
1111011010110101
1111011010110110
1111011010110111
1111011010111000
1111011010111001
1111011010111011
1111011010111100
1111011010111101
1111011011000010
1111011011000011
1111011011000100
1111011011000101
1111011011000110
1111011011000111
1111011011001000
1111011011001010
1111011011001011
1111011011001101
1111011011001110
1111011011001111
1111011011100000
1111011011100010
1111011011100011
1111011011100100
1111011011100101
1111011011100110
1111011011101000
1111011011101001
1111011011101010
1111011011101011
1111011011101100
1111011011101101
1111011011110000
1111011011110010
1111011011110011
1111011011110100
1111011011110101
1111011011111000
1111011011111001
1111011011111010
1111011011111100
1111011101000010
1111011101000011
1111011101000100
1111011101000101
1111011101000110
1111011101000111
1111011101001000
1111011101001001
1111011101001010
1111011101001011
1111011101001100
1111011101001101
1111011101100000
1111011101100010
1111011101100011
1111011101100100
1111011101100101
1111011101101001
1111011101110000
1111011101110010
1111011101110011
1111011101110100
1111011101111000
1111011101111001
1111100001000010
1111100001000011
1111100001000100
1111100001000101
1111100001000110
1111100001000111
1111100001001000
1111100001001001
1111100001001010
1111100001001011
1111100001001100
1111100001001101
1111100001001110
1111100001001111
1111100001100010
1111100001100011
1111100001100100
1111100001100101
1111100001100110
1111100001100111
1111100001101000
1111100001101001
1111100001101010
1111100001101011
1111100001101100
1111100001101101
1111100001101110
1111100001110010
1111100001110011
1111100001110100
1111100001110101
1111100001110110
1111100001111001
1111100001111010
1111100010010010
1111100010010011
1111100010010100
1111100010010110
1111100010010111
1111100010011000
1111100010011001
1111100010011010
1111100010011011
1111100010011100
1111100010011101
1111100011000010
1111100011000011
1111100011000100
1111100011000101
1111100011000110
1111100011000111
1111100011001000
1111100011001001
1111100011001010
1111100011001100
1111100011001101
1111100011001110
1111100011010010
1111100011010011
1111100011010100
1111100011010110
1111100011010111
1111100011011000
1111100011011001
1111100011011011
1111100011011100
1111100011011101
1111100101000010
1111100101000011
1111100101000100
1111100101000110
1111100101000111
1111100101001000
1111100101001011
1111100101001100
1111100101001110
1111100101100010
1111100101100011
1111100101100100
1111100101100101
1111100101100110
1111100101100111
1111100101101000
1111100101101001
1111100101101010
1111100101101011
1111100101101100
1111100101101101
1111100101110010
1111100101110011
1111100101110100
1111100101110101
1111100101110110
1111100101111000
1111100101111001
1111100101111010
1111100101111100
1111100110010010
1111100110010011
1111100110011000
1111100110011001
1111100110011010
1111100110011011
1111100111000010
1111100111000011
1111100111001000
1111100111001001
1111100111001010
1111100111001011
1111100111010000
1111100111010010
1111100111010011
1111100111011001
1111100111011010
1111101000001001
1111101000001010
1111101000001011
1111101000001101
1111101000001110
1111101000001111
1111101000100010
1111101000100011
1111101000100100
1111101000100110
1111101000100111
1111101000101000
1111101000101011
1111101000101100
1111101000101101
1111101000110000
1111101000110010
1111101000110011
1111101000110100
1111101000110110
1111101000110111
1111101000111000
1111101000111010
1111101000111011
1111101000111100
1111101001100000
1111101001100010
1111101001100011
1111101001100100
1111101001100110
1111101001100111
1111101001101000
1111101001101011
1111101001101100
1111101001101101
1111101001110000
1111101001110010
1111101001110011
1111101001110100
1111101001110110
1111101001111000
1111101001111100
1111101010011000
1111101010011011
1111101010110000
1111101010110010
1111101010110011
1111101010111000
1111101010111001
1111101011000010
1111101011000011
1111101011001000
1111101011001001
1111101011001010
1111101011001011
1111101011100000
1111101011100010
1111101011100011
1111101011101000
1111101011101001
1111101011110000
1111101011110010
1111101011110011
1111101011111000
1111101011111001
1111101101000010
1111101101000011
1111101101001000
1111101101001001
1111101101001010
1111101101001011
1111101101101000
1111101101101001
1111101101110000
1111101101110010
1111101101110011
1111101101111000
1111101101111001
1111110001000010
1111110001000011
1111110001000100
1111110001000101
1111110001000110
1111110001000111
1111110001001001
1111110001001010
1111110001001011
1111110001001100
1111110001001101
1111110001001110
1111110001001111
1111110001100010
1111110001100011
1111110001100100
1111110001100101
1111110001100110
1111110001100111
1111110001101000
1111110001101001
1111110001101010
1111110001101011
1111110001101100
1111110001101101
1111110001101110
1111110001110010
1111110001110011
1111110001110100
1111110001110110
1111110001111001
1111110001111010
1111110010010010
1111110010010011
1111110010010100
1111110010010110
1111110010010111
1111110010011000
1111110010011001
1111110010011010
1111110010011011
1111110010011100
1111110011000010
1111110011000011
1111110011000100
1111110011000101
1111110011000110
1111110011000111
1111110011001000
1111110011001001
1111110011001010
1111110011010010
1111110011010011
1111110011010100
1111110011010110
1111110011010111
1111110011011000
1111110011011001
1111110101000010
1111110101000011
1111110101000100
1111110101000110
1111110101001000
1111110101001011
1111110101001100
1111110101100000
1111110101100010
1111110101100011
1111110101100100
1111110101100101
1111110101100110
1111110101100111
1111110101101000
1111110101101001
1111110101101010
1111110101101011
1111110101101100
1111110101101101
1111110101110000
1111110101110010
1111110101110011
1111110101110100
1111110101110110
1111110101111000
1111110101111001
1111110101111010
1111110101111100
