0000001100101001
0000001100101011
0000001100101110
0000001100110110
0000001100111001
0000001100111010
0000001100111011
0000001100111110
0000001101001001
0000001101001010
0000001101001110
0000001101010010
0000001101011001
0000001101011010
0000001101011011
0000001101011110
0000001101100010
0000001101100011
0000001101100100
0000001101100101
0000001101100110
0000001101100111
0000001101101000
0000001101101001
0000001101101010
0000001101101011
0000001101101100
0000001101101101
0000001101101110
0000001101101111
0000001101110000
0000001101110010
0000001101110011
0000001101110100
0000001101110101
0000001101110110
0000001101110111
0000001101111000
0000001101111001
0000001101111010
0000001101111011
0000001101111100
0000001101111101
0000001101111110
0000001110001001
0000001110001011
0000001110001110
0000001110010010
0000001110010011
0000001110010101
0000001110010110
0000001110010111
0000001110011001
0000001110011010
0000001110011011
0000001110011101
0000001110011110
0000001110100011
0000001110100101
0000001110100110
0000001110100111
0000001110101001
0000001110101011
0000001110101101
0000001110101110
0000001110101111
0000001110110010
0000001110110011
0000001110110101
0000001110110110
0000001110110111
0000001110111001
0000001110111010
0000001110111011
0000001110111101
0000001110111110
0000001111000100
0000001111000101
0000001111000110
0000001111001000
0000001111001001
0000001111001010
0000001111001011
0000001111001100
0000001111001101
0000001111001110
0000001111010000
0000001111010010
0000001111010011
0000001111010100
0000001111010101
0000001111010110
0000001111010111
0000001111011000
0000001111011001
0000001111011010
0000001111100010
0000001111100100
0000001111100101
0000001111100110
0000001111101011
0000001111101100
0000001111101101
0000001111110010
0000001111110100
0000001111110101
0000001111110110
0000010100101011
0000010100101110
0000010100110110
0000010100111001
0000010100111010
0000010100111011
0000010100111110
0000010101001011
0000010101001110
0000010101011010
0000010101011110
0000010101100010
0000010101100011
0000010101100110
0000010101100111
0000010101101000
0000010101101001
0000010101101010
0000010101101101
0000010101101110
0000010101101111
0000010101110010
0000010101110011
0000010101110110
0000010101110111
0000010101111000
0000010101111001
0000010101111010
0000010101111011
0000010101111100
0000010101111101
0000010101111110
0000010110001010
0000010110001011
0000010110001101
0000010110001110
0000010110001111
0000010110010010
0000010110010011
0000010110010110
0000010110010111
0000010110011001
0000010110011010
0000010110011011
0000010110011101
0000010110011110
0000010110011111
0000010110100010
0000010110100011
0000010110100101
0000010110100110
0000010110100111
0000010110101001
0000010110101010
0000010110101101
0000010110101110
0000010110101111
0000010110110010
0000010110110011
0000010110110101
0000010110110110
0000010110110111
0000010110111001
0000010110111010
0000010110111011
0000010110111101
0000010110111110
0000010110111111
0000010111000110
0000010111000111
0000010111001000
0000010111001001
0000010111001010
0000010111001011
0000010111001100
0000010111001101
0000010111001110
0000010111001111
0000010111010010
0000010111010011
0000010111010110
0000010111010111
0000010111011000
0000010111011001
0000010111011010
0000010111011011
0000010111011100
0000010111011101
0000010111011110
0000010111011111
0000010111100000
0000010111100010
0000010111100011
0000010111100100
0000010111100101
0000010111100110
0000010111100111
0000010111101011
0000010111101100
0000010111101101
0000010111101110
0000010111101111
0000010111110000
0000010111110010
0000010111110011
0000010111110101
0000010111110110
0000010111110111
0000010111111011
0000011000101001
0000011000101011
0000011000101110
0000011000110010
0000011000110110
0000011000111001
0000011000111010
0000011000111011
0000011001001000
0000011001001001
0000011001001011
0000011001001110
0000011001010110
0000011001011000
0000011001011001
0000011001011010
0000011001011011
0000011001011110
0000011001100010
0000011001100011
0000011001100101
0000011001100110
0000011001100111
0000011001101000
0000011001101001
0000011001101010
0000011001101011
0000011001101100
0000011001101101
0000011001101110
0000011001101111
0000011001110010
0000011001110011
0000011001110101
0000011001110110
0000011001110111
0000011001111000
0000011001111001
0000011001111010
0000011001111011
0000011001111100
0000011001111101
0000011001111110
0000011010001001
0000011010001011
0000011010001100
0000011010001101
0000011010001110
0000011010001111
0000011010010010
0000011010010011
0000011010010100
0000011010010101
0000011010010111
0000011010011000
0000011010011001
0000011010011010
0000011010011011
0000011010011100
0000011010011101
0000011010011110
0000011010011111
0000011010100011
0000011010100100
0000011010100101
0000011010100110
0000011010100111
0000011010101001
0000011010101101
0000011010101110
0000011010101111
0000011010110010
0000011010110011
0000011010110100
0000011010110101
0000011010110110
0000011010110111
0000011010111000
0000011010111001
0000011010111010
0000011010111011
0000011010111100
0000011010111101
0000011010111110
0000011010111111
0000011011000100
0000011011000101
0000011011000110
0000011011000111
0000011011001000
0000011011001001
0000011011001010
0000011011001011
0000011011001100
0000011011001110
0000011011001111
0000011011010000
0000011011010010
0000011011010011
0000011011010100
0000011011010101
0000011011010110
0000011011010111
0000011011011000
0000011011011001
0000011011011010
0000011011011011
0000011011011100
0000011011011101
0000011011011110
0000011011011111
0000011011100000
0000011011100010
0000011011100011
0000011011100100
0000011011100101
0000011011100110
0000011011100111
0000011011101011
0000011011101100
0000011011101101
0000011011101110
0000011011101111
0000011011110000
0000011011110010
0000011011110011
0000011011110100
0000011011110101
0000011011110110
0000011011110111
0000011011111011
0000011011111100
0000011011111101
0000011100101000
0000011100101001
0000011100101010
0000011100101011
0000011100101110
0000011100110000
0000011100110010
0000011100110110
0000011100111000
0000011100111001
0000011100111010
0000011100111011
0000011100111110
0000011101001000
0000011101001001
0000011101001010
0000011101001011
0000011101001110
0000011101010110
0000011101011000
0000011101011001
0000011101011010
0000011101011011
0000011101011110
0000011101100010
0000011101100011
0000011101100100
0000011101100110
0000011101101000
0000011101101001
0000011101101010
0000011101101011
0000011101101100
0000011101101110
0000011101110010
0000011101110011
0000011101110100
0000011101110110
0000011101111000
0000011101111001
0000011101111010
0000011101111011
0000011101111100
0000011101111110
0000011110001001
0000011110001010
0000011110001011
0000011110001100
0000011110001110
0000011110010010
0000011110010011
0000011110010100
0000011110010110
0000011110011000
0000011110011001
0000011110011010
0000011110011011
0000011110011100
0000011110011110
0000011110100010
0000011110100011
0000011110100100
0000011110100110
0000011110101000
0000011110101001
0000011110101010
0000011110101011
0000011110101100
0000011110101110
0000011110110000
0000011110110010
0000011110110011
0000011110110100
0000011110111001
0000011110111010
0000011110111011
0000011110111100
0000011110111110
0000011111000100
0000011111000110
0000011111001000
0000011111001001
0000011111001010
0000011111001011
0000011111001100
0000011111001110
0000011111010000
0000011111010010
0000011111010011
0000011111010100
0000011111010110
0000011111011000
0000011111011001
0000011111011010
0000011111011011
0000011111011100
0000011111011110
0000011111100010
0000011111100100
0000011111100110
0000011111101011
0000011111101100
0000011111101110
0000100100101011
0000100100101111
0000100100110011
0000100100110111
0000100100111011
0000100100111111
0000100101001011
0000100101001101
0000100101001110
0000100101001111
0000100101010011
0000100101010110
0000100101010111
0000100101011001
0000100101011010
0000100101011011
0000100101011101
0000100101011110
0000100101011111
0000100101100010
0000100101100110
0000100101100111
0000100101101011
0000100101101101
0000100101101110
0000100101101111
0000100101110011
0000100101110110
0000100101110111
0000100101111011
0000100101111101
0000100101111110
0000100110001111
0000100110010011
0000100110010111
0000100110011111
0000100110100011
0000100110100111
0000100110101111
0000100110110011
0000100110110111
0000100110111111
0000100111000101
0000100111000111
0000100111001101
0000100111001111
0000100111010011
0000100111010101
0000100111010111
0000100111011101
0000100111011111
0000101000101111
0000101000110101
0000101000110110
0000101000111001
0000101000111011
0000101000111101
0000101000111110
0000101000111111
0000101001001011
0000101001001100
0000101001001101
0000101001001110
0000101001010011
0000101001010110
0000101001010111
0000101001011000
0000101001011001
0000101001011010
0000101001011011
0000101001011100
0000101001011101
0000101001011110
0000101001011111
0000101001100011
0000101001100101
0000101001100110
0000101001100111
0000101001101011
0000101001101100
0000101001101101
0000101001101110
0000101001101111
0000101001110010
0000101001110100
0000101001110101
0000101001110110
0000101001110111
0000101001111011
0000101001111100
0000101001111101
0000101001111110
0000101010001101
0000101010001111
0000101010010011
0000101010010111
0000101010011101
0000101010011111
0000101010100111
0000101010101111
0000101010110011
0000101010110111
0000101010111101
0000101010111111
0000101011000100
0000101011000101
0000101011000111
0000101011001100
0000101011001101
0000101011001111
0000101011010011
0000101011010100
0000101011010111
0000101011011100
0000101011011101
0000101011011111
0000101100101011
0000101100101101
0000101100101110
0000101100101111
0000101100110010
0000101100110011
0000101100110101
0000101100110110
0000101100110111
0000101100111001
0000101100111010
0000101100111011
0000101100111101
0000101100111110
0000101100111111
0000101101001000
0000101101001001
0000101101001010
0000101101001011
0000101101001100
0000101101001101
0000101101001110
0000101101001111
0000101101010000
0000101101010010
0000101101010011
0000101101010100
0000101101010111
0000101101011001
0000101101011010
0000101101011011
0000101101011100
0000101101011101
0000101101011110
0000101101011111
0000101101100010
0000101101100011
0000101101100100
0000101101100110
0000101101100111
0000101101101011
0000101101101100
0000101101101101
0000101101101110
0000101101101111
0000101101110000
0000101101110010
0000101101110011
0000101101110101
0000101101110110
0000101101110111
0000101101111011
0000101101111100
0000101101111101
0000101101111110
0000101110001101
0000101110001111
0000101110010011
0000101110010101
0000101110010111
0000101110011101
0000101110011111
0000101110100011
0000101110100101
0000101110100111
0000101110101101
0000101110101111
0000101110110011
0000101110110101
0000101110110111
0000101110111101
0000101110111111
0000101111000100
0000101111000101
0000101111000111
0000101111001100
0000101111001101
0000101111001111
0000101111010011
0000101111010100
0000101111010101
0000101111010111
0000101111011100
0000101111011101
0000101111011111
0000110000101001
0000110000101011
0000110000101101
0000110000101110
0000110000101111
0000110000110011
0000110000110101
0000110000110110
0000110000110111
0000110000111010
0000110000111011
0000110000111101
0000110000111110
0000110001001001
0000110001001010
0000110001001011
0000110001001100
0000110001001101
0000110001001110
0000110001001111
0000110001010010
0000110001010011
0000110001010110
0000110001011000
0000110001011001
0000110001011010
0000110001011011
0000110001011100
0000110001011101
0000110001011110
0000110001011111
0000110001100010
0000110001100011
0000110001100100
0000110001100101
0000110001100111
0000110001101000
0000110001101001
0000110001101010
0000110001101011
0000110001101100
0000110001101101
0000110001101110
0000110001101111
0000110001110010
0000110001110011
0000110001110100
0000110001110110
0000110001110111
0000110001111000
0000110001111001
0000110001111011
0000110001111100
0000110001111101
0000110001111110
0000110010001011
0000110010001101
0000110010001110
0000110010001111
0000110010010101
0000110010010110
0000110010010111
0000110010011011
0000110010011101
0000110010011110
0000110010011111
0000110010100011
0000110010100101
0000110010100110
0000110010100111
0000110010101011
0000110010101101
0000110010101110
0000110010101111
0000110010110011
0000110010110101
0000110010110110
0000110010110111
0000110010111011
0000110010111101
0000110010111110
0000110010111111
0000110011000100
0000110011000101
0000110011000110
0000110011000111
0000110011001011
0000110011001100
0000110011001101
0000110011001110
0000110011001111
0000110011010010
0000110011010011
0000110011010100
0000110011010101
0000110011010110
0000110011010111
0000110011011011
0000110011011100
0000110011011101
0000110011011110
0000110011011111
0000110011100011
0000110011100100
0000110011100101
0000110011100111
0000110011101100
0000110011101101
0000110011101111
0000110011110011
0000110011110100
0000110011110101
0000110011110111
0000110011111100
0000110011111101
0000110100101001
0000110100101010
0000110100101101
0000110100101110
0000110100110010
0000110100110011
0000110100110101
0000110100110110
0000110100110111
0000110100111001
0000110100111011
0000110100111101
0000110100111110
0000110100111111
0000110101001000
0000110101001010
0000110101001011
0000110101001100
0000110101001101
0000110101001110
0000110101001111
0000110101010010
0000110101010011
0000110101010111
0000110101011001
0000110101011010
0000110101011011
0000110101011100
0000110101011101
0000110101011110
0000110101011111
0000110101100010
0000110101100011
0000110101100100
0000110101100101
0000110101100110
0000110101101000
0000110101101001
0000110101101010
0000110101101011
0000110101101100
0000110101101101
0000110101101110
0000110101101111
0000110101110000
0000110101110010
0000110101110011
0000110101110100
0000110101110101
0000110101110111
0000110101111000
0000110101111001
0000110101111010
0000110101111011
0000110101111100
0000110101111101
0000110101111110
0000110110001011
0000110110001101
0000110110001110
0000110110001111
0000110110010010
0000110110010011
0000110110010101
0000110110010110
0000110110010111
0000110110011011
0000110110011101
0000110110011110
0000110110011111
0000110110100010
0000110110100101
0000110110100110
0000110110100111
0000110110101011
0000110110101101
0000110110101110
0000110110101111
0000110110110011
0000110110110101
0000110110110110
0000110110110111
0000110110111011
0000110110111101
0000110110111110
0000110110111111
0000110111000100
0000110111000101
0000110111000110
0000110111000111
0000110111001011
0000110111001100
0000110111001101
0000110111001110
0000110111001111
0000110111010010
0000110111010011
0000110111010100
0000110111010101
0000110111010110
0000110111010111
0000110111011011
0000110111011100
0000110111011101
0000110111011110
0000110111011111
0000110111100011
0000110111100100
0000110111100101
0000110111100111
0000110111101100
0000110111101101
0000110111101111
0000110111110100
0000110111110101
0000110111110111
0000111000101001
0000111000101011
0000111000101101
0000111000110010
0000111000110011
0000111000110110
0000111000111001
0000111000111010
0000111000111100
0000111000111101
0000111000111110
0000111001001000
0000111001001001
0000111001001011
0000111001001100
0000111001001101
0000111001001110
0000111001001111
0000111001010000
0000111001010010
0000111001010011
0000111001010100
0000111001010101
0000111001010110
0000111001010111
0000111001011000
0000111001011010
0000111001011011
0000111001011100
0000111001011101
0000111001011110
0000111001011111
0000111001100000
0000111001100010
0000111001100011
0000111001100100
0000111001100101
0000111001100110
0000111001100111
0000111001101001
0000111001101010
0000111001101011
0000111001101100
0000111001101101
0000111001101110
0000111001101111
0000111001110000
0000111001110010
0000111001110011
0000111001110100
0000111001110101
0000111001110110
0000111001111000
0000111001111001
0000111001111010
0000111001111011
0000111001111100
0000111001111101
0000111001111110
0000111010001011
0000111010001100
0000111010001101
0000111010001110
0000111010001111
0000111010010010
0000111010010011
0000111010010100
0000111010010110
0000111010010111
0000111010011011
0000111010011100
0000111010011101
0000111010011110
0000111010011111
0000111010100011
0000111010100101
0000111010100110
0000111010100111
0000111010101011
0000111010101100
0000111010101101
0000111010101110
0000111010101111
0000111010110010
0000111010110100
0000111010110101
0000111010110110
0000111010110111
0000111010111011
0000111010111100
0000111010111101
0000111010111110
0000111010111111
0000111011000100
0000111011000101
0000111011000110
0000111011000111
0000111011001011
0000111011001100
0000111011001101
0000111011001110
0000111011001111
0000111011010010
0000111011010011
0000111011010100
0000111011010101
0000111011010110
0000111011010111
0000111011011011
0000111011011100
0000111011011101
0000111011011110
0000111011011111
0000111011100011
0000111011100100
0000111011100101
0000111011100111
0000111011101100
0000111011101101
0000111011101111
0000111011110100
0000111011110101
0000111011110111
0000111100101000
0000111100101001
0000111100101010
0000111100101011
0000111100101100
0000111100110000
0000111100110010
0000111100110011
0000111100110100
0000111100110110
0000111100111000
0000111100111001
0000111100111010
0000111100111011
0000111101001000
0000111101001001
0000111101001010
0000111101001100
0000111101001110
0000111101010000
0000111101010010
0000111101010011
0000111101010100
0000111101010110
0000111101011000
0000111101011001
0000111101011011
0000111101011100
0000111101011110
0000111101100000
0000111101100010
0000111101100011
0000111101100100
0000111101100110
0000111101101000
0000111101101010
0000111101101011
0000111101101100
0000111101101110
0000111101110000
0000111101110010
0000111101110011
0000111101110100
0000111101110110
0000111110001011
0000111110001100
0000111110001110
0000111110010010
0000111110010011
0000111110010100
0000111110011011
0000111110011100
0000111110011110
0000111110100010
0000111110100011
0000111110100100
0000111110100110
0000111110101011
0000111110101100
0000111110101110
0000111110110010
0000111110110011
0000111110110110
0000111111000100
0000111111000110
0000111111001011
0000111111001100
0000111111001110
0000111111010011
0000111111010100
0000111111010110
0010001100101001
0010001100111000
0010001100111001
0010001100111010
0010001101001000
0010001101001001
0010001101001010
0010001101011000
0010001101011001
0010001101011010
0010001101100000
0010001101100010
0010001101100110
0010001101101000
0010001101101001
0010001101101010
0010001101101011
0010001101101110
0010001101110000
0010001101110010
0010001101110110
0010001101111000
0010001101111001
0010001101111010
0010001101111011
0010001101111110
0010001110001001
0010001110001011
0010001110001100
0010001110001101
0010001110001110
0010001110001111
0010001110010010
0010001110010011
0010001110010100
0010001110010101
0010001110010110
0010001110010111
0010001110011000
0010001110011001
0010001110011010
0010001110011011
0010001110011100
0010001110011101
0010001110011110
0010001110011111
0010001110100011
0010001110100100
0010001110100101
0010001110100110
0010001110100111
0010001110101001
0010001110101011
0010001110101100
0010001110101101
0010001110101110
0010001110101111
0010001110110010
0010001110110011
0010001110110100
0010001110110101
0010001110110110
0010001110110111
0010001110111000
0010001110111001
0010001110111010
0010001110111011
0010001110111100
0010001110111101
0010001110111110
0010001110111111
0010001111000100
0010001111000101
0010001111000110
0010001111000111
0010001111001000
0010001111001001
0010001111001010
0010001111001011
0010001111001100
0010001111001101
0010001111001110
0010001111001111
0010001111010000
0010001111010010
0010001111010011
0010001111010100
0010001111010110
0010001111010111
0010001111011000
0010001111011001
0010001111011010
0010001111011011
0010001111011100
0010001111011101
0010001111011110
0010001111011111
0010001111100000
0010001111100010
0010001111100011
0010001111100100
0010001111100101
0010001111100110
0010001111100111
0010001111101000
0010001111101001
0010001111101010
0010001111101011
0010001111101100
0010001111101101
0010001111101110
0010001111101111
0010001111110000
0010001111110010
0010001111110011
0010001111110100
0010001111110110
0010001111110111
0010010100111000
0010010100111001
0010010100111010
0010010101011000
0010010101100000
0010010101100110
0010010101101000
0010010101101110
0010010101110010
0010010101110110
0010010101111000
0010010101111001
0010010101111010
0010010101111011
0010010101111110
0010010110001001
0010010110001010
0010010110001011
0010010110001100
0010010110001101
0010010110001110
0010010110001111
0010010110010010
0010010110010011
0010010110010100
0010010110010110
0010010110010111
0010010110011000
0010010110011001
0010010110011010
0010010110011011
0010010110011100
0010010110011101
0010010110011110
0010010110011111
0010010110100010
0010010110100011
0010010110100100
0010010110100110
0010010110100111
0010010110101000
0010010110101100
0010010110101110
0010010110101111
0010010110110010
0010010110110011
0010010110110100
0010010110110110
0010010110110111
0010010110111000
0010010110111001
0010010110111010
0010010110111011
0010010110111100
0010010110111101
0010010110111110
0010010110111111
0010010111000100
0010010111000101
0010010111000110
0010010111000111
0010010111001000
0010010111001001
0010010111001010
0010010111001011
0010010111001100
0010010111001101
0010010111001110
0010010111001111
0010010111010000
0010010111010010
0010010111010011
0010010111010100
0010010111010110
0010010111010111
0010010111011000
0010010111011001
0010010111011010
0010010111011011
0010010111011100
0010010111011101
0010010111011110
0010010111011111
0010010111100000
0010010111100010
0010010111100011
0010010111100100
0010010111100101
0010010111100110
0010010111100111
0010010111101000
0010010111101001
0010010111101010
0010010111101011
0010010111101100
0010010111101101
0010010111101110
0010010111101111
0010010111110000
0010010111110010
0010010111110011
0010010111110100
0010010111110101
0010010111110110
0010010111110111
0010010111111000
0010010111111001
0010010111111010
0010010111111011
0010011000101001
0010011000111000
0010011000111001
0010011000111010
0010011001001000
0010011001001001
0010011001001010
0010011001011000
0010011001011001
0010011001011010
0010011001100000
0010011001100110
0010011001101000
0010011001101001
0010011001101010
0010011001101011
0010011001101110
0010011001110000
0010011001110110
0010011001111000
0010011001111001
0010011001111010
0010011001111011
0010011001111110
0010011010001001
0010011010001011
0010011010001100
0010011010001101
0010011010001110
0010011010001111
0010011010010010
0010011010010011
0010011010010100
0010011010010110
0010011010010111
0010011010011000
0010011010011001
0010011010011010
0010011010011011
0010011010011100
0010011010011101
0010011010011110
0010011010011111
0010011010100011
0010011010100100
0010011010100110
0010011010100111
0010011010101100
0010011010101110
0010011010101111
0010011010110010
0010011010110011
0010011010110100
0010011010110110
0010011010110111
0010011010111000
0010011010111001
0010011010111010
0010011010111011
0010011010111100
0010011010111101
0010011010111110
0010011010111111
0010011011000100
0010011011000101
0010011011000110
0010011011000111
0010011011001000
0010011011001001
0010011011001010
0010011011001011
0010011011001100
0010011011001101
0010011011001110
0010011011001111
0010011011010000
0010011011010010
0010011011010011
0010011011010100
0010011011010110
0010011011010111
0010011011011000
0010011011011001
0010011011011010
0010011011011011
0010011011011100
0010011011011101
0010011011011110
0010011011011111
0010011011100000
0010011011100010
0010011011100011
0010011011100100
0010011011100101
0010011011100110
0010011011100111
0010011011101000
0010011011101001
0010011011101010
0010011011101011
0010011011101100
0010011011101101
0010011011101110
0010011011101111
0010011011110000
0010011011110010
0010011011110011
0010011011110100
0010011011110101
0010011011110110
0010011011110111
0010011011111000
0010011011111001
0010011011111010
0010011011111011
0010011011111100
0010011011111101
0010011100101000
0010011100101001
0010011100101010
0010011100111000
0010011100111001
0010011100111010
0010011101001000
0010011101001001
0010011101001010
0010011101011000
0010011101011001
0010011101011010
0010011101100110
0010011101101000
0010011101101001
0010011101101010
0010011101101011
0010011101101110
0010011101110000
0010011101110110
0010011101111000
0010011101111001
0010011101111010
0010011101111011
0010011101111110
0010011110001001
0010011110001010
0010011110001011
0010011110001100
0010011110001110
0010011110010010
0010011110010011
0010011110010100
0010011110010110
0010011110011000
0010011110011001
0010011110011010
0010011110011011
0010011110011100
0010011110011110
0010011110100010
0010011110100011
0010011110100100
0010011110100110
0010011110101000
0010011110101011
0010011110101100
0010011110101110
0010011110110000
0010011110110010
0010011110110011
0010011110110100
0010011110110110
0010011110111000
0010011110111001
0010011110111010
0010011110111011
0010011110111100
0010011110111110
0010011111000100
0010011111000110
0010011111001000
0010011111001001
0010011111001010
0010011111001011
0010011111001100
0010011111001110
0010011111010000
0010011111010010
0010011111010011
0010011111010100
0010011111010110
0010011111011000
0010011111011001
0010011111011010
0010011111011011
0010011111011100
0010011111011110
0010011111100000
0010011111100010
0010011111100011
0010011111100100
0010011111100110
0010011111101000
0010011111101011
0010011111101100
0010011111101110
0010100100101110
0010100100101111
0010100100110011
0010100100110110
0010100100110111
0010100100111001
0010100100111010
0010100100111011
0010100100111110
0010100101001100
0010100101001110
0010100101011000
0010100101011100
0010100101011110
0010100101011111
0010100101100010
0010100101100011
0010100101100100
0010100101100110
0010100101100111
0010100101101000
0010100101101100
0010100101101110
0010100101101111
0010100101110010
0010100101110011
0010100101110110
0010100101110111
0010100101111000
0010100101111001
0010100101111010
0010100101111011
0010100101111100
0010100101111101
0010100101111110
0010100110001011
0010100110001101
0010100110001110
0010100110001111
0010100110010110
0010100110010111
0010100110011011
0010100110011101
0010100110011110
0010100110011111
0010100110100011
0010100110100110
0010100110100111
0010100110101110
0010100110101111
0010100110110011
0010100110110110
0010100110110111
0010100110111011
0010100110111101
0010100110111110
0010100110111111
0010100111000100
0010100111000101
0010100111000110
0010100111000111
0010100111001011
0010100111001100
0010100111001101
0010100111001110
0010100111001111
0010100111010010
0010100111010011
0010100111010100
0010100111010110
0010100111010111
0010100111011011
0010100111011100
0010100111011101
0010100111011110
0010100111011111
0010100111100011
0010100111100100
0010100111100111
0010100111101100
0010100111101101
0010100111101111
0010100111110011
0010100111110100
0010100111110111
0010101000101111
0010101000110011
0010101000110110
0010101000110111
0010101000111011
0010101000111100
0010101000111110
0010101001001100
0010101001001110
0010101001011000
0010101001011100
0010101001011110
0010101001011111
0010101001100011
0010101001100100
0010101001100111
0010101001101100
0010101001101110
0010101001101111
0010101001110010
0010101001110011
0010101001110100
0010101001110110
0010101001110111
0010101001111000
0010101001111011
0010101001111100
0010101010011100
0010101010111100
0010101010111110
0010101010111111
0010101011000110
0010101011001100
0010101011001110
0010101011011100
0010101011011110
0010101011011111
0010101011100011
0010101011100111
0010101011101100
0010101011101111
0010101011110011
0010101011110100
0010101011110111
0010101011111100
0010101011111101
0010101100101100
0010101100101110
0010101100101111
0010101100110010
0010101100110011
0010101100110100
0010101100110110
0010101100110111
0010101100111000
0010101100111001
0010101100111011
0010101100111100
0010101100111101
0010101100111110
0010101100111111
0010101101001000
0010101101001100
0010101101001110
0010101101001111
0010101101010000
0010101101011100
0010101101011110
0010101101011111
0010101101100010
0010101101100011
0010101101100100
0010101101100110
0010101101101000
0010101101101100
0010101101101110
0010101101101111
0010101101110000
0010101101110010
0010101101110011
0010101101110100
0010101101110111
0010101101111000
0010101101111001
0010101101111010
0010101101111011
0010101101111100
0010101101111101
0010101101111110
0010101110001011
0010101110001100
0010101110001101
0010101110001110
0010101110001111
0010101110010010
0010101110010011
0010101110010110
0010101110010111
0010101110011011
0010101110011100
0010101110011101
0010101110011110
0010101110011111
0010101110100100
0010101110100110
0010101110100111
0010101110101100
0010101110101110
0010101110101111
0010101110110100
0010101110110110
0010101110110111
0010101110111011
0010101110111100
0010101110111101
0010101110111110
0010101110111111
0010101111000100
0010101111000101
0010101111000110
0010101111000111
0010101111001011
0010101111001100
0010101111001101
0010101111001110
0010101111001111
0010101111010010
0010101111010011
0010101111010100
0010101111010110
0010101111010111
0010101111011011
0010101111011100
0010101111011101
0010101111011110
0010101111011111
0010101111100011
0010101111100100
0010101111100101
0010101111100111
0010101111101100
0010101111101101
0010101111101111
0010101111110011
0010101111110100
0010101111110101
0010101111110111
0010110000101001
0010110000101011
0010110000101110
0010110000110110
0010110000111001
0010110000111010
0010110000111110
0010110001001000
0010110001001001
0010110001001011
0010110001001110
0010110001010010
0010110001010110
0010110001011000
0010110001011010
0010110001011011
0010110001011110
0010110001100010
0010110001100011
0010110001100100
0010110001100101
0010110001100110
0010110001100111
0010110001101001
0010110001101010
0010110001101011
0010110001101100
0010110001101101
0010110001101110
0010110001101111
0010110001110010
0010110001110011
0010110001110100
0010110001110101
0010110001110110
0010110001111000
0010110001111001
0010110001111010
0010110001111011
0010110001111100
0010110001111101
0010110001111110
0010110010001001
0010110010001011
0010110010001100
0010110010001101
0010110010001110
0010110010001111
0010110010010011
0010110010010110
0010110010010111
0010110010011001
0010110010011010
0010110010011011
0010110010011100
0010110010011101
0010110010011110
0010110010011111
0010110010100011
0010110010100110
0010110010100111
0010110010101100
0010110010101110
0010110010101111
0010110010110110
0010110010110111
0010110010111001
0010110010111010
0010110010111011
0010110010111100
0010110010111101
0010110010111110
0010110010111111
0010110011000100
0010110011000101
0010110011000110
0010110011000111
0010110011001000
0010110011001001
0010110011001010
0010110011001011
0010110011001100
0010110011001101
0010110011001110
0010110011001111
0010110011010011
0010110011010100
0010110011010110
0010110011010111
0010110011011000
0010110011011001
0010110011011010
0010110011011011
0010110011011100
0010110011011101
0010110011011110
0010110011011111
0010110011100010
0010110011100011
0010110011100100
0010110011100101
0010110011100110
0010110011100111
0010110011101011
0010110011101100
0010110011101101
0010110011101110
0010110011101111
0010110011110010
0010110011110011
0010110011110100
0010110011110101
0010110011110110
0010110011110111
0010110011111011
0010110011111100
0010110011111101
0010110100101000
0010110100101110
0010110100110010
0010110100110110
0010110100111000
0010110100111001
0010110100111010
0010110100111011
0010110100111110
0010110101001000
0010110101001110
0010110101010000
0010110101011110
0010110101100010
0010110101100011
0010110101100100
0010110101100110
0010110101100111
0010110101101000
0010110101101100
0010110101101110
0010110101101111
0010110101110000
0010110101110010
0010110101110011
0010110101110100
0010110101110110
0010110101110111
0010110101111001
0010110101111010
0010110101111011
0010110101111100
0010110101111101
0010110101111110
0010110110001001
0010110110001010
0010110110001011
0010110110001100
0010110110001101
0010110110001110
0010110110001111
0010110110010010
0010110110010011
0010110110010100
0010110110010111
0010110110011000
0010110110011001
0010110110011010
0010110110011011
0010110110011100
0010110110011101
0010110110011110
0010110110011111
0010110110100010
0010110110100011
0010110110100100
0010110110100110
0010110110100111
0010110110101000
0010110110101100
0010110110101110
0010110110101111
0010110110110010
0010110110110011
0010110110110110
0010110110110111
0010110110111000
0010110110111001
0010110110111010
0010110110111011
0010110110111100
0010110110111101
0010110110111110
0010110110111111
0010110111000100
0010110111000101
0010110111000110
0010110111000111
0010110111001000
0010110111001001
0010110111001010
0010110111001011
0010110111001100
0010110111001101
0010110111001110
0010110111001111
0010110111010000
0010110111010100
0010110111010110
0010110111010111
0010110111011000
0010110111011001
0010110111011010
0010110111011011
0010110111011100
0010110111011101
0010110111011110
0010110111011111
0010110111100000
0010110111100011
0010110111100100
0010110111100101
0010110111100110
0010110111100111
0010110111101011
0010110111101100
0010110111101101
0010110111101110
0010110111101111
0010110111110010
0010110111110011
0010110111110100
0010110111110101
0010110111110110
0010110111110111
0010111000101001
0010111000101011
0010111000110010
0010111000110110
0010111000111000
0010111000111001
0010111000111010
0010111000111011
0010111000111110
0010111001001000
0010111001001001
0010111001001010
0010111001001011
0010111001001110
0010111001010000
0010111001010010
0010111001010110
0010111001011000
0010111001011001
0010111001011010
0010111001011110
0010111001100000
0010111001100010
0010111001100011
0010111001100100
0010111001100101
0010111001100110
0010111001100111
0010111001101001
0010111001101011
0010111001101100
0010111001101101
0010111001101110
0010111001101111
0010111001110000
0010111001110010
0010111001110011
0010111001110100
0010111001110101
0010111001110110
0010111001110111
0010111001111000
0010111001111010
0010111001111011
0010111001111100
0010111001111101
0010111001111110
0010111010001001
0010111010001011
0010111010001101
0010111010001110
0010111010001111
0010111010010010
0010111010010011
0010111010010100
0010111010010110
0010111010011000
0010111010011001
0010111010011010
0010111010011011
0010111010011100
0010111010011110
0010111010011111
0010111010100011
0010111010100100
0010111010100111
0010111010101100
0010111010101110
0010111010101111
0010111010110010
0010111010110011
0010111010110100
0010111010110110
0010111010110111
0010111010111000
0010111010111001
0010111010111010
0010111010111011
0010111010111100
0010111010111101
0010111010111110
0010111010111111
0010111011000101
0010111011000110
0010111011000111
0010111011001000
0010111011001001
0010111011001010
0010111011001011
0010111011001100
0010111011001101
0010111011001110
0010111011001111
0010111011010000
0010111011010100
0010111011010110
0010111011010111
0010111011011000
0010111011011001
0010111011011010
0010111011011011
0010111011011100
0010111011011101
0010111011011110
0010111011011111
0010111011100100
0010111011100101
0010111011100110
0010111011100111
0010111011101011
0010111011101100
0010111011101101
0010111011101110
0010111011101111
0010111011110011
0010111011110100
0010111011110101
0010111011110110
0010111011110111
0010111100101000
0010111100101001
0010111100101010
0010111100101011
0010111100101110
0010111100110000
0010111100110010
0010111100110110
0010111100111000
0010111100111001
0010111100111010
0010111100111011
0010111101001000
0010111101001001
0010111101001010
0010111101001011
0010111101001110
0010111101010000
0010111101010010
0010111101010110
0010111101011000
0010111101011001
0010111101011010
0010111101011011
0010111101011110
0010111101100000
0010111101100010
0010111101100011
0010111101100100
0010111101100110
0010111101101000
0010111101101001
0010111101101010
0010111101101100
0010111101101110
0010111101110000
0010111101110010
0010111101110011
0010111101110100
0010111101110110
0010111110001010
0010111110001011
0010111110001100
0010111110001110
0010111110010010
0010111110010011
0010111110010100
0010111110010110
0010111110011001
0010111110011010
0010111110011011
0010111110011100
0010111110011110
0010111110100010
0010111110100011
0010111110100100
0010111110100110
0010111110101000
0010111110101001
0010111110101010
0010111110101011
0010111110101100
0010111110101110
0010111110110000
0010111110110010
0010111110110011
0010111110110100
0010111111000100
0010111111000110
0010111111001000
0010111111001001
0010111111001010
0010111111001011
0010111111001100
0010111111001110
0010111111010010
0010111111010011
0010111111010110
0011001000101001
0011001000111000
0011001000111001
0011001000111010
0011001001001000
0011001001001001
0011001001001010
0011001001011000
0011001001011001
0011001001011010
0011001001100000
0011001001100010
0011001001100110
0011001001101000
0011001001101001
0011001001101010
0011001001101011
0011001001101110
0011001001110000
0011001001110010
0011001001110110
0011001001111000
0011001001111001
0011001001111010
0011001001111011
0011001001111110
0011001010001001
0011001010001011
0011001010001100
0011001010001101
0011001010001110
0011001010001111
0011001010010010
0011001010010011
0011001010010100
0011001010010110
0011001010010111
0011001010011000
0011001010011001
0011001010011010
0011001010011011
0011001010011100
0011001010011101
0011001010011110
0011001010011111
0011001010100011
0011001010100100
0011001010100110
0011001010100111
0011001010101100
0011001010101110
0011001010101111
0011001010110010
0011001010110011
0011001010110100
0011001010110110
0011001010110111
0011001010111000
0011001010111001
0011001010111010
0011001010111011
0011001010111100
0011001010111101
0011001010111110
0011001010111111
0011001011000100
0011001011000101
0011001011000110
0011001011000111
0011001011001000
0011001011001001
0011001011001010
0011001011001011
0011001011001100
0011001011001101
0011001011001110
0011001011001111
0011001011010000
0011001011010010
0011001011010011
0011001011010100
0011001011010110
0011001011010111
0011001011011000
0011001011011001
0011001011011010
0011001011011011
0011001011011100
0011001011011101
0011001011011110
0011001011011111
0011001011100000
0011001011100010
0011001011100011
0011001011100100
0011001011100101
0011001011100110
0011001011100111
0011001011101000
0011001011101001
0011001011101010
0011001011101011
0011001011101100
0011001011101101
0011001011101110
0011001011101111
0011001011110000
0011001011110011
0011001011110100
0011001011110101
0011001011110110
0011001011110111
0011001011111000
0011001011111001
0011001011111010
0011001011111011
0011001011111100
0011001011111101
0011001100101000
0011001100101001
0011001100101010
0011001100111000
0011001100111001
0011001100111010
0011001101001000
0011001101001001
0011001101001010
0011001101011000
0011001101011001
0011001101011010
0011001101100010
0011001101100110
0011001101101000
0011001101101001
0011001101101010
0011001101101011
0011001101101110
0011001101110000
0011001101110010
0011001101110110
0011001101111000
0011001101111001
0011001101111010
0011001101111011
0011001101111110
0011001110001001
0011001110001010
0011001110001011
0011001110001100
0011001110001110
0011001110010010
0011001110010011
0011001110010100
0011001110010110
0011001110011000
0011001110011001
0011001110011010
0011001110011011
0011001110011100
0011001110011110
0011001110100010
0011001110100011
0011001110100100
0011001110100110
0011001110101000
0011001110101001
0011001110101010
0011001110101011
0011001110101100
0011001110101110
0011001110110000
0011001110110010
0011001110110011
0011001110110100
0011001110110110
0011001110111000
0011001110111001
0011001110111010
0011001110111011
0011001110111100
0011001110111110
0011001111000100
0011001111000110
0011001111001000
0011001111001001
0011001111001010
0011001111001011
0011001111001100
0011001111001110
0011001111010000
0011001111010010
0011001111010011
0011001111010100
0011001111010110
0011001111011000
0011001111011001
0011001111011010
0011001111011011
0011001111011100
0011001111011110
0011001111100000
0011001111100010
0011001111100011
0011001111100100
0011001111100110
0011001111101000
0011001111101001
0011001111101010
0011001111101011
0011001111101100
0011001111101110
0011001111110000
0011001111110010
0011001111110011
0011001111110100
0011001111110110
0011010000101000
0011010000101001
0011010000101010
0011010000111000
0011010000111001
0011010000111010
0011010001001000
0011010001001001
0011010001001010
0011010001011000
0011010001011001
0011010001011010
0011010001100000
0011010001100010
0011010001100110
0011010001101000
0011010001101001
0011010001101010
0011010001101011
0011010001101110
0011010001110010
0011010001110110
0011010001111000
0011010001111001
0011010001111010
0011010001111011
0011010001111110
0011010010001001
0011010010001010
0011010010001011
0011010010001100
0011010010001101
0011010010001110
0011010010001111
0011010010010010
0011010010010011
0011010010010100
0011010010010110
0011010010010111
0011010010011000
0011010010011001
0011010010011010
0011010010011011
0011010010011100
0011010010011101
0011010010011110
0011010010011111
0011010010100010
0011010010100011
0011010010100100
0011010010100110
0011010010100111
0011010010101000
0011010010101100
0011010010101110
0011010010101111
0011010010110010
0011010010110011
0011010010110100
0011010010110110
0011010010110111
0011010010111000
0011010010111001
0011010010111010
0011010010111011
0011010010111100
0011010010111101
0011010010111110
0011010010111111
0011010011000100
0011010011000101
0011010011000110
0011010011000111
0011010011001000
0011010011001001
0011010011001010
0011010011001011
0011010011001100
0011010011001101
0011010011001110
0011010011001111
0011010011010000
0011010011010010
0011010011010011
0011010011010100
0011010011010110
0011010011010111
0011010011011000
0011010011011001
0011010011011011
0011010011011100
0011010011011101
0011010011011110
0011010011011111
0011010011100000
0011010011100010
0011010011100011
0011010011100100
0011010011100101
0011010011100110
0011010011100111
0011010011101000
0011010011101001
0011010011101010
0011010011101011
0011010011101100
0011010011101101
0011010011101110
0011010011101111
0011010011110000
0011010011110010
0011010011110011
0011010011110100
0011010011110110
0011010011110111
0011010011111000
0011010011111001
0011010011111010
0011010011111011
0011010011111100
0011010100101000
0011010100111000
0011010100111001
0011010100111010
0011010101001000
0011010101100110
0011010101101000
0011010101101110
0011010101110000
0011010101110010
0011010101110110
0011010101111000
0011010101111001
0011010101111010
0011010101111011
0011010101111110
0011010110001001
0011010110001010
0011010110001011
0011010110001100
0011010110001110
0011010110010010
0011010110010011
0011010110010100
0011010110010110
0011010110011000
0011010110011001
0011010110011010
0011010110011011
0011010110011100
0011010110011110
0011010110100010
0011010110100011
0011010110100100
0011010110100110
0011010110101000
0011010110101100
0011010110101110
0011010110110000
0011010110110010
0011010110110011
0011010110110100
0011010110110110
0011010110111000
0011010110111001
0011010110111010
0011010110111011
0011010110111100
0011010110111110
0011010111000100
0011010111000110
0011010111001000
0011010111001001
0011010111001010
0011010111001011
0011010111001100
0011010111001110
0011010111010000
0011010111010010
0011010111010011
0011010111010100
0011010111010110
0011010111011000
0011010111011001
0011010111011010
0011010111011011
0011010111011100
0011010111011110
0011010111100000
0011010111100010
0011010111100011
0011010111100100
0011010111100110
0011010111101000
0011010111101001
0011010111101010
0011010111101011
0011010111101100
0011010111101110
0011010111110000
0011010111110010
0011010111110011
0011010111110100
0011010111110110
0011010111111000
0011010111111001
0011010111111010
0011010111111011
0011011000101000
0011011000101001
0011011000101010
0011011000111000
0011011000111001
0011011000111010
0011011001001000
0011011001001001
0011011001001010
0011011001011000
0011011001011001
0011011001011010
0011011001100000
0011011001100110
0011011001101000
0011011001101001
0011011001101010
0011011001101110
0011011001110000
0011011001110110
0011011001111000
0011011001111001
0011011001111010
0011011001111110
0011011010001001
0011011010001010
0011011010001011
0011011010001100
0011011010001110
0011011010010010
0011011010010011
0011011010010100
0011011010010110
0011011010011000
0011011010011001
0011011010011010
0011011010011011
0011011010011100
0011011010011110
0011011010100010
0011011010100011
0011011010100100
0011011010100110
0011011010101000
0011011010101100
0011011010101110
0011011010110000
0011011010110010
0011011010110011
0011011010110100
0011011010110110
0011011010111000
0011011010111001
0011011010111010
0011011010111011
0011011010111100
0011011010111110
0011011011000100
0011011011000110
0011011011001000
0011011011001001
0011011011001010
0011011011001100
0011011011001110
0011011011010000
0011011011010010
0011011011010100
0011011011010110
0011011011011001
0011011011011010
0011011011011100
0011011011011110
0011011011100000
0011011011100010
0011011011100100
0011011011100110
0011011011101000
0011011011101001
0011011011101010
0011011011101100
0011011011101110
0011011011110000
0011011011110010
0011011011110100
0011011011110110
0011011011111000
0011011011111001
0011011011111010
0011011011111100
0011011100101010
0011011100111000
0011011100111010
0011011101001000
0011011101001010
0011011101011000
0011011101011010
0011011101100000
0011011101100010
0011011101101000
0011011101101010
0011011101110000
0011011101111000
0011011101111010
0011011110001010
0011011110010010
0011011110011000
0011011110011010
0011011110100010
0011011110101000
0011011110101010
0011011110110000
0011011110110010
0011011110111000
0011011110111010
0011011111001010
0011011111010000
0011011111010010
0011011111011000
0011011111011010
0011011111100000
0011011111100010
0011011111101000
0011011111101010
0011100000101011
0011100000101110
0011100000110110
0011100000111001
0011100000111010
0011100000111011
0011100000111110
0011100001001000
0011100001001001
0011100001001010
0011100001001011
0011100001001110
0011100001010010
0011100001011000
0011100001011001
0011100001011010
0011100001011011
0011100001011110
0011100001100010
0011100001100011
0011100001100100
0011100001100110
0011100001100111
0011100001101000
0011100001101001
0011100001101010
0011100001101011
0011100001101100
0011100001101101
0011100001101110
0011100001101111
0011100001110010
0011100001110101
0011100001110110
0011100001110111
0011100001111000
0011100001111001
0011100001111010
0011100001111011
0011100001111100
0011100001111101
0011100001111110
0011100010001001
0011100010001011
0011100010001100
0011100010001101
0011100010001110
0011100010001111
0011100010010101
0011100010010110
0011100010010111
0011100010011001
0011100010011010
0011100010011011
0011100010011100
0011100010011101
0011100010011110
0011100010011111
0011100010100011
0011100010100101
0011100010100110
0011100010100111
0011100010101001
0011100010101011
0011100010101100
0011100010101101
0011100010101110
0011100010101111
0011100010110011
0011100010110101
0011100010110110
0011100010110111
0011100010111001
0011100010111010
0011100010111011
0011100010111100
0011100010111101
0011100010111110
0011100010111111
0011100011000100
0011100011000101
0011100011000110
0011100011000111
0011100011001000
0011100011001001
0011100011001010
0011100011001011
0011100011001100
0011100011001101
0011100011001110
0011100011001111
0011100011010010
0011100011010011
0011100011010110
0011100011010111
0011100011011000
0011100011011001
0011100011011010
0011100011011011
0011100011011100
0011100011011101
0011100011011110
0011100011011111
0011100011100101
0011100011100110
0011100011100111
0011100011101011
0011100011101100
0011100011101101
0011100011101110
0011100011101111
0011100011110010
0011100011110011
0011100011110100
0011100011110101
0011100011110110
0011100011110111
0011100011111011
0011100011111100
0011100011111101
0011100100101000
0011100100101001
0011100100101011
0011100100101110
0011100100110010
0011100100110110
0011100100111000
0011100100111010
0011100100111011
0011100100111110
0011100101001001
0011100101001010
0011100101001011
0011100101001110
0011100101010000
0011100101010010
0011100101010110
0011100101011000
0011100101011001
0011100101011010
0011100101011011
0011100101011110
0011100101100000
0011100101100010
0011100101100011
0011100101100100
0011100101100101
0011100101100111
0011100101101000
0011100101101001
0011100101101010
0011100101101011
0011100101101100
0011100101101101
0011100101101110
0011100101101111
0011100101110000
0011100101110010
0011100101110011
0011100101110100
0011100101110110
0011100101110111
0011100101111000
0011100101111001
0011100101111010
0011100101111011
0011100101111100
0011100101111101
0011100101111110
0011100110001001
0011100110001010
0011100110001011
0011100110001100
0011100110001101
0011100110001110
0011100110001111
0011100110010101
0011100110010110
0011100110010111
0011100110011000
0011100110011001
0011100110011010
0011100110011011
0011100110011100
0011100110011101
0011100110011110
0011100110011111
0011100110100100
0011100110100101
0011100110100110
0011100110100111
0011100110101000
0011100110101001
0011100110101010
0011100110101011
0011100110101100
0011100110101101
0011100110101110
0011100110101111
0011100110110010
0011100110110011
0011100110110100
0011100110110101
0011100110110110
0011100110110111
0011100110111000
0011100110111001
0011100110111010
0011100110111011
0011100110111100
0011100110111101
0011100110111110
0011100110111111
0011100111000100
0011100111000101
0011100111000110
0011100111000111
0011100111001000
0011100111001001
0011100111001010
0011100111001011
0011100111001100
0011100111001101
0011100111001110
0011100111001111
0011100111010000
0011100111010010
0011100111010011
0011100111010100
0011100111010110
0011100111010111
0011100111011000
0011100111011001
0011100111011010
0011100111011011
0011100111011100
0011100111011101
0011100111011110
0011100111011111
0011100111100000
0011100111100010
0011100111100011
0011100111100100
0011100111100101
0011100111100110
0011100111100111
0011100111101011
0011100111101100
0011100111101101
0011100111101110
0011100111101111
0011100111110000
0011100111110010
0011100111110011
0011100111110100
0011100111110110
0011100111110111
0011100111111011
0011101000101001
0011101000101110
0011101000110010
0011101000110110
0011101000111000
0011101000111001
0011101000111011
0011101000111110
0011101001001000
0011101001001010
0011101001001011
0011101001001110
0011101001010000
0011101001010010
0011101001010110
0011101001011001
0011101001011010
0011101001011011
0011101001011110
0011101001100000
0011101001100010
0011101001100011
0011101001100100
0011101001100101
0011101001100110
0011101001101000
0011101001101001
0011101001101010
0011101001101011
0011101001101100
0011101001101101
0011101001101110
0011101001101111
0011101001110000
0011101001110010
0011101001110011
0011101001110100
0011101001110111
0011101001111000
0011101001111001
0011101001111010
0011101001111011
0011101001111100
0011101001111110
0011101010001001
0011101010001011
0011101010001100
0011101010001101
0011101010001110
0011101010001111
0011101010010010
0011101010010110
0011101010010111
0011101010011000
0011101010011001
0011101010011010
0011101010011011
0011101010011100
0011101010011110
0011101010100110
0011101010101100
0011101010101110
0011101010101111
0011101010110100
0011101010110110
0011101010110111
0011101010111000
0011101010111001
0011101010111010
0011101010111011
0011101010111100
0011101010111101
0011101010111110
0011101010111111
0011101011000100
0011101011000101
0011101011000110
0011101011000111
0011101011001000
0011101011001001
0011101011001010
0011101011001011
0011101011001100
0011101011001101
0011101011001110
0011101011001111
0011101011010010
0011101011010011
0011101011010100
0011101011010110
0011101011010111
0011101011011000
0011101011011001
0011101011011010
0011101011011011
0011101011011100
0011101011011101
0011101011011110
0011101011011111
0011101011100000
0011101011100010
0011101011100011
0011101011100100
0011101011100101
0011101011100110
0011101011100111
0011101011101011
0011101011101100
0011101011101101
0011101011101110
0011101011101111
0011101011110000
0011101011110010
0011101011110011
0011101011110100
0011101011110101
0011101011110110
0011101011110111
0011101011111011
0011101011111100
0011101011111101
0011101100101000
0011101100101001
0011101100101010
0011101100101011
0011101100101110
0011101100110000
0011101100110010
0011101100110110
0011101100111000
0011101100111001
0011101100111010
0011101100111110
0011101101001000
0011101101001001
0011101101001011
0011101101001110
0011101101010000
0011101101010010
0011101101010110
0011101101011000
0011101101011010
0011101101011011
0011101101011110
0011101101100000
0011101101100010
0011101101100011
0011101101100100
0011101101100110
0011101101101001
0011101101101010
0011101101101011
0011101101101100
0011101101101110
0011101101110000
0011101101110010
0011101101110011
0011101101110100
0011101101110110
0011101101111000
0011101101111001
0011101101111010
0011101101111011
0011101101111100
0011101101111110
0011101110001001
0011101110001010
0011101110001011
0011101110001100
0011101110001110
0011101110010010
0011101110010011
0011101110010100
0011101110010110
0011101110011000
0011101110011001
0011101110011010
0011101110011011
0011101110011100
0011101110011110
0011101110100010
0011101110100110
0011101110101000
0011101110101001
0011101110101010
0011101110101011
0011101110101100
0011101110101110
0011101110110000
0011101110110110
0011101110111000
0011101110111001
0011101110111010
0011101110111011
0011101110111100
0011101110111110
0011101111000100
0011101111000110
0011101111001000
0011101111001001
0011101111001010
0011101111001011
0011101111001100
0011101111001110
0011101111010000
0011101111010010
0011101111010011
0011101111010100
0011101111010110
0011101111011000
0011101111011001
0011101111011010
0011101111011011
0011101111011100
0011101111011110
0011101111100010
0011101111100011
0011101111100100
0011101111100110
0011101111101011
0011101111101100
0011101111101110
0011101111110000
0011101111110010
0011101111110011
0011101111110100
0011101111110110
0011110000101000
0011110000101001
0011110000101010
0011110000111000
0011110000111001
0011110000111010
0011110001001000
0011110001001001
0011110001001010
0011110001011000
0011110001011001
0011110001100000
0011110001100010
0011110001100110
0011110001101000
0011110001101010
0011110001101011
0011110001101110
0011110001110000
0011110001110010
0011110001110110
0011110001111001
0011110001111010
0011110001111011
0011110001111110
0011110010001001
0011110010001010
0011110010001011
0011110010001100
0011110010001101
0011110010001110
0011110010001111
0011110010010010
0011110010010011
0011110010010100
0011110010010111
0011110010011000
0011110010011001
0011110010011010
0011110010011011
0011110010011100
0011110010011101
0011110010011110
0011110010011111
0011110010100010
0011110010100011
0011110010100100
0011110010100110
0011110010100111
0011110010101000
0011110010101011
0011110010101100
0011110010101101
0011110010101110
0011110010101111
0011110010110010
0011110010110101
0011110010110110
0011110010110111
0011110010111000
0011110010111001
0011110010111010
0011110010111011
0011110010111100
0011110010111101
0011110010111110
0011110010111111
0011110011000101
0011110011000110
0011110011000111
0011110011001000
0011110011001001
0011110011001010
0011110011001011
0011110011001100
0011110011001101
0011110011001110
0011110011001111
0011110011010000
0011110011010100
0011110011010110
0011110011010111
0011110011011000
0011110011011001
0011110011011010
0011110011011011
0011110011011100
0011110011011101
0011110011011110
0011110011011111
0011110011100000
0011110011100010
0011110011100011
0011110011100100
0011110011100101
0011110011100110
0011110011100111
0011110011101000
0011110011101001
0011110011101010
0011110011101011
0011110011101100
0011110011101101
0011110011101110
0011110011101111
0011110011110010
0011110011110011
0011110011110110
0011110011110111
0011110011111000
0011110011111001
0011110011111010
0011110011111011
0011110011111100
0011110100101000
0011110100111000
0011110100111001
0011110100111010
0011110101001000
0011110101100000
0011110101100010
0011110101100110
0011110101101000
0011110101101001
0011110101101011
0011110101101110
0011110101110000
0011110101110010
0011110101110110
0011110101111000
0011110101111010
0011110101111011
0011110101111110
0011110110001001
0011110110001010
0011110110001011
0011110110001100
0011110110001110
0011110110010010
0011110110010011
0011110110010100
0011110110010110
0011110110011000
0011110110011001
0011110110011010
0011110110011011
0011110110011100
0011110110011110
0011110110100010
0011110110100011
0011110110100100
0011110110101000
0011110110101001
0011110110101010
0011110110101011
0011110110101100
0011110110101110
0011110110110000
0011110110110010
0011110110110011
0011110110110100
0011110110110110
0011110110111000
0011110110111001
0011110110111010
0011110110111011
0011110110111100
0011110110111110
0011110111000110
0011110111001000
0011110111001001
0011110111001010
0011110111001011
0011110111001100
0011110111001110
0011110111010000
0011110111010110
0011110111011000
0011110111011001
0011110111011010
0011110111011011
0011110111011100
0011110111011110
0011110111100100
0011110111100110
0011110111101000
0011110111101001
0011110111101010
0011110111101011
0011110111101100
0011110111101110
0011110111110000
0011110111110010
0011110111110011
0011110111110100
0011110111110110
0011111000101000
0011111000101001
0011111000101010
0011111000111000
0011111000111001
0011111000111010
0011111001001000
0011111001001001
0011111001001010
0011111001011001
0011111001011010
0011111001100000
0011111001100010
0011111001100110
0011111001101000
0011111001101001
0011111001101010
0011111001101110
0011111001110000
0011111001110010
0011111001110110
0011111001111000
0011111001111001
0011111001111110
0011111010001010
0011111010001011
0011111010001100
0011111010001110
0011111010010010
0011111010010011
0011111010010110
0011111010011001
0011111010011010
0011111010011011
0011111010011100
0011111010011110
0011111010100010
0011111010100011
0011111010100100
0011111010100110
0011111010101000
0011111010101011
0011111010101100
0011111010101110
0011111010110000
0011111010110010
0011111010110011
0011111010110100
0011111010111000
0011111010111001
0011111010111010
0011111010111011
0011111010111100
0011111010111110
0011111011000100
0011111011000110
0011111011001000
0011111011001001
0011111011001010
0011111011001100
0011111011001110
0011111011010000
0011111011010010
0011111011010110
0011111011011000
0011111011011001
0011111011011010
0011111011011100
0011111011011110
0011111011100000
0011111011100110
0011111011101000
0011111011101001
0011111011101010
0011111011101100
0011111011101110
0011111011110100
0011111011110110
0011111100101000
0011111100111000
0011111100111010
0011111101011000
0011111101011010
0011111101100000
0011111101100010
0011111101101000
0011111101101010
0011111101110000
0011111101110010
0100001100101001
0100001100101010
0100001100101011
0100001100101101
0100001100101110
0100001100101111
0100001100110110
0100001100110111
0100001100111001
0100001100111010
0100001100111011
0100001100111101
0100001100111110
0100001100111111
0100001101001000
0100001101001001
0100001101001010
0100001101001011
0100001101001100
0100001101001101
0100001101001110
0100001101001111
0100001101010011
0100001101010110
0100001101010111
0100001101011000
0100001101011001
0100001101011010
0100001101011011
0100001101011100
0100001101011101
0100001101011110
0100001101011111
0100001101100000
0100001101100010
0100001101100011
0100001101100100
0100001101100101
0100001101100110
0100001101100111
0100001101101000
0100001101101001
0100001101101010
0100001101101011
0100001101101100
0100001101101101
0100001101101110
0100001101101111
0100001101110010
0100001101110011
0100001101110100
0100001101110101
0100001101110110
0100001101110111
0100001101111000
0100001101111001
0100001101111010
0100001101111011
0100001101111100
0100001101111101
0100001101111110
0100001110001011
0100001110001101
0100001110001110
0100001110001111
0100001110010010
0100001110010011
0100001110010101
0100001110010110
0100001110010111
0100001110011011
0100001110011101
0100001110011110
0100001110011111
0100001110100010
0100001110100011
0100001110100101
0100001110100110
0100001110100111
0100001110101011
0100001110101101
0100001110101110
0100001110101111
0100001110110010
0100001110110011
0100001110110101
0100001110110110
0100001110110111
0100001110111011
0100001110111101
0100001110111110
0100001110111111
0100001111000100
0100001111000101
0100001111000110
0100001111000111
0100001111001011
0100001111001100
0100001111001101
0100001111001110
0100001111001111
0100001111010000
0100001111010010
0100001111010011
0100001111010100
0100001111010110
0100001111010111
0100001111011011
0100001111011100
0100001111011101
0100001111011110
0100001111011111
0100001111100011
0100001111100100
0100001111100101
0100001111100111
0100001111101100
0100001111101101
0100001111101111
0100001111110011
0100001111110100
0100001111110111
0100010100101110
0100010100110011
0100010100111001
0100010100111010
0100010100111011
0100010100111110
0100010101001110
0100010101011110
0100010101011111
0100010101100010
0100010101100111
0100010101101000
0100010101101100
0100010101101110
0100010101101111
0100010101110011
0100010101110110
0100010101110111
0100010101111000
0100010101111001
0100010101111010
0100010101111011
0100010101111100
0100010101111101
0100010101111110
0100010110001011
0100010110001101
0100010110001110
0100010110001111
0100010110010010
0100010110010011
0100010110010110
0100010110010111
0100010110011011
0100010110011101
0100010110011110
0100010110011111
0100010110100010
0100010110100011
0100010110100110
0100010110100111
0100010110101110
0100010110101111
0100010110110010
0100010110110011
0100010110110110
0100010110110111
0100010110111011
0100010110111101
0100010110111110
0100010111000110
0100010111000111
0100010111001011
0100010111001100
0100010111001101
0100010111001110
0100010111001111
0100010111010010
0100010111010011
0100010111010110
0100010111010111
0100010111011011
0100010111011100
0100010111011101
0100010111011110
0100010111011111
0100010111100011
0100010111100100
0100010111100101
0100010111100111
0100010111101100
0100010111101101
0100010111101111
0100010111110011
0100010111110100
0100010111110101
0100010111110111
0100011000101001
0100011000101010
0100011000101011
0100011000101100
0100011000101101
0100011000101110
0100011000101111
0100011000110000
0100011000110010
0100011000110011
0100011000110100
0100011000110101
0100011000110110
0100011000111000
0100011000111001
0100011000111010
0100011000111011
0100011000111100
0100011000111101
0100011000111110
0100011000111111
0100011001001000
0100011001001001
0100011001001010
0100011001001011
0100011001001100
0100011001001101
0100011001001110
0100011001001111
0100011001010010
0100011001010011
0100011001010110
0100011001010111
0100011001011000
0100011001011001
0100011001011010
0100011001011011
0100011001011100
0100011001011101
0100011001011110
0100011001011111
0100011001100000
0100011001100010
0100011001100110
0100011001100111
0100011001101000
0100011001101001
0100011001101010
0100011001101011
0100011001101100
0100011001101101
0100011001101110
0100011001101111
0100011001110000
0100011001110010
0100011001110101
0100011001110110
0100011001110111
0100011001111000
0100011001111001
0100011001111010
0100011001111011
0100011001111100
0100011001111101
0100011001111110
0100011010001011
0100011010001100
0100011010001101
0100011010001110
0100011010001111
0100011010010010
0100011010010011
0100011010010100
0100011010010110
0100011010010111
0100011010011011
0100011010011100
0100011010011101
0100011010011110
0100011010011111
0100011010100010
0100011010100011
0100011010100100
0100011010100110
0100011010100111
0100011010101100
0100011010101110
0100011010101111
0100011010110000
0100011010110010
0100011010110011
0100011010110100
0100011010110110
0100011010110111
0100011010111011
0100011010111100
0100011010111101
0100011010111110
0100011010111111
0100011011000100
0100011011000101
0100011011000110
0100011011000111
0100011011001011
0100011011001100
0100011011001101
0100011011001110
0100011011001111
0100011011010000
0100011011010010
0100011011010011
0100011011010100
0100011011010110
0100011011010111
0100011011011011
0100011011011100
0100011011011101
0100011011011110
0100011011011111
0100011011100011
0100011011100100
0100011011100101
0100011011100111
0100011011101100
0100011011101101
0100011011101111
0100011011110011
0100011011110100
0100011011110101
0100011011110111
0100011011111100
0100011011111101
0100011100101000
0100011100101010
0100011100101011
0100011100101100
0100011100101110
0100011100110000
0100011100110010
0100011100110011
0100011100110100
0100011100110110
0100011100111001
0100011100111010
0100011100111011
0100011100111100
0100011100111110
0100011101001000
0100011101001001
0100011101001010
0100011101001011
0100011101001100
0100011101001110
0100011101010010
0100011101010011
0100011101011000
0100011101011001
0100011101011010
0100011101011011
0100011101011100
0100011101011110
0100011101100000
0100011101100010
0100011101100011
0100011101100110
0100011101101000
0100011101101001
0100011101101010
0100011101101011
0100011101101100
0100011101101110
0100011101110000
0100011101110010
0100011101110110
0100011101111000
0100011101111001
0100011101111010
0100011101111011
0100011101111100
0100011101111110
0100011110001011
0100011110001100
0100011110001110
0100011110010011
0100011110010100
0100011110010110
0100011110011011
0100011110011100
0100011110011110
0100011110100010
0100011110100011
0100011110100100
0100011110100110
0100011110101011
0100011110101100
0100011110101110
0100011110110010
0100011110110011
0100011110110100
0100011110110110
0100011110111011
0100011110111100
0100011110111110
0100011111000100
0100011111000110
0100011111001011
0100011111001100
0100011111001110
0100011111010000
0100011111010010
0100011111010011
0100011111010100
0100011111010110
0100011111011011
0100011111011100
0100011111011110
0100011111100011
0100011111100100
0100011111101100
0100100100101111
0100100100110011
0100100100110111
0100100100111011
0100100101001110
0100100101011110
0100100101011111
0100100101100011
0100100101101111
0100100101110011
0100100101110111
0100100101111101
0100101000101110
0100101000101111
0100101000110010
0100101000110011
0100101000110110
0100101000110111
0100101000111110
0100101001001100
0100101001001110
0100101001011100
0100101001011110
0100101001011111
0100101001100011
0100101001100100
0100101001100111
0100101001101100
0100101001101111
0100101001110011
0100101001110100
0100101001111100
0100101100101110
0100101100101111
0100101100110010
0100101100110011
0100101100110110
0100101100110111
0100101100111011
0100101100111101
0100101100111110
0100101100111111
0100101101001100
0100101101001110
0100101101001111
0100101101010000
0100101101011100
0100101101011110
0100101101011111
0100101101100011
0100101101100100
0100101101100111
0100101101101111
0100101101110011
0100101101110100
0100101101110111
0100101101111100
0100101101111101
0100110000101001
0100110000101010
0100110000101011
0100110000101101
0100110000101111
0100110000110010
0100110000110011
0100110000110101
0100110000110110
0100110000110111
0100110000111001
0100110000111010
0100110000111011
0100110000111110
0100110000111111
0100110001001000
0100110001001001
0100110001001010
0100110001001011
0100110001001101
0100110001001110
0100110001001111
0100110001010010
0100110001010011
0100110001010110
0100110001010111
0100110001011000
0100110001011001
0100110001011010
0100110001011100
0100110001011101
0100110001011110
0100110001011111
0100110001100000
0100110001100010
0100110001100011
0100110001100100
0100110001100101
0100110001100110
0100110001100111
0100110001101011
0100110001101100
0100110001101101
0100110001101110
0100110001101111
0100110001110000
0100110001110010
0100110001110011
0100110001110100
0100110001110101
0100110001110110
0100110001110111
0100110001111011
0100110001111100
0100110001111101
0100110001111110
0100110010001101
0100110010001111
0100110010010011
0100110010011101
0100110010011111
0100110011000111
0100110011001100
0100110011001101
0100110011001111
0100110011010111
0100110011011100
0100110011011101
0100110011011111
0100110100101110
0100110100110010
0100110100110011
0100110100110110
0100110100110111
0100110100111001
0100110100111010
0100110100111011
0100110101001000
0100110101001100
0100110101001110
0100110101011110
0100110101011111
0100110101100000
0100110101100010
0100110101100011
0100110101100100
0100110101100110
0100110101100111
0100110101101100
0100110101101110
0100110101101111
0100110101110000
0100110101110010
0100110101110011
0100110101110100
0100110101110110
0100110101110111
0100110101111011
0100110101111100
0100110101111101
0100110101111110
0100110110001101
0100110110001111
0100110110010011
0100110110010111
0100110110011101
0100110110011111
0100110111000111
0100110111001100
0100110111001101
0100110111001111
0100110111010111
0100110111011100
0100110111011101
0100110111011111
0100111000101000
0100111000101001
0100111000101010
0100111000101011
0100111000101100
0100111000101101
0100111000101110
0100111000101111
0100111000110000
0100111000110010
0100111000110011
0100111000110100
0100111000110101
0100111000110110
0100111000110111
0100111000111000
0100111000111001
0100111000111010
0100111000111011
0100111000111100
0100111000111101
0100111000111110
0100111001001000
0100111001001001
0100111001001010
0100111001001011
0100111001001100
0100111001001101
0100111001001111
0100111001010000
0100111001010010
0100111001010011
0100111001010100
0100111001010110
0100111001010111
0100111001011000
0100111001011001
0100111001011010
0100111001011011
0100111001011100
0100111001011110
0100111001011111
0100111001100000
0100111001100010
0100111001100011
0100111001100100
0100111001100101
0100111001100110
0100111001100111
0100111001101011
0100111001101101
0100111001101110
0100111001101111
0100111001110000
0100111001110010
0100111001110011
0100111001110100
0100111001110110
0100111001110111
0100111001111100
0100111001111110
0100111010001100
0100111010001101
0100111010001111
0100111010010011
0100111010010100
0100111010010111
0100111010011100
0100111011000100
0100111011000111
0100111011001100
0100111011001101
0100111011001111
0100111011010011
0100111011010111
0100111011011100
0100111011011101
0100111011011111
0100111100101000
0100111100101011
0100111100101100
0100111100101110
0100111100110000
0100111100110010
0100111100110011
0100111100110100
0100111100110110
0100111100111000
0100111100111001
0100111100111010
0100111100111011
0100111100111100
0100111100111110
0100111101001000
0100111101001011
0100111101001100
0100111101001110
0100111101010000
0100111101010110
0100111101011000
0100111101011001
0100111101011010
0100111101011011
0100111101011100
0100111101100000
0100111101100010
0100111101100011
0100111101100100
0100111101100110
0100111101101011
0100111101101100
0100111101101110
0100111101110000
0100111101110010
0100111101110011
0100111101110100
0100111101110110
0100111110001100
0100111110010011
0100111110010100
0100111110011100
0100111111000100
0100111111001100
0101001000101110
0101001000110000
0101001000110010
0101001000110110
0101001000111000
0101001000111001
0101001000111010
0101001000111011
0101001000111110
0101001001001110
0101001001011000
0101001001011110
0101001001100000
0101001001100010
0101001001100011
0101001001100100
0101001001100110
0101001001100111
0101001001101000
0101001001101100
0101001001101110
0101001001101111
0101001001110010
0101001001110011
0101001001110100
0101001001110110
0101001001110111
0101001001111000
0101001001111011
0101001001111100
0101001010001100
0101001010001110
0101001010011000
0101001010011100
0101001010110000
0101001010111000
0101001010111100
0101001010111110
0101001010111111
0101001011000100
0101001011000110
0101001011000111
0101001011001000
0101001011001100
0101001011001110
0101001011001111
0101001011010000
0101001011011000
0101001011011100
0101001011011110
0101001011011111
0101001011100000
0101001011100010
0101001011100011
0101001011100100
0101001011100110
0101001011100111
0101001011101100
0101001011101110
0101001011101111
0101001011110000
0101001011110010
0101001011110011
0101001011110100
0101001011110110
0101001011110111
0101001011111011
0101001011111100
0101001100101000
0101001100101110
0101001100110000
0101001100110010
0101001100111000
0101001100111001
0101001100111010
0101001100111011
0101001100111110
0101001101001000
0101001101001110
0101001101011000
0101001101011110
0101001101100000
0101001101100011
0101001101100100
0101001101100110
0101001101101000
0101001101101100
0101001101101110
0101001101110000
0101001101110010
0101001101110011
0101001101110100
0101001101110110
0101001101111000
0101001101111001
0101001101111010
0101001101111011
0101001101111100
0101001101111110
0101001110001001
0101001110001010
0101001110001011
0101001110001100
0101001110001110
0101001110010010
0101001110010011
0101001110010100
0101001110010110
0101001110011000
0101001110011001
0101001110011010
0101001110011011
0101001110011100
0101001110011110
0101001110100010
0101001110100011
0101001110100100
0101001110100110
0101001110101000
0101001110101110
0101001110110000
0101001110110010
0101001110110011
0101001110110100
0101001110110110
0101001110111000
0101001110111001
0101001110111010
0101001110111011
0101001110111100
0101001110111110
0101001111000100
0101001111000110
0101001111001000
0101001111001011
0101001111001100
0101001111001110
0101001111010000
0101001111010110
0101001111011000
0101001111011001
0101001111011010
0101001111011011
0101001111011100
0101001111011110
0101001111100000
0101001111100010
0101001111100011
0101001111100100
0101001111100110
0101001111101011
0101001111101100
0101001111101110
0101001111110000
0101001111110110
0101010000101110
0101010000110010
0101010000111000
0101010000111001
0101010000111010
0101010000111011
0101010000111110
0101010001001110
0101010001011110
0101010001100010
0101010001100110
0101010001100111
0101010001101000
0101010001101100
0101010001101110
0101010001101111
0101010001110011
0101010001110110
0101010001110111
0101010001111000
0101010001111011
0101010001111100
0101010010001100
0101010010001110
0101010010011000
0101010010011100
0101010010110000
0101010010111000
0101010010111100
0101010010111110
0101010011000110
0101010011000111
0101010011001000
0101010011001100
0101010011001110
0101010011011000
0101010011011100
0101010011011110
0101010011100000
0101010011100010
0101010011100011
0101010011100100
0101010011100110
0101010011101100
0101010011101110
0101010011110000
0101010011110110
0101010100111000
0101010101111100
0101010101111110
0101010110001110
0101010110011100
0101010110011110
0101010110111100
0101010110111110
0101010111000110
0101010111001000
0101010111001100
0101010111001110
0101010111011100
0101010111011110
0101010111100010
0101010111100011
0101010111100100
0101010111100110
0101010111101100
0101010111101110
0101010111110000
0101010111110010
0101010111110011
0101010111110100
0101010111110110
0101010111111011
0101011000101000
0101011000101110
0101011000110010
0101011000110110
0101011000111001
0101011000111010
0101011000111011
0101011000111110
0101011001001000
0101011001001110
0101011001011110
0101011001100010
0101011001100011
0101011001101000
0101011001101100
0101011001101110
0101011001110000
0101011001110010
0101011001110011
0101011001111000
0101011001111001
0101011001111010
0101011001111011
0101011001111100
0101011001111110
0101011010001100
0101011010001110
0101011010011000
0101011010011100
0101011010011110
0101011010111100
0101011010111110
0101011011000100
0101011011000110
0101011011001000
0101011011001100
0101011011001110
0101011011010000
0101011011011100
0101011011011110
0101011011100010
0101011011100011
0101011011100100
0101011011100110
0101011011101100
0101011011101110
0101011011110000
0101011011110010
0101011011110011
0101011011110100
0101011011110110
0101011011111011
0101011011111100
0101011100101000
0101011100110000
0101011100110010
0101011100111000
0101011100111010
0101011101100010
0101011101101000
0101011101110000
0101011101110010
0101011101111000
0101011101111010
0101011110001010
0101011110010010
0101011110011000
0101011110011010
0101011110110000
0101011110110010
0101011110111000
0101011110111010
0101011111001000
0101011111001010
0101011111010000
0101011111010010
0101011111011000
0101011111011010
0101011111100000
0101011111100010
0101100000101001
0101100000101010
0101100000101101
0101100000101110
0101100000101111
0101100000110010
0101100000110011
0101100000110101
0101100000110110
0101100000110111
0101100000111001
0101100000111011
0101100000111101
0101100000111110
0101100001001000
0101100001001010
0101100001001011
0101100001001100
0101100001001101
0101100001001110
0101100001001111
0101100001010010
0101100001010011
0101100001010111
0101100001011001
0101100001011010
0101100001011011
0101100001011100
0101100001011101
0101100001011110
0101100001011111
0101100001100010
0101100001100011
0101100001100100
0101100001100101
0101100001100110
0101100001101000
0101100001101001
0101100001101010
0101100001101011
0101100001101100
0101100001101101
0101100001101110
0101100001101111
0101100001110000
0101100001110010
0101100001110011
0101100001110100
0101100001110111
0101100001111000
0101100001111001
0101100001111010
0101100001111011
0101100001111100
0101100001111101
0101100001111110
0101100010001011
0101100010001101
0101100010001110
0101100010001111
0101100010010010
0101100010010011
0101100010010110
0101100010010111
0101100010011011
0101100010011101
0101100010011110
0101100010011111
0101100011000100
0101100011000101
0101100011000110
0101100011000111
0101100011001011
0101100011001100
0101100011001101
0101100011001110
0101100011001111
0101100011010010
0101100011010011
0101100011010100
0101100011010110
0101100011010111
0101100011011011
0101100011011100
0101100011011101
0101100011011110
0101100011011111
0101100100101110
0101100100101111
0101100100110010
0101100100110110
0101100100110111
0101100100111001
0101100100111010
0101100100111101
0101100100111110
0101100100111111
0101100101001000
0101100101001100
0101100101001110
0101100101001111
0101100101011100
0101100101011110
0101100101011111
0101100101100010
0101100101100011
0101100101100100
0101100101100110
0101100101100111
0101100101101100
0101100101101110
0101100101101111
0101100101110000
0101100101110010
0101100101110011
0101100101110100
0101100101110110
0101100101111000
0101100101111001
0101100101111010
0101100101111011
0101100101111100
0101100101111101
0101100101111110
0101100110001011
0101100110001101
0101100110001110
0101100110001111
0101100110010010
0101100110010011
0101100110010111
0101100110011011
0101100110011101
0101100110011110
0101100110011111
0101100111000100
0101100111000101
0101100111000110
0101100111000111
0101100111001011
0101100111001100
0101100111001101
0101100111001110
0101100111001111
0101100111010000
0101100111010010
0101100111010011
0101100111010100
0101100111010110
0101100111010111
0101100111011011
0101100111011100
0101100111011101
0101100111011110
0101100111011111
0101101000101000
0101101000101100
0101101000101110
0101101000101111
0101101000110000
0101101000110010
0101101000110011
0101101000110100
0101101000110110
0101101000110111
0101101000111000
0101101000111001
0101101000111010
0101101000111011
0101101000111101
0101101000111110
0101101000111111
0101101001001000
0101101001001100
0101101001001110
0101101001001111
0101101001010000
0101101001011000
0101101001011100
0101101001011110
0101101001011111
0101101001100000
0101101001100010
0101101001100011
0101101001100100
0101101001100110
0101101001100111
0101101001101000
0101101001101100
0101101001101110
0101101001101111
0101101001110000
0101101001110010
0101101001110011
0101101001110100
0101101001110110
0101101001110111
0101101001111001
0101101001111010
0101101001111011
0101101001111100
0101101001111101
0101101001111110
0101101010001100
0101101010001110
0101101010001111
0101101010011100
0101101010011110
0101101010011111
0101101011000100
0101101011000110
0101101011000111
0101101011001100
0101101011001110
0101101011001111
0101101011010000
0101101011011100
0101101011011110
0101101011011111
0101101100101000
0101101100101100
0101101100110000
0101101100110010
0101101100110011
0101101100110100
0101101100110110
0101101100111000
0101101100111001
0101101100111010
0101101100111011
0101101100111100
0101101100111110
0101101101001000
0101101101001110
0101101101010000
0101101101011100
0101101101011110
0101101101100010
0101101101100011
0101101101100100
0101101101100110
0101101101101100
0101101101101110
0101101101110000
0101101101110010
0101101101110011
0101101101110100
0101101101110110
0101101101111000
0101101101111010
0101101101111011
0101101101111100
0101101101111110
0101101110001011
0101101110001100
0101101110001110
0101101110010010
0101101110010011
0101101110010100
0101101110010110
0101101110011011
0101101110011100
0101101110011110
0101101111000110
0101101111001011
0101101111001100
0101101111001110
0101101111010000
0101101111010010
0101101111010100
0101101111010110
0101101111011011
0101101111011100
0101101111011110
0101110000101000
0101110000101001
0101110000101010
0101110000101011
0101110000101110
0101110000110000
0101110000110010
0101110000110110
0101110000111000
0101110000111001
0101110000111010
0101110000111011
0101110001001000
0101110001001001
0101110001001010
0101110001001011
0101110001001110
0101110001010010
0101110001010110
0101110001011000
0101110001011001
0101110001011010
0101110001011011
0101110001011110
0101110001100000
0101110001100010
0101110001100011
0101110001100100
0101110001100101
0101110001100110
0101110001100111
0101110001101000
0101110001101001
0101110001101010
0101110001101100
0101110001101101
0101110001101110
0101110001101111
0101110001110000
0101110001110010
0101110001110011
0101110001110100
0101110001110101
0101110001110110
0101110001110111
0101110001111000
0101110001111001
0101110001111011
0101110001111100
0101110001111101
0101110001111110
0101110010001010
0101110010001011
0101110010001100
0101110010001101
0101110010001110
0101110010001111
0101110010010010
0101110010010011
0101110010010100
0101110010010110
0101110010010111
0101110010011001
0101110010011010
0101110010011011
0101110010011100
0101110010011101
0101110010011110
0101110010011111
0101110011000111
0101110011001000
0101110011001001
0101110011001010
0101110011001011
0101110011001100
0101110011001101
0101110011001110
0101110011001111
0101110011010010
0101110011010011
0101110011010110
0101110011010111
0101110011011000
0101110011011001
0101110011011010
0101110011011011
0101110011011100
0101110011011101
0101110011011110
0101110011011111
0101110100101000
0101110100101110
0101110100110000
0101110100110010
0101110100110110
0101110100111000
0101110100111001
0101110100111010
0101110100111011
0101110100111110
0101110101001000
0101110101011110
0101110101100010
0101110101100011
0101110101100100
0101110101100110
0101110101101000
0101110101101110
0101110101110000
0101110101110010
0101110101110011
0101110101110100
0101110101110110
0101110101111000
0101110101111001
0101110101111010
0101110101111100
0101110101111110
0101110110001001
0101110110001011
0101110110001100
0101110110001110
0101110110010010
0101110110010011
0101110110010100
0101110110010110
0101110110011000
0101110110011010
0101110110011011
0101110110011100
0101110110011110
0101110111000100
0101110111001000
0101110111001001
0101110111001010
0101110111001011
0101110111001100
0101110111001110
0101110111010000
0101110111010010
0101110111010011
0101110111011001
0101110111011010
0101110111011011
0101110111011100
0101110111011110
0101111000101000
0101111000101001
0101111000101010
0101111000101011
0101111000101110
0101111000110000
0101111000110010
0101111000110110
0101111000111000
0101111000111001
0101111000111010
0101111000111011
0101111000111110
0101111001001000
0101111001001001
0101111001001010
0101111001001011
0101111001001110
0101111001010000
0101111001010010
0101111001010110
0101111001011000
0101111001011001
0101111001011010
0101111001011011
0101111001100000
0101111001100010
0101111001100011
0101111001100100
0101111001100110
0101111001101000
0101111001101001
0101111001101010
0101111001101011
0101111001101100
0101111001101110
0101111001110000
0101111001110010
0101111001110011
0101111001110100
0101111001110110
0101111001111000
0101111001111001
0101111001111010
0101111001111011
0101111001111110
0101111010001001
0101111010001010
0101111010001100
0101111010001110
0101111010010010
0101111010010011
0101111010010100
0101111010010110
0101111010011000
0101111010011001
0101111010011011
0101111010011100
0101111010011110
0101111011000100
0101111011000110
0101111011001000
0101111011001001
0101111011001010
0101111011001011
0101111011001100
0101111011001110
0101111011010000
0101111011010010
0101111011010011
0101111011010100
0101111011011000
0101111011011001
0101111011011010
0101111011011011
0101111011011100
0101111011011110
0101111100101010
0101111100110000
0101111100110010
0101111100111000
0101111100111010
0101111101001000
0101111101001010
0101111101010000
0101111101010010
0101111101011000
0101111101011010
0101111101100000
0101111101100010
0101111101101000
0101111101101010
0101111101110000
0101111101110010
0101111110001010
0101111110010010
0101111110011000
0101111110011010
0110001100101000
0110001100101001
0110001100101010
0110001100101011
0110001100101100
0110001100101101
0110001100101110
0110001100101111
0110001100110000
0110001100110010
0110001100110011
0110001100110100
0110001100111000
0110001100111001
0110001100111010
0110001100111011
0110001100111100
0110001100111101
0110001100111110
0110001100111111
0110001101001000
0110001101001001
0110001101001010
0110001101001011
0110001101001100
0110001101001101
0110001101001110
0110001101001111
0110001101010000
0110001101010010
0110001101010011
0110001101010110
0110001101010111
0110001101011000
0110001101011001
0110001101011010
0110001101011011
0110001101011100
0110001101011101
0110001101011110
0110001101011111
0110001101100000
0110001101100010
0110001101100100
0110001101100101
0110001101100110
0110001101100111
0110001101101000
0110001101101001
0110001101101010
0110001101101011
0110001101101100
0110001101101101
0110001101101110
0110001101101111
0110001101110000
0110001101110011
0110001101110100
0110001101110101
0110001101110110
0110001101110111
0110001101111000
0110001101111001
0110001101111010
0110001101111011
0110001101111100
0110001101111101
0110001101111110
0110001110001011
0110001110001100
0110001110001101
0110001110001110
0110001110001111
0110001110100010
0110001110100011
0110001110100100
0110001110100101
0110001110100110
0110001110100111
0110001110101011
0110001110101100
0110001110101101
0110001110101110
0110001110101111
0110001110110000
0110001110110010
0110001110110011
0110001110110100
0110001110110101
0110001110110110
0110001110110111
0110001110111011
0110001110111100
0110001110111101
0110001110111110
0110001110111111
0110001111000100
0110001111000101
0110001111000110
0110001111000111
0110001111001011
0110001111001100
0110001111001101
0110001111001110
0110001111001111
0110001111010000
0110001111010010
0110001111010011
0110001111010100
0110001111010101
0110001111010110
0110001111010111
0110001111011011
0110001111011100
0110001111011101
0110001111011110
0110001111011111
0110001111100011
0110001111100100
0110001111100101
0110001111100111
0110001111101100
0110001111101101
0110001111101111
0110001111110011
0110001111110100
0110001111110101
0110001111110111
0110010100101000
0110010100101100
0110010100101110
0110010100101111
0110010100110000
0110010100110010
0110010100110011
0110010100110100
0110010100110110
0110010100110111
0110010100111001
0110010100111010
0110010100111011
0110010100111100
0110010100111101
0110010100111110
0110010100111111
0110010101001000
0110010101001100
0110010101001110
0110010101001111
0110010101011100
0110010101011110
0110010101011111
0110010101100010
0110010101100011
0110010101100100
0110010101101000
0110010101101100
0110010101101110
0110010101101111
0110010101110000
0110010101110010
0110010101110011
0110010101110111
0110010101111000
0110010101111001
0110010101111010
0110010101111011
0110010101111100
0110010101111101
0110010101111110
0110010110001011
0110010110001100
0110010110001101
0110010110001110
0110010110001111
0110010110010011
0110010110010100
0110010110010110
0110010110010111
0110010110011011
0110010110011100
0110010110011101
0110010110011110
0110010110011111
0110010110100010
0110010110100011
0110010110100100
0110010110100110
0110010110100111
0110010110101100
0110010110101110
0110010110101111
0110010110110010
0110010110110011
0110010110110100
0110010110110110
0110010110110111
0110010110111011
0110010110111100
0110010110111101
0110010110111110
0110010110111111
0110010111000100
0110010111000101
0110010111000110
0110010111000111
0110010111001011
0110010111001100
0110010111001101
0110010111001110
0110010111001111
0110010111010000
0110010111010010
0110010111010011
0110010111010100
0110010111010110
0110010111010111
0110010111011011
0110010111011100
0110010111011101
0110010111011110
0110010111011111
0110010111100011
0110010111100100
0110010111100101
0110010111100111
0110010111101100
0110010111101101
0110010111101111
0110010111110011
0110010111110100
0110010111110101
0110010111110111
0110011000101000
0110011000101001
0110011000101011
0110011000101100
0110011000101101
0110011000101110
0110011000101111
0110011000110000
0110011000110010
0110011000110011
0110011000110100
0110011000110101
0110011000110110
0110011000110111
0110011000111000
0110011000111010
0110011000111011
0110011000111100
0110011000111101
0110011000111110
0110011000111111
0110011001001001
0110011001001010
0110011001001011
0110011001001100
0110011001001101
0110011001001110
0110011001001111
0110011001010000
0110011001010010
0110011001010011
0110011001010100
0110011001011000
0110011001011001
0110011001011010
0110011001011011
0110011001011100
0110011001011101
0110011001011110
0110011001011111
0110011001100010
0110011001100011
0110011001100100
0110011001101001
0110011001101010
0110011001101011
0110011001101100
0110011001101101
0110011001101110
0110011001101111
0110011001110000
0110011001110010
0110011001110011
0110011001110100
0110011001111000
0110011001111001
0110011001111010
0110011001111011
0110011001111100
0110011001111101
0110011001111110
0110011010001011
0110011010001100
0110011010001101
0110011010001110
0110011010001111
0110011010010010
0110011010010100
0110011010010110
0110011010010111
0110011010011011
0110011010011100
0110011010011101
0110011010011110
0110011010011111
0110011010100011
0110011010100100
0110011010100110
0110011010100111
0110011010101100
0110011010101110
0110011010101111
0110011010110000
0110011010110010
0110011010110011
0110011010110100
0110011010110110
0110011010110111
0110011010111011
0110011010111100
0110011010111101
0110011010111110
0110011010111111
0110011011000100
0110011011000101
0110011011000110
0110011011000111
0110011011001011
0110011011001100
0110011011001101
0110011011001110
0110011011001111
0110011011010000
0110011011010010
0110011011010011
0110011011010100
0110011011010110
0110011011010111
0110011011011011
0110011011011100
0110011011011101
0110011011011110
0110011011011111
0110011011100011
0110011011100100
0110011011100101
0110011011100111
0110011011101100
0110011011101101
0110011011101111
0110011011110011
0110011011110100
0110011011110101
0110011011110111
0110011011111100
0110011011111101
0110011100101000
0110011100101001
0110011100101010
0110011100101100
0110011100101110
0110011100110000
0110011100110010
0110011100110011
0110011100110100
0110011100110110
0110011100111000
0110011100111001
0110011100111011
0110011100111100
0110011100111110
0110011101001000
0110011101001010
0110011101001011
0110011101001100
0110011101001110
0110011101010000
0110011101010010
0110011101010011
0110011101010100
0110011101011001
0110011101011010
0110011101011011
0110011101011110
0110011101100000
0110011101100010
0110011101100011
0110011101100100
0110011101101000
0110011101101001
0110011101101010
0110011101101011
0110011101101100
0110011101101110
0110011101110000
0110011101110010
0110011101110011
0110011101110100
0110011101111001
0110011101111010
0110011101111011
0110011101111100
0110011101111110
0110011110001011
0110011110001100
0110011110001110
0110011110010010
0110011110010011
0110011110010110
0110011110011011
0110011110011100
0110011110011110
0110011110100010
0110011110100100
0110011110100110
0110011110101011
0110011110101100
0110011110101110
0110011110110000
0110011110110011
0110011110110100
0110011110110110
0110011110111011
0110011110111100
0110011110111110
0110011111000100
0110011111000110
0110011111001011
0110011111001100
0110011111001110
0110011111010010
0110011111010011
0110011111010100
0110011111010110
0110011111011011
0110011111011100
0110011111011110
0110011111100011
0110011111100100
0110011111101100
0110100100101110
0110100100101111
0110100100110010
0110100100110011
0110100100110110
0110100100110111
0110100100111011
0110100100111101
0110100100111110
0110100100111111
0110100101001100
0110100101001110
0110100101001111
0110100101010000
0110100101011100
0110100101011110
0110100101011111
0110100101100011
0110100101100100
0110100101100111
0110100101101100
0110100101101111
0110100101110011
0110100101110100
0110100101110111
0110100101111100
0110100101111101
0110101000101100
0110101000101111
0110101000110010
0110101000110011
0110101000110100
0110101000110110
0110101000110111
0110101000111011
0110101000111100
0110101000111110
0110101000111111
0110101001001110
0110101001001111
0110101001010000
0110101001011100
0110101001011110
0110101001011111
0110101001100011
0110101001100100
0110101001100111
0110101001101100
0110101001101111
0110101001110011
0110101001110100
0110101001110111
0110101001111100
0110101100101100
0110101100101110
0110101100110000
0110101100110010
0110101100110011
0110101100110100
0110101100110110
0110101100110111
0110101100111011
0110101100111100
0110101100111101
0110101100111111
0110101101001100
0110101101001110
0110101101001111
0110101101010000
0110101101011110
0110101101011111
0110101101100011
0110101101100100
0110101101100111
0110101101101100
0110101101101111
0110101101110011
0110101101110100
0110101101110111
0110101101111100
0110101101111101
0110110000101000
0110110000101001
0110110000101010
0110110000101011
0110110000101100
0110110000101101
0110110000101110
0110110000101111
0110110000110010
0110110000110011
0110110000110100
0110110000110101
0110110000110110
0110110000110111
0110110000111000
0110110000111001
0110110000111010
0110110000111011
0110110000111100
0110110000111101
0110110000111110
0110110001001001
0110110001001010
0110110001001011
0110110001001100
0110110001001101
0110110001001111
0110110001010000
0110110001010010
0110110001010011
0110110001010100
0110110001010110
0110110001010111
0110110001011000
0110110001011001
0110110001011010
0110110001011011
0110110001011100
0110110001011110
0110110001011111
0110110001100000
0110110001100010
0110110001100011
0110110001100100
0110110001100101
0110110001100110
0110110001100111
0110110001101011
0110110001101101
0110110001101110
0110110001101111
0110110001110000
0110110001110010
0110110001110011
0110110001110100
0110110001110101
0110110001110110
0110110001110111
0110110001111100
0110110001111101
0110110001111110
0110110010001100
0110110010001101
0110110010001111
0110110010010011
0110110010010100
0110110010010111
0110110010011100
0110110010011101
0110110010011111
0110110011000100
0110110011001100
0110110011001101
0110110011001111
0110110011010011
0110110011010100
0110110011010111
0110110011011100
0110110011011101
0110110011011111
0110110100101000
0110110100101100
0110110100101110
0110110100101111
0110110100110000
0110110100110010
0110110100110011
0110110100110100
0110110100110110
0110110100110111
0110110100111000
0110110100111001
0110110100111010
0110110100111011
0110110100111100
0110110100111101
0110110100111110
0110110100111111
0110110101001000
0110110101001100
0110110101001110
0110110101010000
0110110101011100
0110110101011111
0110110101100010
0110110101100011
0110110101100100
0110110101100110
0110110101100111
0110110101101100
0110110101101110
0110110101101111
0110110101110000
0110110101110010
0110110101110011
0110110101110100
0110110101110110
0110110101110111
0110110101111011
0110110101111101
0110110101111110
0110110110001100
0110110110001101
0110110110001111
0110110110010011
0110110110010100
0110110110010111
0110110110011100
0110110110011101
0110110110011111
0110110111000100
0110110111000101
0110110111001100
0110110111001101
0110110111001111
0110110111010011
0110110111010100
0110110111011100
0110110111011101
0110110111011111
0110111000101000
0110111000101001
0110111000101010
0110111000101011
0110111000101100
0110111000101101
0110111000101110
0110111000101111
0110111000110000
0110111000110010
0110111000110011
0110111000110100
0110111000110101
0110111000110110
0110111000110111
0110111000111000
0110111000111001
0110111000111010
0110111000111011
0110111000111100
0110111000111101
0110111000111110
0110111000111111
0110111001001000
0110111001001001
0110111001001010
0110111001001011
0110111001001100
0110111001001101
0110111001001110
0110111001001111
0110111001010000
0110111001010010
0110111001010011
0110111001010100
0110111001010110
0110111001100100
0110111001100101
0110111001100110
0110111001100111
0110111001101011
0110111001101100
0110111001101101
0110111001101111
0110111001110000
0110111001110010
0110111001110011
0110111001110100
0110111001110101
0110111001110110
0110111001110111
0110111001111011
0110111001111100
0110111001111110
0110111010001101
0110111010001111
0110111010010011
0110111010010100
0110111010010111
0110111010011100
0110111010011101
0110111010011111
0110111011000100
0110111011000101
0110111011000111
0110111011001100
0110111011001101
0110111011001111
0110111011010011
0110111011010100
0110111011011100
0110111011011101
0110111011011111
0110111100101000
0110111100101001
0110111100101010
0110111100101011
0110111100101100
0110111100101110
0110111100110000
0110111100110010
0110111100110011
0110111100110100
0110111100110110
0110111100111000
0110111100111001
0110111100111010
0110111100111011
0110111100111100
0110111100111110
0110111101001000
0110111101001001
0110111101001010
0110111101001011
0110111101001100
0110111101001110
0110111101010000
0110111101010010
0110111101010011
0110111101010100
0110111101010110
0110111101011000
0110111101011001
0110111101011010
0110111101011011
0110111101011100
0110111101011110
0110111101100000
0110111101100010
0110111101100011
0110111101100100
0110111101100110
0110111101101011
0110111101101100
0110111101101110
0110111101110000
0110111101110010
0110111101110011
0110111101110100
0110111101110110
0110111110001100
0110111110010011
0110111110010100
0110111111000100
0110111111001100
0110111111010011
0110111111010100
0111001000101001
0111001000101010
0111001000101011
0111001000101100
0111001000101101
0111001000101110
0111001000101111
0111001000110000
0111001000110010
0111001000110011
0111001000110100
0111001000110101
0111001000111000
0111001000111001
0111001000111010
0111001000111011
0111001000111100
0111001000111101
0111001000111110
0111001000111111
0111001001001000
0111001001001001
0111001001001010
0111001001001011
0111001001001100
0111001001001101
0111001001001110
0111001001001111
0111001001010000
0111001001010010
0111001001010110
0111001001010111
0111001001011000
0111001001011001
0111001001011010
0111001001011011
0111001001011100
0111001001011101
0111001001011110
0111001001011111
0111001001100000
0111001001100010
0111001001100100
0111001001100101
0111001001100110
0111001001100111
0111001001101000
0111001001101001
0111001001101010
0111001001101011
0111001001101100
0111001001101101
0111001001101110
0111001001101111
0111001001110000
0111001001110011
0111001001110100
0111001001110101
0111001001110110
0111001001110111
0111001001111000
0111001001111001
0111001001111010
0111001001111011
0111001001111100
0111001001111101
0111001001111110
0111001010001011
0111001010001100
0111001010001101
0111001010001110
0111001010001111
0111001010010010
0111001010010011
0111001010010100
0111001010010110
0111001010010111
0111001010011011
0111001010011100
0111001010011101
0111001010011110
0111001010011111
0111001010100010
0111001010100011
0111001010100100
0111001010100110
0111001010100111
0111001010101100
0111001010101110
0111001010101111
0111001010110000
0111001010110010
0111001010110011
0111001010110100
0111001010110110
0111001010110111
0111001010111011
0111001010111100
0111001010111101
0111001010111110
0111001010111111
0111001011000100
0111001011000101
0111001011000110
0111001011000111
0111001011001011
0111001011001100
0111001011001101
0111001011001110
0111001011001111
0111001011010000
0111001011010010
0111001011010011
0111001011010100
0111001011010110
0111001011010111
0111001011011011
0111001011011100
0111001011011101
0111001011011110
0111001011011111
0111001011100011
0111001011100100
0111001011100101
0111001011100111
0111001011101100
0111001011101101
0111001011101111
0111001011110011
0111001011110100
0111001011110101
0111001011110111
0111001011111100
0111001011111101
0111001100101001
0111001100101010
0111001100101011
0111001100101100
0111001100101110
0111001100110000
0111001100110010
0111001100110011
0111001100110100
0111001100111001
0111001100111010
0111001100111011
0111001100111100
0111001100111110
0111001101001000
0111001101001001
0111001101001010
0111001101001011
0111001101001100
0111001101001110
0111001101010000
0111001101010010
0111001101010011
0111001101010100
0111001101010110
0111001101011000
0111001101011001
0111001101011010
0111001101011011
0111001101011100
0111001101011110
0111001101100000
0111001101100010
0111001101100011
0111001101100110
0111001101101000
0111001101101001
0111001101101010
0111001101101011
0111001101101100
0111001101101110
0111001101110000
0111001101110010
0111001101110100
0111001101110110
0111001101111000
0111001101111001
0111001101111010
0111001101111011
0111001101111100
0111001101111110
0111001110001011
0111001110001100
0111001110001110
0111001110010010
0111001110010011
0111001110010100
0111001110010110
0111001110011011
0111001110011100
0111001110011110
0111001110100010
0111001110100011
0111001110100100
0111001110100110
0111001110101011
0111001110101100
0111001110101110
0111001110110000
0111001110110010
0111001110110011
0111001110110100
0111001110110110
0111001110111011
0111001110111100
0111001110111110
0111001111000100
0111001111000110
0111001111001011
0111001111001110
0111001111010000
0111001111010010
0111001111010011
0111001111010100
0111001111010110
0111001111011011
0111001111011100
0111001111011110
0111001111100011
0111001111100100
0111001111101100
0111001111110011
0111001111110100
0111010000101000
0111010000101010
0111010000101011
0111010000101100
0111010000101101
0111010000101110
0111010000101111
0111010000110000
0111010000110010
0111010000110011
0111010000110100
0111010000110101
0111010000110110
0111010000111001
0111010000111010
0111010000111011
0111010000111100
0111010000111101
0111010000111110
0111010000111111
0111010001001001
0111010001001010
0111010001001011
0111010001001100
0111010001001101
0111010001001110
0111010001001111
0111010001010010
0111010001010011
0111010001011000
0111010001011001
0111010001011010
0111010001011011
0111010001011100
0111010001011101
0111010001011110
0111010001011111
0111010001100010
0111010001100011
0111010001100100
0111010001100110
0111010001100111
0111010001101000
0111010001101001
0111010001101010
0111010001101011
0111010001101100
0111010001101101
0111010001101110
0111010001101111
0111010001110000
0111010001110010
0111010001110011
0111010001110101
0111010001110110
0111010001110111
0111010001111000
0111010001111001
0111010001111010
0111010001111011
0111010001111100
0111010001111101
0111010001111110
0111010010001011
0111010010001100
0111010010001101
0111010010001110
0111010010001111
0111010010010011
0111010010010100
0111010010010110
0111010010010111
0111010010011011
0111010010011100
0111010010011101
0111010010011110
0111010010011111
0111010010100010
0111010010100011
0111010010100100
0111010010100110
0111010010100111
0111010010101100
0111010010101110
0111010010101111
0111010010110010
0111010010110011
0111010010110100
0111010010110110
0111010010110111
0111010010111011
0111010010111100
0111010010111101
0111010010111110
0111010010111111
0111010011000100
0111010011000101
0111010011000110
0111010011000111
0111010011001100
0111010011001101
0111010011001110
0111010011001111
0111010011010000
0111010011010010
0111010011010011
0111010011010100
0111010011010110
0111010011010111
0111010011011011
0111010011011100
0111010011011101
0111010011011110
0111010011011111
0111010011100011
0111010011100100
0111010011100101
0111010011100111
0111010011101100
0111010011101101
0111010011101111
0111010011110011
0111010011110100
0111010011110111
0111010011111100
0111010100101000
0111010100101100
0111010100101110
0111010100110000
0111010100110010
0111010100110011
0111010100110100
0111010100110110
0111010100111000
0111010100111010
0111010100111011
0111010100111100
0111010100111110
0111010101001100
0111010101011100
0111010101011110
0111010101100010
0111010101100011
0111010101100100
0111010101101000
0111010101101100
0111010101101110
0111010101110000
0111010101110010
0111010101110011
0111010101110100
0111010101110110
0111010101111000
0111010101111001
0111010101111010
0111010101111011
0111010101111100
0111010101111110
0111010110001011
0111010110001100
0111010110001110
0111010110010010
0111010110010100
0111010110010110
0111010110011011
0111010110011100
0111010110011110
0111010110100011
0111010110100100
0111010110100110
0111010110101100
0111010110101110
0111010110110000
0111010110110010
0111010110110011
0111010110110100
0111010110110110
0111010110111011
0111010110111100
0111010110111110
0111010111000100
0111010111000110
0111010111001011
0111010111001100
0111010111001110
0111010111010000
0111010111010010
0111010111010011
0111010111010100
0111010111010110
0111010111011011
0111010111011100
0111010111011110
0111010111100011
0111010111100100
0111010111101100
0111010111110011
0111010111110100
0111011000101001
0111011000101010
0111011000101100
0111011000110000
0111011000110010
0111011000110011
0111011000110100
0111011000110110
0111011000111000
0111011000111001
0111011000111011
0111011000111100
0111011000111110
0111011001001000
0111011001001010
0111011001001100
0111011001001110
0111011001010000
0111011001010010
0111011001010100
0111011001011001
0111011001011010
0111011001011100
0111011001011110
0111011001100000
0111011001100010
0111011001100100
0111011001101001
0111011001101010
0111011001101100
0111011001101110
0111011001110000
0111011001110010
0111011001110100
0111011001111001
0111011001111010
0111011001111100
0111011001111110
0111011010001011
0111011010001100
0111011010001110
0111011010010010
0111011010010011
0111011010010110
0111011010011011
0111011010011100
0111011010011110
0111011010100010
0111011010100100
0111011010100110
0111011010101100
0111011010101110
0111011010110000
0111011010110011
0111011010110100
0111011010110110
0111011010111011
0111011010111100
0111011010111110
0111011011000100
0111011011000110
0111011011001100
0111011011001110
0111011011010010
0111011011010100
0111011011010110
0111011011011100
0111011011011110
0111011011100100
0111011011101100
0111011011110100
0111011011111100
0111011100101000
0111011100101010
0111011100110000
0111011100110010
0111011100111000
0111011100111010
0111011101001000
0111011101010000
0111011101010010
0111011101011000
0111011101011010
0111011101100000
0111011101100010
0111011101101010
0111011101110000
0111011101110010
0111011101111010
0111011110010010
0111011110100010
0111011110110000
0111011110110010
0111011111010000
0111011111010010
0111100000101000
0111100000101001
0111100000101010
0111100000101011
0111100000101100
0111100000101110
0111100000101111
0111100000110010
0111100000110011
0111100000110100
0111100000110101
0111100000110110
0111100000110111
0111100000111000
0111100000111001
0111100000111010
0111100000111011
0111100000111101
0111100000111110
0111100001001000
0111100001001001
0111100001001010
0111100001001100
0111100001001101
0111100001001110
0111100001001111
0111100001010000
0111100001010010
0111100001010011
0111100001010100
0111100001010101
0111100001010110
0111100001010111
0111100001011000
0111100001011001
0111100001011011
0111100001011100
0111100001011101
0111100001011110
0111100001011111
0111100001100000
0111100001100010
0111100001100011
0111100001100100
0111100001100101
0111100001100110
0111100001101011
0111100001101100
0111100001101101
0111100001101110
0111100001101111
0111100001110000
0111100001110010
0111100001110011
0111100001110100
0111100001110101
0111100001111011
0111100001111100
0111100001111101
0111100001111110
0111100010001100
0111100010001101
0111100010001111
0111100010010011
0111100010010100
0111100010010101
0111100010011100
0111100010011101
0111100010011111
0111100011000100
0111100011000101
0111100011000111
0111100011001100
0111100011001101
0111100011001111
0111100011010011
0111100011010100
0111100011010101
0111100011010111
0111100011011100
0111100011011101
0111100011011111
0111100100101000
0111100100101001
0111100100101010
0111100100101011
0111100100101100
0111100100101101
0111100100101111
0111100100110000
0111100100110010
0111100100110011
0111100100110100
0111100100110101
0111100100110110
0111100100110111
0111100100111000
0111100100111001
0111100100111010
0111100100111011
0111100100111100
0111100100111110
0111100100111111
0111100101001000
0111100101001001
0111100101001010
0111100101001011
0111100101001101
0111100101001110
0111100101001111
0111100101010000
0111100101010010
0111100101010011
0111100101010100
0111100101010110
0111100101010111
0111100101011000
0111100101011001
0111100101011010
0111100101011100
0111100101011101
0111100101011110
0111100101011111
0111100101100000
0111100101100010
0111100101100011
0111100101100100
0111100101100101
0111100101100110
0111100101100111
0111100101101011
0111100101101100
0111100101101101
0111100101101110
0111100101101111
0111100101110000
0111100101110010
0111100101110011
0111100101110100
0111100101110101
0111100101110110
0111100101110111
0111100101111011
0111100101111100
0111100101111101
0111100101111110
0111100110001100
0111100110001101
0111100110001111
0111100110010011
0111100110010100
0111100110010101
0111100110011100
0111100110011101
0111100110011111
0111100111000101
0111100111000111
0111100111001100
0111100111001101
0111100111001111
0111100111010100
0111100111010111
0111100111011100
0111100111011101
0111100111011111
0111101000101000
0111101000101001
0111101000101010
0111101000101011
0111101000101100
0111101000101101
0111101000101110
0111101000110000
0111101000110010
0111101000110011
0111101000110100
0111101000110101
0111101000110110
0111101000110111
0111101000111000
0111101000111001
0111101000111010
0111101000111011
0111101000111100
0111101000111101
0111101000111111
0111101001001000
0111101001001001
0111101001001010
0111101001001011
0111101001001100
0111101001001110
0111101001001111
0111101001010000
0111101001010010
0111101001010011
0111101001010100
0111101001010110
0111101001010111
0111101001011001
0111101001011010
0111101001011011
0111101001011101
0111101001011110
0111101001011111
0111101001100000
0111101001100010
0111101001100011
0111101001100100
0111101001100101
0111101001100110
0111101001100111
0111101001101100
0111101001101101
0111101001101110
0111101001101111
0111101001110010
0111101001110011
0111101001110100
0111101001110110
0111101001110111
0111101001111011
0111101001111100
0111101001111110
0111101010001100
0111101010001101
0111101010001111
0111101010010011
0111101010010100
0111101010011100
0111101011011100
0111101011011101
0111101011011111
0111101100101000
0111101100101001
0111101100101010
0111101100101011
0111101100101100
0111101100101110
0111101100110000
0111101100110010
0111101100110011
0111101100110100
0111101100110110
0111101100111000
0111101100111001
0111101100111010
0111101100111011
0111101100111100
0111101100111110
0111101101001000
0111101101001001
0111101101001010
0111101101001011
0111101101001100
0111101101010000
0111101101010010
0111101101010011
0111101101010100
0111101101010110
0111101101011000
0111101101011001
0111101101011010
0111101101011011
0111101101011100
0111101101011110
0111101101100000
0111101101100010
0111101101100011
0111101101100100
0111101101100110
0111101101101011
0111101101101110
0111101101110000
0111101101110010
0111101101110011
0111101101110100
0111101101110110
0111101101111100
0111101101111110
0111101110001100
0111101110010011
0111101110010100
0111101110011100
0111101111000100
0111101111001100
0111101111010011
0111101111010100
0111101111011100
0111110000101000
0111110000101001
0111110000101010
0111110000101011
0111110000101100
0111110000101101
0111110000101110
0111110000101111
0111110000110000
0111110000110010
0111110000110011
0111110000110100
0111110000110101
0111110000110110
0111110000110111
0111110000111000
0111110000111001
0111110000111010
0111110000111011
0111110000111100
0111110000111101
0111110000111110
0111110001001000
0111110001001001
0111110001001010
0111110001001011
0111110001001100
0111110001001101
0111110001001110
0111110001010000
0111110001010010
0111110001010011
0111110001010100
0111110001010110
0111110001010111
0111110001011001
0111110001011010
0111110001011011
0111110001011100
0111110001011101
0111110001011111
0111110001100000
0111110001100010
0111110001100011
0111110001100100
0111110001100101
0111110001100110
0111110001100111
0111110001101000
0111110001101001
0111110001101010
0111110001101011
0111110001101100
0111110001101110
0111110001101111
0111110001110000
0111110001110010
0111110001110011
0111110001110100
0111110001110101
0111110001110110
0111110001110111
0111110001111000
0111110001111001
0111110001111010
0111110001111011
0111110001111101
0111110001111110
0111110010001100
0111110010001101
0111110010001110
0111110010001111
0111110010010010
0111110010010011
0111110010010100
0111110010010110
0111110010010111
0111110010011011
0111110010011100
0111110010011101
0111110010011110
0111110010011111
0111110011000100
0111110011000101
0111110011001011
0111110011001100
0111110011001101
0111110011001110
0111110011001111
0111110011010000
0111110011010010
0111110011010011
0111110011010100
0111110011011011
0111110011011100
0111110011011101
0111110011011110
0111110011011111
0111110100101011
0111110100101100
0111110100101110
0111110100110000
0111110100110010
0111110100110011
0111110100110100
0111110100110110
0111110100111000
0111110100111001
0111110100111010
0111110100111011
0111110100111100
0111110100111110
0111110101001000
0111110101001011
0111110101001100
0111110101001110
0111110101010000
0111110101010110
0111110101011000
0111110101011001
0111110101011010
0111110101011011
0111110101011100
0111110101011110
0111110101100000
0111110101100010
0111110101100011
0111110101100100
0111110101100110
0111110101101000
0111110101101001
0111110101101010
0111110101101011
0111110101101100
0111110101110000
0111110101110010
0111110101110011
0111110101110100
0111110101110110
0111110101111000
0111110101111001
0111110101111010
0111110101111011
0111110101111100
0111110101111110
0111110110001011
0111110110001110
0111110110010010
0111110110010011
0111110110010100
0111110110010110
0111110110011100
0111110110011110
0111110111000100
0111110111000110
0111110111001011
0111110111001100
0111110111001110
0111110111010000
0111110111010010
0111110111010011
0111110111010100
0111110111011011
0111110111011100
0111110111011110
0111111000101000
0111111000101001
0111111000101010
0111111000101011
0111111000101100
0111111000101110
0111111000110000
0111111000110010
0111111000110011
0111111000110100
0111111000110110
0111111000111000
0111111000111001
0111111000111010
0111111000111011
0111111000111100
0111111000111110
0111111001001000
0111111001001001
0111111001001010
0111111001001100
0111111001001110
0111111001010000
0111111001010010
0111111001010110
0111111001011000
0111111001011001
0111111001011010
0111111001011100
0111111001011110
0111111001100000
0111111001100010
0111111001100100
0111111001100110
0111111001101000
0111111001101001
0111111001101010
0111111001101100
0111111001101110
0111111001110000
0111111001110010
0111111001110100
0111111001110110
0111111001111000
0111111001111001
0111111001111010
0111111001111100
0111111010001011
0111111010001100
0111111010001110
0111111010010010
0111111010010011
0111111010010100
0111111010010110
0111111010011011
0111111010011110
0111111011000100
0111111011000110
0111111011001100
0111111011001110
0111111011010000
0111111011010010
0111111011010100
0111111011010110
0111111011011100
0111111011011110
1000001100101011
1000001100101110
1000001100110000
1000001100110010
1000001100110110
1000001100111010
1000001100111011
1000001100111110
1000001101001001
1000001101001010
1000001101001011
1000001101001110
1000001101010000
1000001101010010
1000001101011000
1000001101011001
1000001101011010
1000001101011011
1000001101011110
1000001101100000
1000001101100010
1000001101100011
1000001101100100
1000001101100110
1000001101100111
1000001101101000
1000001101101001
1000001101101010
1000001101101011
1000001101101100
1000001101101101
1000001101101110
1000001101101111
1000001101110000
1000001101110010
1000001101110011
1000001101110101
1000001101110110
1000001101110111
1000001101111000
1000001101111001
1000001101111010
1000001101111011
1000001101111101
1000001101111110
1000001110001001
1000001110001011
1000001110001100
1000001110001101
1000001110001110
1000001110001111
1000001110010011
1000001110010100
1000001110010101
1000001110010110
1000001110010111
1000001110011000
1000001110011001
1000001110011010
1000001110011011
1000001110011100
1000001110011101
1000001110011110
1000001110011111
1000001110100011
1000001110100100
1000001110100101
1000001110100110
1000001110100111
1000001110101001
1000001110101011
1000001110101100
1000001110101101
1000001110101110
1000001110101111
1000001110110010
1000001110110011
1000001110110100
1000001110110101
1000001110110110
1000001110110111
1000001110111000
1000001110111001
1000001110111010
1000001110111011
1000001110111100
1000001110111101
1000001110111110
1000001110111111
1000001111000100
1000001111000101
1000001111000110
1000001111000111
1000001111001000
1000001111001001
1000001111001010
1000001111001011
1000001111001100
1000001111001101
1000001111001110
1000001111001111
1000001111010000
1000001111010010
1000001111010011
1000001111010100
1000001111010101
1000001111010110
1000001111010111
1000001111011000
1000001111011001
1000001111011010
1000001111011011
1000001111011100
1000001111011101
1000001111011110
1000001111011111
1000001111100010
1000001111100011
1000001111100100
1000001111100101
1000001111100110
1000001111100111
1000001111101011
1000001111101100
1000001111101101
1000001111101110
1000001111101111
1000001111110010
1000001111110011
1000001111110100
1000001111110101
1000001111110110
1000001111110111
1000010100111011
1000010100111110
1000010101001011
1000010101001110
1000010101011011
1000010101011110
1000010101100010
1000010101100011
1000010101100100
1000010101100101
1000010101100110
1000010101101001
1000010101101011
1000010101101100
1000010101101101
1000010101101110
1000010101101111
1000010101110000
1000010101110010
1000010101110011
1000010101110100
1000010101110101
1000010101110111
1000010101111000
1000010101111001
1000010101111010
1000010101111011
1000010101111100
1000010101111101
1000010101111110
1000010110001001
1000010110001010
1000010110001011
1000010110001100
1000010110001101
1000010110001110
1000010110001111
1000010110010010
1000010110010011
1000010110010101
1000010110010110
1000010110010111
1000010110011001
1000010110011010
1000010110011011
1000010110011100
1000010110011101
1000010110011110
1000010110011111
1000010110100010
1000010110100100
1000010110100101
1000010110100110
1000010110100111
1000010110101000
1000010110101001
1000010110101011
1000010110101100
1000010110101101
1000010110101110
1000010110101111
1000010110110000
1000010110110011
1000010110110100
1000010110110101
1000010110110110
1000010110110111
1000010110111000
1000010110111001
1000010110111010
1000010110111011
1000010110111100
1000010110111101
1000010110111110
1000010110111111
1000010111000100
1000010111000101
1000010111000110
1000010111000111
1000010111001000
1000010111001001
1000010111001010
1000010111001011
1000010111001100
1000010111001101
1000010111001110
1000010111001111
1000010111010010
1000010111010011
1000010111010100
1000010111010101
1000010111010110
1000010111010111
1000010111011000
1000010111011001
1000010111011010
1000010111011011
1000010111011100
1000010111011101
1000010111011110
1000010111011111
1000010111100010
1000010111100011
1000010111100100
1000010111100101
1000010111100110
1000010111100111
1000010111101011
1000010111101100
1000010111101101
1000010111101110
1000010111101111
1000010111110000
1000010111110010
1000010111110011
1000010111110100
1000010111110101
1000010111110110
1000010111110111
1000010111111011
1000011000101001
1000011000101011
1000011000101110
1000011000110000
1000011000110010
1000011000110110
1000011000111000
1000011000111001
1000011000111010
1000011000111110
1000011001001000
1000011001001001
1000011001001011
1000011001001110
1000011001010000
1000011001010010
1000011001010110
1000011001011010
1000011001011011
1000011001011110
1000011001100000
1000011001100010
1000011001100011
1000011001100100
1000011001100101
1000011001100110
1000011001101010
1000011001101011
1000011001101100
1000011001101101
1000011001101110
1000011001101111
1000011001110000
1000011001110010
1000011001110011
1000011001110100
1000011001110101
1000011001110110
1000011001111001
1000011001111010
1000011001111011
1000011001111100
1000011001111101
1000011001111110
1000011010001001
1000011010001011
1000011010001100
1000011010001101
1000011010001110
1000011010001111
1000011010010010
1000011010010011
1000011010010100
1000011010010110
1000011010010111
1000011010011000
1000011010011001
1000011010011010
1000011010011011
1000011010011100
1000011010011101
1000011010011110
1000011010011111
1000011010100011
1000011010100101
1000011010100110
1000011010100111
1000011010101001
1000011010101011
1000011010101100
1000011010101101
1000011010101110
1000011010101111
1000011010110000
1000011010110010
1000011010110100
1000011010110101
1000011010110110
1000011010110111
1000011010111000
1000011010111001
1000011010111010
1000011010111011
1000011010111100
1000011010111101
1000011010111110
1000011010111111
1000011011000100
1000011011000101
1000011011000110
1000011011000111
1000011011001000
1000011011001001
1000011011001010
1000011011001011
1000011011001100
1000011011001101
1000011011001110
1000011011001111
1000011011010000
1000011011010010
1000011011010011
1000011011010100
1000011011010101
1000011011010110
1000011011010111
1000011011011000
1000011011011001
1000011011011010
1000011011011011
1000011011011100
1000011011011101
1000011011011110
1000011011011111
1000011011100010
1000011011100011
1000011011100100
1000011011100101
1000011011100110
1000011011100111
1000011011101011
1000011011101100
1000011011101101
1000011011101110
1000011011101111
1000011011110000
1000011011110010
1000011011110011
1000011011110100
1000011011110101
1000011011110110
1000011011110111
1000011011111011
1000011011111100
1000011011111101
1000011100101000
1000011100101001
1000011100101010
1000011100101011
1000011100101110
1000011100110000
1000011100110010
1000011100110110
1000011100111000
1000011100111001
1000011100111010
1000011100111011
1000011100111110
1000011101001000
1000011101001001
1000011101001010
1000011101001110
1000011101010000
1000011101010010
1000011101010110
1000011101011000
1000011101011001
1000011101011011
1000011101011110
1000011101100000
1000011101100010
1000011101100011
1000011101100100
1000011101100110
1000011101101010
1000011101101011
1000011101101100
1000011101101110
1000011101110000
1000011101110010
1000011101110011
1000011101110100
1000011101111010
1000011101111011
1000011101111100
1000011101111110
1000011110001010
1000011110001011
1000011110001100
1000011110001110
1000011110010010
1000011110010011
1000011110010100
1000011110011001
1000011110011010
1000011110011011
1000011110011100
1000011110011110
1000011110100010
1000011110100011
1000011110100100
1000011110100110
1000011110101000
1000011110101001
1000011110101010
1000011110101011
1000011110101100
1000011110101110
1000011110110000
1000011110110010
1000011110110011
1000011110110110
1000011110111000
1000011110111001
1000011110111010
1000011110111011
1000011110111100
1000011110111110
1000011111000100
1000011111000110
1000011111001000
1000011111001001
1000011111001010
1000011111001011
1000011111001100
1000011111001110
1000011111010000
1000011111010011
1000011111010100
1000011111010110
1000011111011001
1000011111011010
1000011111011011
1000011111011100
1000011111011110
1000011111100010
1000011111100011
1000011111100100
1000011111100110
1000011111101011
1000011111101100
1000011111101110
1000100100101011
1000100100101101
1000100100101110
1000100100110010
1000100100110011
1000100100110101
1000100100110110
1000100100110111
1000100100111001
1000100100111010
1000100100111011
1000100100111101
1000100100111111
1000100101001011
1000100101001100
1000100101001110
1000100101001111
1000100101010011
1000100101010111
1000100101011000
1000100101011001
1000100101011011
1000100101011101
1000100101011110
1000100101011111
1000100101100000
1000100101100010
1000100101100011
1000100101100100
1000100101100101
1000100101100110
1000100101100111
1000100101101100
1000100101101101
1000100101101110
1000100101101111
1000100101110000
1000100101110010
1000100101110011
1000100101110100
1000100101110101
1000100101110110
1000100101110111
1000100101111011
1000100101111100
1000100101111101
1000100101111110
1000100110001101
1000100110001111
1000100110010011
1000100110010101
1000100110011101
1000100110011111
1000100110100011
1000100110100101
1000100110101101
1000100110101111
1000100110110011
1000100110110101
1000100110110111
1000100110111101
1000100110111111
1000100111000100
1000100111000111
1000100111001100
1000100111001101
1000100111001111
1000100111010011
1000100111010111
1000100111011100
1000100111011101
1000100111011111
1000101000101101
1000101000101111
1000101000110011
1000101000110100
1000101000110101
1000101000110110
1000101000110111
1000101000111001
1000101000111011
1000101000111100
1000101000111101
1000101000111110
1000101001001011
1000101001001100
1000101001001101
1000101001001111
1000101001010011
1000101001010111
1000101001011000
1000101001011001
1000101001011011
1000101001011100
1000101001011111
1000101001100011
1000101001100100
1000101001100101
1000101001100110
1000101001100111
1000101001101011
1000101001101101
1000101001101110
1000101001101111
1000101001110000
1000101001110010
1000101001110011
1000101001110100
1000101001110110
1000101001110111
1000101001111100
1000101001111110
1000101010001101
1000101010001111
1000101010010011
1000101010010111
1000101010011100
1000101010101111
1000101010110011
1000101010111100
1000101010111101
1000101010111111
1000101011000100
1000101011000101
1000101011000111
1000101011001100
1000101011001101
1000101011001111
1000101011010011
1000101011010111
1000101011011100
1000101011011101
1000101011011111
1000101100101001
1000101100101011
1000101100101100
1000101100101101
1000101100101110
1000101100101111
1000101100110000
1000101100110010
1000101101001000
1000101101001001
1000101101001011
1000101101001100
1000101101001101
1000101101001110
1000101101010000
1000101101010011
1000101101010111
1000101101011000
1000101101011001
1000101101011011
1000101101011100
1000101101011101
1000101101011111
1000101101100000
1000101101100010
1000101101100011
1000101101100100
1000101101100101
1000101101100110
1000101101100111
1000101101101011
1000101101101100
1000101101101110
1000101110001100
1000101110001101
1000101110001111
1000101110010011
1000101110010100
1000101110010101
1000101110010111
1000101110011100
1000101110011101
1000101110011111
1000101110100011
1000101110100100
1000101110100101
1000101110100111
1000101110101100
1000101110101101
1000101110101111
1000101110110011
1000101110110100
1000101110110101
1000101110111100
1000101110111101
1000101110111111
1000101111000100
1000101111000101
1000101111001100
1000101111001101
1000101111001111
1000101111010011
1000101111010100
1000101111010101
1000101111010111
1000101111011100
1000101111011101
1000101111011111
1000110000101001
1000110000101011
1000110000101100
1000110000101101
1000110000101110
1000110000101111
1000110000110010
1000110000110011
1000110000110100
1000110000110101
1000110000110110
1000110000110111
1000110000111000
1000110000111001
1000110000111010
1000110000111011
1000110000111100
1000110000111101
1000110000111110
1000110000111111
1000110001001000
1000110001001001
1000110001001010
1000110001001011
1000110001001100
1000110001001101
1000110001001110
1000110001001111
1000110001010000
1000110001010010
1000110001010011
1000110001010100
1000110001010101
1000110001010110
1000110001010111
1000110001011000
1000110001011001
1000110001011010
1000110001011011
1000110001011100
1000110001011101
1000110001011110
1000110001100000
1000110001100010
1000110001100011
1000110001100100
1000110001100101
1000110001100110
1000110001100111
1000110001101000
1000110001101001
1000110001101010
1000110001101011
1000110001101100
1000110001101101
1000110001101111
1000110001110000
1000110001110010
1000110001110011
1000110001110100
1000110001110101
1000110001110110
1000110001110111
1000110001111000
1000110001111001
1000110001111010
1000110001111011
1000110001111100
1000110001111110
1000110010001011
1000110010001101
1000110010001110
1000110010001111
1000110010010010
1000110010010011
1000110010010100
1000110010010101
1000110010010110
1000110010010111
1000110010011100
1000110010011101
1000110010011110
1000110010011111
1000110010100011
1000110010100100
1000110010100101
1000110010100110
1000110010100111
1000110010101011
1000110010101100
1000110010101101
1000110010101110
1000110010101111
1000110010110010
1000110010110011
1000110010110100
1000110010110101
1000110010110110
1000110010110111
1000110010111011
1000110010111100
1000110010111101
1000110010111110
1000110010111111
1000110011000101
1000110011000110
1000110011001011
1000110011001100
1000110011001101
1000110011001110
1000110011001111
1000110011010000
1000110011010010
1000110011010011
1000110011010100
1000110011010101
1000110011010110
1000110011011011
1000110011011100
1000110011011101
1000110011011110
1000110011011111
1000110011100011
1000110011100100
1000110011100101
1000110011100111
1000110011101100
1000110011101101
1000110011101111
1000110011110011
1000110011110100
1000110011110111
1000110011111100
1000110011111101
1000110100101000
1000110100101001
1000110100101011
1000110100101100
1000110100101101
1000110100101110
1000110100101111
1000110100110000
1000110100110010
1000110100110011
1000110100110100
1000110100110101
1000110100110110
1000110100110111
1000110100111000
1000110100111001
1000110100111010
1000110100111011
1000110100111100
1000110100111101
1000110100111110
1000110100111111
1000110101001000
1000110101001001
1000110101001011
1000110101001100
1000110101001101
1000110101001110
1000110101001111
1000110101010000
1000110101010011
1000110101010111
1000110101011000
1000110101011001
1000110101011011
1000110101011100
1000110101011101
1000110101011110
1000110101011111
1000110101100000
1000110101100010
1000110101100011
1000110101100100
1000110101100101
1000110101100110
1000110101100111
1000110101101000
1000110101101001
1000110101101011
1000110101101100
1000110101101101
1000110101101110
1000110101110000
1000110101110010
1000110101110011
1000110101110100
1000110101110101
1000110101110110
1000110101110111
1000110101111000
1000110101111001
1000110101111010
1000110101111011
1000110101111100
1000110101111101
1000110110001011
1000110110001100
1000110110001110
1000110110001111
1000110110010010
1000110110010011
1000110110010100
1000110110010101
1000110110010110
1000110110010111
1000110110011011
1000110110011101
1000110110011110
1000110110011111
1000110110100010
1000110110100011
1000110110100100
1000110110100101
1000110110100110
1000110110100111
1000110110101100
1000110110101101
1000110110101110
1000110110101111
1000110110110000
1000110110110010
1000110110110011
1000110110110100
1000110110110101
1000110110110110
1000110110110111
1000110110111011
1000110110111100
1000110110111101
1000110110111110
1000110110111111
1000110111000100
1000110111000101
1000110111000110
1000110111000111
1000110111001011
1000110111001100
1000110111001101
1000110111001110
1000110111001111
1000110111010000
1000110111010010
1000110111010011
1000110111010100
1000110111010101
1000110111010110
1000110111011011
1000110111011100
1000110111011101
1000110111011110
1000110111011111
1000110111100011
1000110111100100
1000110111100101
1000110111101100
1000110111101101
1000110111110011
1000110111110100
1000110111110101
1000110111110111
1000111000101001
1000111000101011
1000111000101100
1000111000101101
1000111000101110
1000111000101111
1000111000110000
1000111000110010
1000111000110011
1000111000110100
1000111000110101
1000111000110110
1000111001001000
1000111001001001
1000111001001010
1000111001001011
1000111001001100
1000111001001101
1000111001001110
1000111001001111
1000111001010000
1000111001010010
1000111001010011
1000111001010100
1000111001010110
1000111001010111
1000111001011000
1000111001011001
1000111001011010
1000111001011011
1000111001011100
1000111001011101
1000111001011110
1000111001011111
1000111001100000
1000111001100010
1000111001100011
1000111001100100
1000111001100101
1000111001100110
1000111001100111
1000111001101000
1000111001101001
1000111001101010
1000111001101011
1000111001101100
1000111001101101
1000111001101110
1000111001101111
1000111001110000
1000111001110010
1000111001110011
1000111001110100
1000111001110101
1000111001110110
1000111001110111
1000111001111000
1000111001111001
1000111001111010
1000111001111011
1000111001111100
1000111001111101
1000111001111110
1000111010001011
1000111010001100
1000111010001101
1000111010001111
1000111010010010
1000111010010011
1000111010010100
1000111010010110
1000111010010111
1000111010011011
1000111010011100
1000111010011110
1000111010011111
1000111010100011
1000111010100100
1000111010100110
1000111010100111
1000111010101011
1000111010101101
1000111010101110
1000111010101111
1000111010110000
1000111010110010
1000111010110011
1000111010110100
1000111010110101
1000111010110110
1000111010110111
1000111010111101
1000111010111110
1000111010111111
1000111011000100
1000111011000101
1000111011000110
1000111011000111
1000111011001011
1000111011001100
1000111011001101
1000111011001110
1000111011001111
1000111011010000
1000111011010010
1000111011010011
1000111011010100
1000111011010101
1000111011010110
1000111011010111
1000111011011011
1000111011011100
1000111011011101
1000111011011110
1000111011100011
1000111011100100
1000111011100101
1000111011101100
1000111011101101
1000111011110011
1000111011110100
1000111011110101
1000111100101000
1000111100101001
1000111100101010
1000111100101011
1000111100101100
1000111100101110
1000111100110000
1000111100110010
1000111100110011
1000111100110100
1000111100110110
1000111100111000
1000111100111001
1000111100111010
1000111100111011
1000111100111100
1000111100111110
1000111101001000
1000111101001001
1000111101001010
1000111101001011
1000111101001100
1000111101001110
1000111101010000
1000111101010010
1000111101010011
1000111101010100
1000111101010110
1000111101011000
1000111101011001
1000111101011010
1000111101011011
1000111101011100
1000111101011110
1000111101100000
1000111101100010
1000111101100011
1000111101100100
1000111101100110
1000111101101000
1000111101101001
1000111101101010
1000111101101011
1000111101101100
1000111101101110
1000111101110010
1000111101110011
1000111101110100
1000111101110110
1000111110001011
1000111110001100
1000111110001110
1000111110010010
1000111110010011
1000111110010100
1000111110010110
1000111110011011
1000111110011100
1000111110100010
1000111110100011
1000111110100100
1000111110100110
1000111110101011
1000111110101100
1000111110101110
1000111110110000
1000111110110010
1000111110110011
1000111110110100
1000111110110110
1000111111000100
1000111111000110
1000111111001100
1000111111001110
1000111111010000
1000111111010010
1000111111010011
1000111111010100
1000111111010110
1001001000111010
1001001001011000
1001001001011001
1001001001100000
1001001001100010
1001001001100110
1001001001101000
1001001001101001
1001001001101011
1001001001101110
1001001001110000
1001001001110010
1001001001110110
1001001001111000
1001001001111001
1001001001111010
1001001001111011
1001001001111110
1001001010001011
1001001010001100
1001001010001101
1001001010001110
1001001010001111
1001001010010011
1001001010010111
1001001010011000
1001001010011001
1001001010011011
1001001010011100
1001001010011110
1001001010100011
1001001010101111
1001001010110011
1001001010110111
1001001010111000
1001001010111001
1001001010111011
1001001010111100
1001001010111101
1001001010111110
1001001010111111
1001001011000100
1001001011000101
1001001011000110
1001001011000111
1001001011001000
1001001011001001
1001001011001011
1001001011001100
1001001011001101
1001001011001110
1001001011001111
1001001011010000
1001001011010011
1001001011010111
1001001011011000
1001001011011001
1001001011011011
1001001011011100
1001001011011101
1001001011011110
1001001011011111
1001001011100000
1001001011100010
1001001011100011
1001001011100100
1001001011100101
1001001011100110
1001001011100111
1001001011101000
1001001011101001
1001001011101011
1001001011101100
1001001011101101
1001001011101110
1001001011101111
1001001011110000
1001001011110010
1001001011110011
1001001011110101
1001001011110110
1001001011110111
1001001011111000
1001001011111001
1001001011111010
1001001011111011
1001001011111100
1001001011111101
1001001100101000
1001001101011000
1001001101011001
1001001101100000
1001001101100010
1001001101101000
1001001101101001
1001001101101011
1001001101101110
1001001101110000
1001001101110010
1001001101110110
1001001101111000
1001001101111001
1001001101111010
1001001101111011
1001001101111110
1001001110001001
1001001110001010
1001001110001011
1001001110001100
1001001110001110
1001001110010010
1001001110010100
1001001110010110
1001001110011000
1001001110011001
1001001110011010
1001001110011011
1001001110011100
1001001110011110
1001001110100011
1001001110100100
1001001110100110
1001001110101011
1001001110101100
1001001110101110
1001001110110000
1001001110110010
1001001110110011
1001001110110100
1001001110110110
1001001110111000
1001001110111001
1001001110111010
1001001110111011
1001001110111100
1001001110111110
1001001111000100
1001001111000110
1001001111001000
1001001111001001
1001001111001010
1001001111001011
1001001111001100
1001001111001110
1001001111010000
1001001111010010
1001001111010011
1001001111010100
1001001111010110
1001001111011000
1001001111011001
1001001111011010
1001001111011011
1001001111011100
1001001111011110
1001001111100000
1001001111100010
1001001111100011
1001001111100100
1001001111100110
1001001111101000
1001001111101011
1001001111101100
1001001111101110
1001001111110000
1001001111110010
1001001111110011
1001001111110100
1001001111110110
1001010000111000
1001010001100000
1001010001100010
1001010001100110
1001010001101000
1001010001101001
1001010001101011
1001010001101110
1001010001110000
1001010001110010
1001010001111000
1001010001111001
1001010001111010
1001010001111011
1001010001111110
1001010010001011
1001010010001100
1001010010001101
1001010010001110
1001010010001111
1001010010010011
1001010010010111
1001010010011000
1001010010011001
1001010010011011
1001010010011100
1001010010011110
1001010010101111
1001010010110000
1001010010110011
1001010010110111
1001010010111000
1001010010111001
1001010010111011
1001010010111100
1001010010111101
1001010010111110
1001010010111111
1001010011000100
1001010011000101
1001010011000110
1001010011000111
1001010011001000
1001010011001001
1001010011001011
1001010011001100
1001010011001101
1001010011001110
1001010011001111
1001010011010011
1001010011010111
1001010011011000
1001010011011001
1001010011011011
1001010011011100
1001010011011101
1001010011011110
1001010011011111
1001010011100000
1001010011100010
1001010011100011
1001010011100100
1001010011100110
1001010011100111
1001010011101000
1001010011101011
1001010011101100
1001010011101101
1001010011101110
1001010011101111
1001010011110000
1001010011110010
1001010011110011
1001010011110100
1001010011110110
1001010011110111
1001010011111000
1001010011111011
1001010011111100
1001010100111000
1001010101110000
1001010101111000
1001010101111001
1001010101111011
1001010101111110
1001010110001001
1001010110001011
1001010110001100
1001010110001110
1001010110010011
1001010110011000
1001010110011001
1001010110011011
1001010110011100
1001010110011110
1001010110100011
1001010110110000
1001010110111000
1001010110111001
1001010110111011
1001010110111100
1001010110111110
1001010111000100
1001010111000110
1001010111001000
1001010111001001
1001010111001011
1001010111001100
1001010111001110
1001010111010000
1001010111010011
1001010111011000
1001010111011001
1001010111011011
1001010111011100
1001010111011110
1001010111100010
1001010111100011
1001010111100100
1001010111100110
1001010111101000
1001010111101001
1001010111101011
1001010111101100
1001010111101110
1001010111110000
1001010111110010
1001010111110011
1001010111110100
1001010111110110
1001010111111000
1001010111111001
1001010111111010
1001010111111011
1001011000101000
1001011000101001
1001011000111000
1001011000111001
1001011000111010
1001011001001000
1001011001001001
1001011001011000
1001011001100000
1001011001100010
1001011001100110
1001011001101110
1001011001110000
1001011001110010
1001011001110110
1001011001111110
1001011010001001
1001011010001011
1001011010001100
1001011010001110
1001011010010011
1001011010011000
1001011010011001
1001011010011011
1001011010011100
1001011010011110
1001011010100011
1001011010110000
1001011010110011
1001011010111000
1001011010111001
1001011010111011
1001011010111100
1001011010111110
1001011011000100
1001011011000110
1001011011001000
1001011011001001
1001011011001100
1001011011001110
1001011011010000
1001011011011000
1001011011011001
1001011011011100
1001011011011110
1001011011100000
1001011011100010
1001011011100100
1001011011100110
1001011011101000
1001011011101001
1001011011101100
1001011011101110
1001011011110010
1001011011110100
1001011011110110
1001011011111000
1001011011111001
1001011011111010
1001011011111100
1001011100101000
1001011100111000
1001011100111010
1001011101001000
1001011101011000
1001011101100000
1001011101100010
1001011101110000
1001011101110010
1001011110001010
1001011110010010
1001011110011010
1001011110100010
1001011110101000
1001011110110000
1001011110110010
1001011110111000
1001011110111010
1001011111001000
1001011111001010
1001011111010000
1001011111010010
1001011111011000
1001011111011010
1001011111101000
1001011111101010
1001100000101001
1001100000101011
1001100000101110
1001100000110010
1001100000110110
1001100000111000
1001100000111001
1001100000111010
1001100000111011
1001100001001000
1001100001001001
1001100001001010
1001100001001011
1001100001001110
1001100001010000
1001100001010010
1001100001010110
1001100001011001
1001100001011010
1001100001011011
1001100001011110
1001100001100000
1001100001100010
1001100001100011
1001100001100100
1001100001100101
1001100001100110
1001100001100111
1001100001101000
1001100001101001
1001100001101010
1001100001101100
1001100001101101
1001100001101110
1001100001101111
1001100001110000
1001100001110010
1001100001110011
1001100001110100
1001100001110101
1001100001110110
1001100001110111
1001100001111011
1001100001111100
1001100001111101
1001100001111110
1001100010001011
1001100010001100
1001100010001101
1001100010001110
1001100010001111
1001100010010010
1001100010010011
1001100010010101
1001100010010110
1001100010010111
1001100010011011
1001100010011100
1001100010011101
1001100010011110
1001100010011111
1001100010100011
1001100010100100
1001100010100101
1001100010100110
1001100010101011
1001100010101100
1001100010101101
1001100010101110
1001100010101111
1001100010110010
1001100010110011
1001100010110100
1001100010110101
1001100010110111
1001100010111000
1001100010111001
1001100010111010
1001100010111011
1001100010111100
1001100010111101
1001100010111110
1001100010111111
1001100011000100
1001100011000110
1001100011000111
1001100011001000
1001100011001001
1001100011001010
1001100011001011
1001100011001100
1001100011001101
1001100011001110
1001100011001111
1001100011010000
1001100011010010
1001100011010011
1001100011010101
1001100011010110
1001100011010111
1001100011011000
1001100011011001
1001100011011010
1001100011011011
1001100011011100
1001100011011101
1001100011011110
1001100011011111
1001100011100000
1001100011100010
1001100011100100
1001100011100101
1001100011100110
1001100011100111
1001100011101011
1001100011101100
1001100011101101
1001100011101110
1001100011101111
1001100011110000
1001100011110011
1001100011110100
1001100011110101
1001100011110110
1001100011110111
1001100011111011
1001100011111100
1001100011111101
1001100100101000
1001100100101001
1001100100101011
1001100100101110
1001100100110000
1001100100110010
1001100100110110
1001100100111000
1001100100111001
1001100100111010
1001100100111011
1001100100111110
1001100101001000
1001100101001001
1001100101001011
1001100101010000
1001100101011000
1001100101011001
1001100101011011
1001100101011110
1001100101100000
1001100101100010
1001100101100011
1001100101100100
1001100101101101
1001100101101110
1001100101101111
1001100101110000
1001100101110010
1001100101110011
1001100101110100
1001100101110101
1001100101110110
1001100101110111
1001100101111000
1001100101111001
1001100101111010
1001100101111100
1001100101111101
1001100101111110
1001100110001011
1001100110001100
1001100110001101
1001100110001110
1001100110001111
1001100110010010
1001100110010011
1001100110010100
1001100110010101
1001100110010110
1001100110010111
1001100110011011
1001100110011100
1001100110011101
1001100110011110
1001100110011111
1001100110100010
1001100110100011
1001100110100100
1001100110100101
1001100110100110
1001100110100111
1001100110101011
1001100110101100
1001100110101101
1001100110101110
1001100110101111
1001100110110000
1001100110110010
1001100110110011
1001100110110100
1001100110110101
1001100110110110
1001100110111000
1001100110111001
1001100110111010
1001100110111011
1001100110111100
1001100110111101
1001100110111110
1001100110111111
1001100111000100
1001100111000101
1001100111000111
1001100111001000
1001100111001001
1001100111001010
1001100111001011
1001100111001100
1001100111001101
1001100111001110
1001100111001111
1001100111010000
1001100111010010
1001100111010011
1001100111010100
1001100111010110
1001100111010111
1001100111011000
1001100111011001
1001100111011010
1001100111011011
1001100111011100
1001100111011101
1001100111011110
1001100111011111
1001100111100000
1001100111100010
1001100111100011
1001100111100101
1001100111100110
1001100111100111
1001100111101011
1001100111101100
1001100111101101
1001100111101110
1001100111101111
1001100111110000
1001100111110010
1001100111110100
1001100111110110
1001100111110111
1001100111111011
1001101000101001
1001101000101011
1001101000101110
1001101000110000
1001101000110010
1001101000110110
1001101000111010
1001101000111011
1001101000111110
1001101001001000
1001101001001001
1001101001001011
1001101001001110
1001101001010000
1001101001011000
1001101001011001
1001101001011011
1001101001100000
1001101001100010
1001101001100011
1001101001100100
1001101001100101
1001101001100110
1001101001100111
1001101001101000
1001101001101001
1001101001101011
1001101001101100
1001101001101110
1001101001101111
1001101001110000
1001101001110010
1001101001110011
1001101001110100
1001101001110110
1001101001110111
1001101001111000
1001101001111001
1001101001111010
1001101001111011
1001101001111110
1001101010001100
1001101010001101
1001101010001110
1001101010001111
1001101010010011
1001101010010111
1001101010011011
1001101010011100
1001101010011110
1001101010100011
1001101010101111
1001101010110111
1001101010111011
1001101010111100
1001101010111101
1001101010111110
1001101010111111
1001101011000100
1001101011000101
1001101011000110
1001101011001000
1001101011001001
1001101011001011
1001101011001100
1001101011001101
1001101011001110
1001101011001111
1001101011010000
1001101011010011
1001101011010111
1001101011011000
1001101011011001
1001101011011011
1001101011011100
1001101011011101
1001101011011110
1001101011011111
1001101011100000
1001101011100010
1001101011100011
1001101011100100
1001101011100110
1001101011100111
1001101011101011
1001101011101100
1001101011101101
1001101011101110
1001101011101111
1001101011110000
1001101011110010
1001101011110011
1001101011110101
1001101011110110
1001101011110111
1001101011111011
1001101011111100
1001101011111101
1001101100101000
1001101100101001
1001101100101011
1001101100101110
1001101100110000
1001101100110010
1001101100110110
1001101100111000
1001101100111001
1001101100111010
1001101100111011
1001101100111110
1001101101001000
1001101101001001
1001101101001011
1001101101001110
1001101101010000
1001101101011000
1001101101011001
1001101101011011
1001101101011110
1001101101100000
1001101101100010
1001101101100011
1001101101100110
1001101101101000
1001101101101001
1001101101101011
1001101101101100
1001101101110000
1001101101110010
1001101101110011
1001101101110100
1001101101110110
1001101101111000
1001101101111001
1001101101111010
1001101101111011
1001101101111100
1001101101111110
1001101110001001
1001101110001010
1001101110001011
1001101110001110
1001101110010010
1001101110010011
1001101110010100
1001101110010110
1001101110011000
1001101110011001
1001101110011010
1001101110011100
1001101110011110
1001101110100010
1001101110100011
1001101110100100
1001101110100110
1001101110101000
1001101110101011
1001101110101100
1001101110101110
1001101110110000
1001101110110010
1001101110110011
1001101110110100
1001101110110110
1001101110111011
1001101110111100
1001101110111110
1001101111000100
1001101111000110
1001101111001010
1001101111001011
1001101111001100
1001101111001110
1001101111010000
1001101111010010
1001101111010011
1001101111010100
1001101111010110
1001101111011000
1001101111011001
1001101111011010
1001101111011011
1001101111011110
1001101111100000
1001101111100010
1001101111100011
1001101111100100
1001101111101011
1001101111101100
1001101111101110
1001101111110000
1001101111110010
1001101111110011
1001101111110100
1001101111110110
1001110000101000
1001110000101001
1001110000101010
1001110000111000
1001110000111001
1001110000111010
1001110001001000
1001110001001001
1001110001001010
1001110001011000
1001110001011001
1001110001011010
1001110001100000
1001110001100010
1001110001100110
1001110001101001
1001110001101010
1001110001101011
1001110001101110
1001110001110000
1001110001110010
1001110001110110
1001110001111000
1001110001111001
1001110001111010
1001110001111011
1001110010001001
1001110010001010
1001110010001011
1001110010001100
1001110010001110
1001110010001111
1001110010010010
1001110010010011
1001110010010100
1001110010010110
1001110010010111
1001110010011000
1001110010011001
1001110010011010
1001110010011011
1001110010011101
1001110010011110
1001110010011111
1001110010100010
1001110010100011
1001110010100100
1001110010100110
1001110010100111
1001110010101000
1001110010101100
1001110010101101
1001110010101110
1001110010101111
1001110010110000
1001110010110010
1001110010110011
1001110010110100
1001110010110101
1001110010110110
1001110010110111
1001110010111000
1001110010111011
1001110010111100
1001110010111101
1001110010111110
1001110010111111
1001110011000100
1001110011000101
1001110011000110
1001110011000111
1001110011001011
1001110011001100
1001110011001101
1001110011001110
1001110011001111
1001110011010000
1001110011010010
1001110011010011
1001110011010100
1001110011010110
1001110011010111
1001110011011010
1001110011011011
1001110011011100
1001110011011101
1001110011011110
1001110011011111
1001110011100000
1001110011100010
1001110011100011
1001110011100100
1001110011100101
1001110011100110
1001110011101000
1001110011101001
1001110011101010
1001110011101011
1001110011101100
1001110011101101
1001110011101110
1001110011110000
1001110011110010
1001110011110011
1001110011110100
1001110011110111
1001110011111000
1001110011111001
1001110011111010
1001110011111011
1001110011111100
1001110100101000
1001110100111000
1001110100111001
1001110100111010
1001110101001000
1001110101011000
1001110101011001
1001110101100000
1001110101100010
1001110101100110
1001110101101000
1001110101101001
1001110101101011
1001110101101110
1001110101110000
1001110101110010
1001110110001001
1001110110001010
1001110110001011
1001110110001100
1001110110010010
1001110110010011
1001110110010100
1001110110010110
1001110110011000
1001110110011001
1001110110011010
1001110110011011
1001110110011100
1001110110011110
1001110110100010
1001110110100011
1001110110100100
1001110110100110
1001110110101000
1001110110101001
1001110110101011
1001110110101110
1001110110110000
1001110110110010
1001110110110011
1001110110110100
1001110110110110
1001110110111000
1001110110111001
1001110110111010
1001110110111100
1001110110111110
1001110111000100
1001110111000110
1001110111001011
1001110111001100
1001110111001110
1001110111010000
1001110111010010
1001110111010011
1001110111010100
1001110111010110
1001110111011011
1001110111011100
1001110111011110
1001110111100000
1001110111100010
1001110111100011
1001110111100100
1001110111100110
1001110111101010
1001110111101011
1001110111101100
1001110111110000
1001110111110010
1001110111110011
1001110111110100
1001110111110110
1001111000101000
1001111000101001
1001111000101010
1001111000111000
1001111000111001
1001111000111010
1001111001001000
1001111001001010
1001111001011000
1001111001011001
1001111001011010
1001111001100000
1001111001100010
1001111001100110
1001111001101000
1001111001101001
1001111001101010
1001111001101110
1001111001110000
1001111001110010
1001111001110110
1001111001111000
1001111001111001
1001111001111010
1001111001111110
1001111010001001
1001111010001010
1001111010001011
1001111010001100
1001111010001110
1001111010010010
1001111010010011
1001111010010100
1001111010010110
1001111010011000
1001111010011001
1001111010011010
1001111010011011
1001111010011100
1001111010100010
1001111010100011
1001111010100100
1001111010100110
1001111010101000
1001111010101011
1001111010101100
1001111010101110
1001111010110000
1001111010110010
1001111010110011
1001111010110100
1001111010110110
1001111010111000
1001111010111001
1001111010111010
1001111010111011
1001111010111110
1001111011000100
1001111011000110
1001111011001000
1001111011001001
1001111011001010
1001111011001100
1001111011001110
1001111011010000
1001111011100100
1001111011100110
1001111011101100
1001111011110000
1001111011110010
1001111011110100
1001111011110110
1001111100101000
1001111100111000
1001111100111010
1001111101001000
1001111101011000
1001111101011010
1001111101100010
1001111101101000
1001111101101010
1001111101110000
1001111101110010
1001111110001010
1001111110010010
1001111110011000
1001111110011010
1001111110100010
1001111110101000
1001111110110000
1001111110110010
1100001100101000
1100001100101001
1100001100101010
1100001100101011
1100001100101110
1100001100110000
1100001100110010
1100001100110110
1100001100111000
1100001100111001
1100001100111010
1100001100111110
1100001101001000
1100001101001001
1100001101001010
1100001101001110
1100001101010000
1100001101010010
1100001101010110
1100001101011000
1100001101011001
1100001101011011
1100001101011110
1100001101100000
1100001101100010
1100001101100011
1100001101100100
1100001101100101
1100001101100110
1100001101100111
1100001101101000
1100001101101010
1100001101101011
1100001101101100
1100001101101101
1100001101101110
1100001101110000
1100001101110010
1100001101110011
1100001101110100
1100001101110101
1100001101110110
1100001101110111
1100001101111001
1100001101111010
1100001101111011
1100001101111100
1100001101111101
1100001101111110
1100001110001001
1100001110001010
1100001110001011
1100001110001100
1100001110001101
1100001110001110
1100001110001111
1100001110010010
1100001110010011
1100001110010100
1100001110010101
1100001110010111
1100001110011000
1100001110011001
1100001110011010
1100001110011011
1100001110011100
1100001110011101
1100001110011110
1100001110011111
1100001110100010
1100001110100011
1100001110100100
1100001110100110
1100001110100111
1100001110101000
1100001110101001
1100001110101010
1100001110101011
1100001110101100
1100001110101101
1100001110101110
1100001110101111
1100001110110000
1100001110110010
1100001110110011
1100001110110101
1100001110110110
1100001110110111
1100001110111000
1100001110111001
1100001110111010
1100001110111011
1100001110111100
1100001110111101
1100001110111110
1100001110111111
1100001111000100
1100001111000101
1100001111000110
1100001111000111
1100001111001000
1100001111001001
1100001111001010
1100001111001011
1100001111001100
1100001111001101
1100001111001110
1100001111010000
1100001111010011
1100001111010100
1100001111010101
1100001111010110
1100001111010111
1100001111011000
1100001111011001
1100001111011010
1100001111011011
1100001111011100
1100001111011101
1100001111011110
1100001111100010
1100001111100011
1100001111100100
1100001111100101
1100001111100110
1100001111100111
1100001111101011
1100001111101100
1100001111101101
1100001111101110
1100001111110010
1100001111110011
1100001111110100
1100001111110101
1100001111110110
1100001111110111
1100010100101000
1100010100101001
1100010100101011
1100010100101110
1100010100110000
1100010100110010
1100010100110110
1100010100111000
1100010100111001
1100010100111011
1100010101001000
1100010101001001
1100010101001011
1100010101001110
1100010101011001
1100010101011110
1100010101100010
1100010101100011
1100010101100100
1100010101100101
1100010101100110
1100010101100111
1100010101101000
1100010101101001
1100010101101101
1100010101101110
1100010101110000
1100010101110010
1100010101110011
1100010101110100
1100010101110110
1100010101110111
1100010101111000
1100010101111001
1100010101111011
1100010101111100
1100010101111101
1100010101111110
1100010110001010
1100010110001011
1100010110001100
1100010110001101
1100010110001110
1100010110001111
1100010110010010
1100010110010011
1100010110010100
1100010110010101
1100010110010110
1100010110010111
1100010110011001
1100010110011010
1100010110011011
1100010110011100
1100010110011101
1100010110011110
1100010110011111
1100010110100010
1100010110100011
1100010110100100
1100010110100101
1100010110100110
1100010110101000
1100010110101001
1100010110101011
1100010110101100
1100010110101101
1100010110101110
1100010110101111
1100010110110000
1100010110110010
1100010110110011
1100010110110100
1100010110110101
1100010110110111
1100010110111000
1100010110111001
1100010110111010
1100010110111011
1100010110111100
1100010110111101
1100010110111110
1100010110111111
1100010111000100
1100010111000110
1100010111000111
1100010111001000
1100010111001001
1100010111001010
1100010111001011
1100010111001100
1100010111001101
1100010111001110
1100010111010000
1100010111010010
1100010111010011
1100010111010101
1100010111010110
1100010111010111
1100010111011000
1100010111011001
1100010111011010
1100010111011011
1100010111011100
1100010111011101
1100010111011110
1100010111100000
1100010111100010
1100010111100100
1100010111100101
1100010111100110
1100010111100111
1100010111101011
1100010111101100
1100010111101101
1100010111101110
1100010111110000
1100010111110011
1100010111110100
1100010111110101
1100010111110110
1100010111110111
1100010111111011
1100011000101000
1100011000101001
1100011000101010
1100011000101011
1100011000101110
1100011000110000
1100011000110010
1100011000110110
1100011000111000
1100011000111001
1100011000111010
1100011000111011
1100011000111110
1100011001001001
1100011001001010
1100011001001011
1100011001010000
1100011001010010
1100011001010110
1100011001011000
1100011001011001
1100011001011010
1100011001011011
1100011001011110
1100011001100000
1100011001100010
1100011001100011
1100011001100100
1100011001100101
1100011001100110
1100011001100111
1100011001101000
1100011001101001
1100011001101010
1100011001101110
1100011001110000
1100011001110010
1100011001110011
1100011001110100
1100011001110101
1100011001110110
1100011001110111
1100011001111000
1100011001111001
1100011001111010
1100011001111101
1100011001111110
1100011010001001
1100011010001011
1100011010001100
1100011010001101
1100011010001110
1100011010001111
1100011010010010
1100011010010011
1100011010010100
1100011010010101
1100011010010110
1100011010010111
1100011010011000
1100011010011010
1100011010011011
1100011010011100
1100011010011101
1100011010011110
1100011010011111
1100011010100010
1100011010100011
1100011010100100
1100011010100101
1100011010100110
1100011010100111
1100011010101001
1100011010101011
1100011010101100
1100011010101101
1100011010101110
1100011010101111
1100011010110000
1100011010110010
1100011010110011
1100011010110100
1100011010110101
1100011010110110
1100011010111000
1100011010111001
1100011010111010
1100011010111011
1100011010111100
1100011010111101
1100011010111110
1100011010111111
1100011011000100
1100011011000101
1100011011000111
1100011011001000
1100011011001001
1100011011001010
1100011011001011
1100011011001100
1100011011001101
1100011011001110
1100011011010000
1100011011010010
1100011011010011
1100011011010100
1100011011010110
1100011011010111
1100011011011000
1100011011011001
1100011011011010
1100011011011011
1100011011011100
1100011011011101
1100011011011110
1100011011100000
1100011011100010
1100011011100011
1100011011100101
1100011011100110
1100011011100111
1100011011101011
1100011011101100
1100011011101101
1100011011101110
1100011011110000
1100011011110010
1100011011110100
1100011011110101
1100011011110110
1100011011110111
1100011011111011
1100011011111100
1100011011111101
1100011100101000
1100011100101001
1100011100101010
1100011100101011
1100011100101110
1100011100110000
1100011100110010
1100011100110110
1100011100111001
1100011100111010
1100011100111011
1100011100111110
1100011101001000
1100011101001001
1100011101001010
1100011101010000
1100011101010010
1100011101010110
1100011101011000
1100011101011001
1100011101011010
1100011101100000
1100011101100010
1100011101100011
1100011101100100
1100011101100110
1100011101101000
1100011101101001
1100011101101010
1100011101110000
1100011101110010
1100011101110011
1100011101110100
1100011101110110
1100011101111000
1100011101111001
1100011101111010
1100011110001001
1100011110001010
1100011110001110
1100011110010100
1100011110010110
1100011110011000
1100011110011001
1100011110011011
1100011110011100
1100011110011110
1100011110100010
1100011110100011
1100011110100100
1100011110100110
1100011110101000
1100011110101010
1100011110101011
1100011110101100
1100011110101110
1100011110110000
1100011110110010
1100011110110011
1100011110110100
1100011110110110
1100011110111001
1100011110111010
1100011110111011
1100011110111100
1100011110111110
1100011111000100
1100011111000110
1100011111001000
1100011111001001
1100011111001010
1100011111001100
1100011111010000
1100011111010010
1100011111010011
1100011111010100
1100011111011000
1100011111011001
1100011111011010
1100011111011100
1100011111100010
1100011111100011
1100011111100100
1100011111100110
1100011111101100
1100100100101001
1100100100101011
1100100100101101
1100100100101110
1100100100101111
1100100100110010
1100100100110011
1100100100110101
1100100100110110
1100100100110111
1100100100111001
1100100100111010
1100100100111011
1100100100111101
1100100100111110
1100100100111111
1100100101001000
1100100101001001
1100100101001011
1100100101001100
1100100101001101
1100100101001110
1100100101001111
1100100101010000
1100100101010011
1100100101010111
1100100101011000
1100100101011001
1100100101011011
1100100101011100
1100100101011101
1100100101011110
1100100101011111
1100100101100000
1100100101100010
1100100101100011
1100100101100100
1100100101100101
1100100101100110
1100100101100111
1100100101101011
1100100101101100
1100100101101101
1100100101101110
1100100101110000
1100100101110010
1100100101110011
1100100101110100
1100100101110101
1100100101110110
1100100101110111
1100100101111011
1100100101111100
1100100101111101
1100100110001111
1100100110010011
1100100110010101
1100100110010111
1100100110011111
1100100111000100
1100100111000101
1100100111000111
1100100111001101
1100100111001111
1100100111010011
1100100111010100
1100100111010111
1100100111011100
1100100111011101
1100100111011111
1100101000101001
1100101000101011
1100101000101100
1100101000101101
1100101000101110
1100101000101111
1100101000110000
1100101000110010
1100101000110011
1100101000110100
1100101000110101
1100101000110110
1100101000110111
1100101000111000
1100101000111001
1100101000111010
1100101000111011
1100101000111100
1100101000111101
1100101000111110
1100101000111111
1100101001001000
1100101001001001
1100101001001011
1100101001001100
1100101001001101
1100101001001110
1100101001001111
1100101001010000
1100101001010011
1100101001010111
1100101001011000
1100101001011001
1100101001011011
1100101001011100
1100101001011101
1100101001011110
1100101001011111
1100101001100000
1100101001100010
1100101001100011
1100101001100100
1100101001100101
1100101001100110
1100101001100111
1100101001101011
1100101001101100
1100101001101101
1100101001101110
1100101001101111
1100101001110000
1100101001110010
1100101001110011
1100101001110100
1100101001110110
1100101001110111
1100101001111011
1100101001111100
1100101001111110
1100101010001100
1100101010001101
1100101010001111
1100101010010011
1100101010010111
1100101011000100
1100101011000101
1100101011000111
1100101011001100
1100101011001101
1100101011001111
1100101011010011
1100101011010111
1100101011011100
1100101011011101
1100101100101000
1100101100101001
1100101100101011
1100101100101100
1100101100101101
1100101100101110
1100101100101111
1100101100110000
1100101100110010
1100101100110011
1100101100110100
1100101100110101
1100101100110110
1100101100110111
1100101100111000
1100101100111001
1100101100111010
1100101100111011
1100101100111100
1100101100111101
1100101100111110
1100101100111111
1100101101001000
1100101101001001
1100101101001011
1100101101001100
1100101101001101
1100101101001110
1100101101010000
1100101101010011
1100101101010111
1100101101011000
1100101101011001
1100101101011011
1100101101011100
1100101101011101
1100101101011110
1100101101100000
1100101101100010
1100101101100011
1100101101100100
1100101101100101
1100101101100110
1100101101100111
1100101101101011
1100101101101100
1100101101101101
1100101101101110
1100101101110010
1100101101110011
1100101101110100
1100101101110101
1100101101110110
1100101101110111
1100101101111011
1100101101111100
1100101101111101
1100101101111110
1100101110001100
1100101110001101
1100101110010011
1100101110010100
1100101110010101
1100101110010111
1100101110011100
1100101110011101
1100101110011111
1100101111000100
1100101111000101
1100101111000111
1100101111010011
1100101111010100
1100101111010101
1100101111010111
1100101111011101
1100110000101000
1100110000101001
1100110000101010
1100110000101011
1100110000101100
1100110000101101
1100110000101110
1100110000101111
1100110000110000
1100110000110010
1100110000110011
1100110000110100
1100110000110101
1100110000110110
1100110000110111
1100110000111000
1100110000111001
1100110000111010
1100110000111011
1100110000111100
1100110000111101
1100110000111110
1100110000111111
1100110001001000
1100110001001001
1100110001001010
1100110001001011
1100110001001100
1100110001001101
1100110001001110
1100110001001111
1100110001010000
1100110001010010
1100110001010011
1100110001010100
1100110001010101
1100110001010110
1100110001010111
1100110001011000
1100110001011001
1100110001011010
1100110001011011
1100110001011100
1100110001011101
1100110001011110
1100110001011111
1100110001100000
1100110001100010
1100110001100011
1100110001100100
1100110001100101
1100110001100110
1100110001100111
1100110001101000
1100110001101001
1100110001101010
1100110001101011
1100110001101100
1100110001101101
1100110001101110
1100110001101111
1100110001110000
1100110001110010
1100110001111000
1100110001111001
1100110001111010
1100110001111011
1100110001111100
1100110001111101
1100110001111110
1100110010001011
1100110010001100
1100110010001101
1100110010001110
1100110010001111
1100110010010010
1100110010010011
1100110010010100
1100110010010101
1100110010010110
1100110010010111
1100110010011011
1100110010011100
1100110010011101
1100110010011110
1100110011000100
1100110011000101
1100110011000110
1100110011000111
1100110011010010
1100110011010011
1100110011010100
1100110011010101
1100110011010110
1100110011010111
1100110100101000
1100110100101001
1100110100101011
1100110100101100
1100110100101101
1100110100101110
1100110100110000
1100110100110010
1100110100110011
1100110100110100
1100110100110101
1100110100110110
1100110100110111
1100110100111000
1100110100111001
1100110100111010
1100110100111011
1100110100111100
1100110100111101
1100110100111110
1100110100111111
1100110101001000
1100110101001001
1100110101001011
1100110101001100
1100110101001101
1100110101001110
1100110101010000
1100110101010011
1100110101010111
1100110101011000
1100110101011001
1100110101011011
1100110101011100
1100110101011101
1100110101011110
1100110101100000
1100110101100010
1100110101100011
1100110101100100
1100110101100101
1100110101100110
1100110101100111
1100110101101000
1100110101101001
1100110101101011
1100110101101100
1100110101101101
1100110101101110
1100110101110000
1100110101110010
1100110101110011
1100110101110100
1100110101110101
1100110101110110
1100110101110111
1100110101111000
1100110101111001
1100110101111010
1100110101111011
1100110101111100
1100110101111101
1100110101111110
1100110110001011
1100110110001100
1100110110001101
1100110110001110
1100110110001111
1100110110010010
1100110110010011
1100110110010100
1100110110010101
1100110110010110
1100110110010111
1100110110011011
1100110110011100
1100110110011101
1100110110011110
1100110110011111
1100110111000100
1100110111000101
1100110111000110
1100110111000111
1100110111010000
1100110111010010
1100110111010011
1100110111010100
1100110111010101
1100110111010110
1100110111010111
1100111000101000
1100111000101001
1100111000101010
1100111000101011
1100111000101100
1100111000101101
1100111000101110
1100111000101111
1100111000110000
1100111000110010
1100111000110011
1100111000110100
1100111000110101
1100111000110110
1100111000110111
1100111000111000
1100111000111001
1100111000111010
1100111000111011
1100111000111100
1100111000111101
1100111000111110
1100111000111111
1100111001001000
1100111001001001
1100111001001010
1100111001001011
1100111001001100
1100111001001101
1100111001001110
1100111001010000
1100111001010010
1100111001010011
1100111001010100
1100111001010110
1100111001010111
1100111001011000
1100111001011001
1100111001011010
1100111001011011
1100111001011100
1100111001011101
1100111001011110
1100111001100000
1100111001100010
1100111001100011
1100111001100100
1100111001100101
1100111001100110
1100111001100111
1100111001101000
1100111001101001
1100111001101010
1100111001101011
1100111001101100
1100111001101101
1100111001101110
1100111001110000
1100111001110010
1100111001110011
1100111001110100
1100111001110101
1100111001110110
1100111001110111
1100111001111000
1100111001111001
1100111001111010
1100111001111011
1100111001111100
1100111001111101
1100111001111110
1100111010001011
1100111010001100
1100111010001101
1100111010001110
1100111010001111
1100111010010010
1100111010010011
1100111010010100
1100111010010110
1100111010010111
1100111010011011
1100111010011100
1100111010011101
1100111010011110
1100111011000100
1100111011000101
1100111011000110
1100111011000111
1100111011001011
1100111011010000
1100111011010010
1100111011010011
1100111011010100
1100111011010101
1100111011010110
1100111011010111
1100111100101000
1100111100101001
1100111100101010
1100111100101011
1100111100101100
1100111100101110
1100111100110010
1100111100110011
1100111100110100
1100111100110110
1100111100111000
1100111100111001
1100111100111010
1100111100111011
1100111100111100
1100111100111110
1100111101001000
1100111101001001
1100111101001010
1100111101001100
1100111101010000
1100111101010010
1100111101010011
1100111101010100
1100111101010110
1100111101011000
1100111101011001
1100111101011010
1100111101011100
1100111101100000
1100111101100010
1100111101100011
1100111101100100
1100111101100110
1100111101101000
1100111101101001
1100111101101010
1100111101101100
1100111101110000
1100111101110010
1100111101110011
1100111101110100
1100111101110110
1100111110001011
1100111110001100
1100111110001110
1100111110010010
1100111110010011
1100111110010100
1100111110010110
1100111110011011
1100111110011100
1100111111000100
1100111111000110
1100111111010000
1100111111010010
1100111111010011
1100111111010100
1100111111010110
1101001000101000
1101001000101001
1101001000111000
1101001000111001
1101001000111010
1101001001001000
1101001001001001
1101001001011000
1101001001011001
1101001001100010
1101001001100110
1101001001101000
1101001001101011
1101001001101110
1101001001110000
1101001001110010
1101001001110110
1101001001111001
1101001001111010
1101001001111011
1101001001111110
1101001010001001
1101001010001011
1101001010001100
1101001010001101
1101001010001110
1101001010001111
1101001010010011
1101001010010111
1101001010011000
1101001010011001
1101001010011011
1101001010011100
1101001010011110
1101001010100011
1101001010101111
1101001010110000
1101001010110011
1101001010110111
1101001010111000
1101001010111001
1101001010111011
1101001010111100
1101001010111101
1101001010111110
1101001010111111
1101001011000100
1101001011000101
1101001011000110
1101001011000111
1101001011001000
1101001011001001
1101001011001011
1101001011001100
1101001011001101
1101001011001110
1101001011010000
1101001011010011
1101001011010111
1101001011011000
1101001011011001
1101001011011011
1101001011011100
1101001011011101
1101001011011110
1101001011100000
1101001011100010
1101001011100011
1101001011100100
1101001011100101
1101001011100110
1101001011100111
1101001011101000
1101001011101001
1101001011101011
1101001011101100
1101001011101101
1101001011101110
1101001011110010
1101001011110011
1101001011110100
1101001011110101
1101001011110110
1101001011110111
1101001011111000
1101001011111001
1101001011111010
1101001011111011
1101001011111100
1101001011111101
1101001100101000
1101001100101001
1101001100111000
1101001100111001
1101001100111010
1101001101001000
1101001101001001
1101001101011000
1101001101011001
1101001101100000
1101001101100010
1101001101100110
1101001101101001
1101001101110000
1101001101110010
1101001101110110
1101001101111000
1101001101111010
1101001110001001
1101001110001010
1101001110001011
1101001110001100
1101001110001110
1101001110010010
1101001110010011
1101001110010100
1101001110010110
1101001110011000
1101001110011001
1101001110011010
1101001110011011
1101001110011100
1101001110011110
1101001110100010
1101001110100011
1101001110101000
1101001110101011
1101001110101100
1101001110101110
1101001110110000
1101001110110010
1101001110110011
1101001110110100
1101001110110110
1101001110111000
1101001110111001
1101001110111010
1101001110111011
1101001110111100
1101001110111110
1101001111000110
1101001111001000
1101001111001001
1101001111001010
1101001111001100
1101001111010000
1101001111010010
1101001111010100
1101001111010110
1101001111011000
1101001111011001
1101001111011010
1101001111011100
1101001111100000
1101001111100011
1101001111100100
1101001111100110
1101001111101000
1101001111101100
1101001111110000
1101001111110010
1101001111110011
1101001111110100
1101001111110110
1101010000101000
1101010000101001
1101010000111000
1101010000111001
1101010000111010
1101010001001000
1101010001001001
1101010001011000
1101010001011001
1101010001100000
1101010001100010
1101010001100110
1101010001101000
1101010001101001
1101010001101110
1101010001110000
1101010001110010
1101010001110110
1101010001111000
1101010001111001
1101010001111011
1101010001111110
1101010010001011
1101010010001100
1101010010001101
1101010010001110
1101010010001111
1101010010010011
1101010010010111
1101010010011001
1101010010011011
1101010010011100
1101010010011110
1101010010100011
1101010010101111
1101010010110000
1101010010110011
1101010010110111
1101010010111000
1101010010111001
1101010010111011
1101010010111100
1101010010111101
1101010010111110
1101010010111111
1101010011000100
1101010011000110
1101010011000111
1101010011001000
1101010011001001
1101010011001011
1101010011001100
1101010011001101
1101010011001110
1101010011010000
1101010011010011
1101010011010111
1101010011011000
1101010011011001
1101010011011011
1101010011011100
1101010011011101
1101010011011110
1101010011100000
1101010011100010
1101010011100100
1101010011100110
1101010011100111
1101010011101000
1101010011101011
1101010011101100
1101010011101101
1101010011101110
1101010011110000
1101010011110011
1101010011110100
1101010011110110
1101010011110111
1101010011111000
1101010011111011
1101010011111100
1101010100111000
1101010101111001
1101010110001001
1101010110001011
1101010110001100
1101010110001110
1101010110010011
1101010110011000
1101010110011011
1101010110011100
1101010110011110
1101010110100011
1101010110110011
1101010110111000
1101010110111001
1101010110111011
1101010110111100
1101010110111110
1101010111000100
1101010111001000
1101010111001001
1101010111001100
1101010111010000
1101010111010011
1101010111011000
1101010111011001
1101010111011100
1101010111100000
1101010111100010
1101010111100011
1101010111100110
1101010111101000
1101010111101001
1101010111101100
1101010111110000
1101010111110010
1101010111110100
1101010111110110
1101010111111000
1101010111111001
1101010111111010
1101011000101000
1101011000101001
1101011000111000
1101011000111001
1101011000111010
1101011001001000
1101011001001001
1101011001011000
1101011001011001
1101011001100000
1101011001100010
1101011001100110
1101011001101000
1101011001101001
1101011001110000
1101011001110010
1101011001110110
1101011001111000
1101011001111001
1101011001111010
1101011010001001
1101011010001100
1101011010001110
1101011010010011
1101011010011000
1101011010011001
1101011010011011
1101011010011100
1101011010011110
1101011010100011
1101011010110011
1101011010111001
1101011010111011
1101011010111100
1101011010111110
1101011011000100
1101011011000110
1101011011001000
1101011011001001
1101011011001100
1101011011010000
1101011011011000
1101011011011001
1101011011011100
1101011011100000
1101011011100010
1101011011100100
1101011011100110
1101011011101000
1101011011101001
1101011011101100
1101011011110000
1101011011110010
1101011011110110
1101011011111000
1101011011111001
1101011011111010
1101011011111100
1101011100111000
1101011100111010
1101011101001000
1101011101011000
1101011101100000
1101011101100010
1101011101101000
1101011101110000
1101011101110010
1101011101111000
1101011110001010
1101011110010010
1101011110011000
1101011110011010
1101011110100010
1101011110101000
1101011110110000
1101011110110010
1101011110111000
1101011110111010
1101011111010000
1101011111010010
1101011111011000
1101011111100000
1101011111100010
1101011111101000
1101100000101000
1101100000101001
1101100000101010
1101100000101011
1101100000101110
1101100000110000
1101100000110010
1101100000110110
1101100000111000
1101100000111001
1101100000111010
1101100000111011
1101100000111110
1101100001001000
1101100001001001
1101100001001010
1101100001001011
1101100001001110
1101100001010000
1101100001010010
1101100001010110
1101100001011000
1101100001011001
1101100001011010
1101100001011011
1101100001011110
1101100001100000
1101100001100010
1101100001100011
1101100001100100
1101100001100101
1101100001100110
1101100001100111
1101100001101000
1101100001101001
1101100001101010
1101100001101011
1101100001101100
1101100001101101
1101100001101110
1101100001110000
1101100001110010
1101100001110011
1101100001110100
1101100001110101
1101100001110110
1101100001110111
1101100001111000
1101100001111001
1101100001111010
1101100001111011
1101100001111100
1101100010001001
1101100010001010
1101100010001011
1101100010001111
1101100010010010
1101100010010011
1101100010010100
1101100010010101
1101100010010110
1101100010010111
1101100010011000
1101100010011001
1101100010011010
1101100010011011
1101100010011110
1101100010011111
1101100011000100
1101100011000101
1101100011000110
1101100011000111
1101100011001000
1101100011001010
1101100011001011
1101100011001100
1101100011001101
1101100011001110
1101100011001111
1101100011010000
1101100011010010
1101100011010011
1101100011010100
1101100011010101
1101100011010110
1101100011010111
1101100011011001
1101100011011010
1101100011011011
1101100011011100
1101100011011101
1101100011011110
1101100011011111
1101100100101000
1101100100101001
1101100100101011
1101100100101110
1101100100110000
1101100100110010
1101100100110110
1101100100111000
1101100100111001
1101100100111010
1101100100111011
1101100100111110
1101100101001000
1101100101001001
1101100101001011
1101100101001110
1101100101010000
1101100101011000
1101100101011001
1101100101011011
1101100101011110
1101100101100000
1101100101100010
1101100101100011
1101100101100100
1101100101100101
1101100101100110
1101100101100111
1101100101101000
1101100101101001
1101100101101011
1101100101101100
1101100101101101
1101100101101110
1101100101110000
1101100101110010
1101100101110011
1101100101110100
1101100101110101
1101100101110110
1101100101110111
1101100101111000
1101100101111001
1101100101111010
1101100101111011
1101100101111100
1101100101111101
1101100101111110
1101100110001001
1101100110001010
1101100110001011
1101100110001111
1101100110010010
1101100110010011
1101100110010100
1101100110010101
1101100110010110
1101100110010111
1101100110011000
1101100110011001
1101100110011010
1101100110011011
1101100110011111
1101100111000100
1101100111000101
1101100111000110
1101100111000111
1101100111001000
1101100111001001
1101100111001011
1101100111001100
1101100111001101
1101100111001110
1101100111010000
1101100111010010
1101100111010011
1101100111010100
1101100111010101
1101100111010110
1101100111010111
1101100111011000
1101100111011010
1101100111011011
1101100111011100
1101100111011101
1101100111011110
1101101000101000
1101101000101001
1101101000101011
1101101000101110
1101101000110000
1101101000110010
1101101000110110
1101101000111000
1101101000111001
1101101000111010
1101101000111011
1101101000111110
1101101001001000
1101101001001001
1101101001001011
1101101001001110
1101101001010000
1101101001011000
1101101001011001
1101101001011011
1101101001011110
1101101001100000
1101101001100010
1101101001100011
1101101001100100
1101101001100101
1101101001100110
1101101001100111
1101101001101000
1101101001101001
1101101001101011
1101101001101100
1101101001101101
1101101001101110
1101101001110000
1101101001110010
1101101001110011
1101101001110100
1101101001110101
1101101001110110
1101101001110111
1101101001111000
1101101001111001
1101101001111010
1101101001111011
1101101001111100
1101101001111101
1101101001111110
1101101010001001
1101101010001011
1101101010001100
1101101010001101
1101101010001110
1101101010010011
1101101010010111
1101101010011000
1101101010011001
1101101010011011
1101101010011100
1101101010011111
1101101011000100
1101101011000101
1101101011000110
1101101011000111
1101101011001000
1101101011001001
1101101011001100
1101101011001101
1101101011001110
1101101011010000
1101101011010011
1101101011010111
1101101011011000
1101101011011001
1101101011011011
1101101011011100
1101101011011101
1101101100101000
1101101100101001
1101101100101011
1101101100101110
1101101100110000
1101101100110010
1101101100110110
1101101100111000
1101101100111001
1101101100111010
1101101100111011
1101101100111110
1101101101001000
1101101101001001
1101101101010000
1101101101011000
1101101101011001
1101101101100010
1101101101100011
1101101101100100
1101101101100110
1101101101101000
1101101101101001
1101101101101100
1101101101110010
1101101101110011
1101101101110100
1101101101110110
1101101101111000
1101101101111001
1101101101111010
1101101101111100
1101101110001001
1101101110001010
1101101110001011
1101101110001100
1101101110001110
1101101110010010
1101101110010011
1101101110010100
1101101110010110
1101101110011000
1101101110011001
1101101110011010
1101101110011011
1101101110011100
1101101110011110
1101101111000100
1101101111000110
1101101111001000
1101101111001001
1101101111001010
1101101111010000
1101101111010010
1101101111010011
1101101111010100
1101101111010110
1101101111011001
1101101111011010
1101101111011100
1101110000101000
1101110000101001
1101110000101010
1101110000111000
1101110000111001
1101110000111010
1101110001001000
1101110001001001
1101110001001010
1101110001011000
1101110001011001
1101110001011010
1101110001100000
1101110001100010
1101110001100110
1101110001101000
1101110001101001
1101110001101010
1101110001101011
1101110001110000
1101110001110010
1101110001110110
1101110001111000
1101110001111001
1101110001111010
1101110001111011
1101110001111110
1101110010001001
1101110010001010
1101110010001011
1101110010001100
1101110010001101
1101110010001110
1101110010001111
1101110010010010
1101110010010011
1101110010010100
1101110010010101
1101110010010110
1101110010010111
1101110010011000
1101110010011001
1101110010011010
1101110010011011
1101110010011100
1101110010011101
1101110010011110
1101110010011111
1101110011000100
1101110011000101
1101110011000110
1101110011000111
1101110011001000
1101110011001001
1101110011001010
1101110011010000
1101110011010010
1101110011010011
1101110011010100
1101110011010101
1101110011010110
1101110011010111
1101110011011000
1101110011011001
1101110011011010
1101110011011011
1101110100101000
1101110100101001
1101110100111000
1101110100111001
1101110100111010
1101110101001000
1101110101001001
1101110101011000
1101110101011001
1101110101100000
1101110101100010
1101110101100110
1101110101101000
1101110101101001
1101110101110000
1101110101110010
1101110101110110
1101110101111000
1101110101111001
1101110101111010
1101110110001001
1101110110001010
1101110110001011
1101110110001100
1101110110001110
1101110110010010
1101110110010011
1101110110010100
1101110110010110
1101110110011000
1101110110011001
1101110110011010
1101110110011011
1101110110011100
1101110110011110
1101110111000100
1101110111000110
1101110111001000
1101110111001001
1101110111001010
1101110111010000
1101110111010010
1101110111010011
1101110111010100
1101110111010110
1101110111011000
1101110111011001
1101110111011010
1101111000101000
1101111000101001
1101111000101010
1101111000111000
1101111000111001
1101111000111010
1101111001001000
1101111001001001
1101111001001010
1101111001011000
1101111001011001
1101111001011010
1101111001100000
1101111001100010
1101111001100110
1101111001101000
1101111001101001
1101111001101010
1101111001110000
1101111001110010
1101111001110110
1101111001111000
1101111001111001
1101111001111010
1101111010001001
1101111010001010
1101111010001011
1101111010001100
1101111010001110
1101111010010010
1101111010010011
1101111010010100
1101111010010110
1101111010011000
1101111010011001
1101111010011010
1101111010011011
1101111010011100
1101111011000100
1101111011000110
1101111011001000
1101111011001001
1101111011001010
1101111011010000
1101111011010010
1101111011010100
1101111011010110
1101111011011000
1101111011011001
1101111100101000
1101111100101010
1101111100111000
1101111100111010
1101111101001000
1101111101011000
1101111101100000
1101111101100010
1101111101101000
1101111101110000
1101111101110010
1110001100101000
1110001100101001
1110001100101010
1110001100101011
1110001100110000
1110001100110010
1110001100110110
1110001100111000
1110001100111001
1110001100111010
1110001100111011
1110001101001000
1110001101001001
1110001101001010
1110001101001011
1110001101010000
1110001101010010
1110001101010110
1110001101011000
1110001101011001
1110001101011010
1110001101011011
1110001101011110
1110001101100000
1110001101100010
1110001101100011
1110001101100101
1110001101100110
1110001101100111
1110001101101000
1110001101101001
1110001101101010
1110001101101100
1110001101101101
1110001101101110
1110001101110000
1110001101110010
1110001101110011
1110001101110100
1110001101110101
1110001101110110
1110001101110111
1110001101111000
1110001101111001
1110001101111011
1110001101111100
1110001101111101
1110001101111110
1110001110001010
1110001110001011
1110001110001100
1110001110001101
1110001110001110
1110001110001111
1110001110010010
1110001110010011
1110001110010100
1110001110010101
1110001110010110
1110001110010111
1110001110011001
1110001110011010
1110001110011011
1110001110011100
1110001110011101
1110001110011110
1110001110011111
1110001110100010
1110001110100011
1110001110100100
1110001110100101
1110001110100110
1110001110101000
1110001110101001
1110001110101010
1110001110101011
1110001110101100
1110001110101101
1110001110101110
1110001110101111
1110001110110000
1110001110110100
1110001110110101
1110001110110111
1110001110111000
1110001110111001
1110001110111010
1110001110111011
1110001110111100
1110001110111101
1110001110111110
1110001110111111
1110001111000100
1110001111000110
1110001111000111
1110001111001000
1110001111001001
1110001111001010
1110001111001011
1110001111001100
1110001111001101
1110001111001110
1110001111010010
1110001111010011
1110001111010110
1110001111010111
1110001111011000
1110001111011001
1110001111011010
1110001111011011
1110001111011100
1110001111011101
1110001111011110
1110001111100010
1110001111100100
1110001111100101
1110001111100110
1110001111100111
1110001111101011
1110001111101100
1110001111101101
1110001111101110
1110001111110011
1110001111110100
1110001111110110
1110001111110111
1110010100101000
1110010100101011
1110010100101110
1110010100110000
1110010100110010
1110010100110110
1110010100111000
1110010100111001
1110010100111010
1110010100111011
1110010100111110
1110010101001000
1110010101001011
1110010101010000
1110010101011000
1110010101011001
1110010101011011
1110010101100000
1110010101100010
1110010101100011
1110010101100100
1110010101100101
1110010101100110
1110010101100111
1110010101101000
1110010101101001
1110010101101011
1110010101101100
1110010101110000
1110010101110010
1110010101110011
1110010101110100
1110010101110101
1110010101110110
1110010101110111
1110010101111000
1110010101111001
1110010101111010
1110010101111011
1110010101111101
1110010101111110
1110010110001001
1110010110001010
1110010110001100
1110010110001101
1110010110001110
1110010110001111
1110010110010010
1110010110010011
1110010110010100
1110010110010101
1110010110010110
1110010110010111
1110010110011000
1110010110011001
1110010110011011
1110010110011100
1110010110011101
1110010110011110
1110010110011111
1110010110100010
1110010110100011
1110010110100100
1110010110100101
1110010110100110
1110010110100111
1110010110101000
1110010110101011
1110010110101100
1110010110101101
1110010110101110
1110010110101111
1110010110110010
1110010110110011
1110010110110100
1110010110110101
1110010110110110
1110010110111110
1110010110111111
1110010111000100
1110010111000101
1110010111000110
1110010111001000
1110010111001001
1110010111001010
1110010111001011
1110010111001100
1110010111001101
1110010111001110
1110010111010000
1110010111010010
1110010111010011
1110010111010100
1110010111010101
1110010111010111
1110010111011000
1110010111011001
1110010111011010
1110010111011011
1110010111011100
1110010111011101
1110010111011110
1110010111100000
1110010111111011
1110011000101000
1110011000101001
1110011000101010
1110011000101011
1110011000101110
1110011000110000
1110011000110010
1110011000110110
1110011000111000
1110011000111001
1110011000111010
1110011000111011
1110011000111110
1110011001001000
1110011001001001
1110011001001010
1110011001001110
1110011001010000
1110011001010010
1110011001010110
1110011001011001
1110011001011010
1110011001100000
1110011001100010
1110011001100100
1110011001100101
1110011001100110
1110011001101000
1110011001101001
1110011001101010
1110011001101100
1110011001110000
1110011001110010
1110011001110100
1110011001110101
1110011001110110
1110011001111000
1110011001111001
1110011001111010
1110011001111100
1110011010001001
1110011010001010
1110011010001011
1110011010001101
1110011010001110
1110011010001111
1110011010010010
1110011010010011
1110011010010100
1110011010010110
1110011010010111
1110011010011000
1110011010011001
1110011010011010
1110011010011100
1110011010011101
1110011010011110
1110011010011111
1110011010100010
1110011010100011
1110011010100100
1110011010100110
1110011010100111
1110011010101000
1110011010101011
1110011010101100
1110011010101101
1110011010101110
1110011010101111
1110011010110000
1110011010110010
1110011010110011
1110011010110100
1110011010110101
1110011010110110
1110011010110111
1110011010111000
1110011010111010
1110011010111011
1110011010111100
1110011010111101
1110011010111110
1110011010111111
1110011011000100
1110011011000101
1110011011000110
1110011011001001
1110011011001010
1110011011001100
1110011011001101
1110011011001110
1110011011010000
1110011011010010
1110011011010100
1110011011010101
1110011011010110
1110011011011000
1110011011011001
1110011011011010
1110011011011100
1110011011011101
1110011011011110
1110011011100000
1110011011100010
1110011011100100
1110011011100101
1110011011101100
1110011011101101
1110011011101110
1110011011110000
1110011011110010
1110011011110100
1110011011110110
1110011011111100
1110011011111101
1110011100101000
1110011100101001
1110011100101010
1110011100101011
1110011100101110
1110011100110000
1110011100110010
1110011100110110
1110011100111000
1110011100111001
1110011100111010
1110011100111011
1110011100111110
1110011101001000
1110011101001001
1110011101001010
1110011101010000
1110011101010010
1110011101010110
1110011101011000
1110011101011001
1110011101011010
1110011101100000
1110011101100010
1110011101100100
1110011101100110
1110011101101000
1110011101101001
1110011101101010
1110011101101100
1110011101110000
1110011101110010
1110011101110100
1110011101110110
1110011101111000
1110011101111001
1110011101111010
1110011101111100
1110011110001001
1110011110001010
1110011110001011
1110011110001100
1110011110010010
1110011110010011
1110011110010100
1110011110010110
1110011110011000
1110011110011001
1110011110011010
1110011110011011
1110011110011110
1110011110100010
1110011110110100
1110011110110110
1110011110111000
1110011110111001
1110011110111011
1110011110111100
1110011110111110
1110011111000100
1110011111000110
1110011111001000
1110011111001010
1110011111001100
1110011111010000
1110011111010010
1110011111010100
1110011111010110
1110011111011001
1110011111011010
1110011111011100
1110011111100010
1110011111100100
1110011111100110
1110011111101100
1110100100101000
1110100100101011
1110100100101100
1110100100101101
1110100100101110
1110100100101111
1110100100110000
1110100100110010
1110100100110011
1110100100110100
1110100100110110
1110100100110111
1110100100111000
1110100100111001
1110100100111010
1110100100111011
1110100100111100
1110100100111110
1110100101001000
1110100101001011
1110100101001100
1110100101001110
1110100101010000
1110100101010111
1110100101011000
1110100101011001
1110100101011011
1110100101011100
1110100101011101
1110100101011110
1110100101011111
1110100101100000
1110100101100010
1110100101100011
1110100101100100
1110100101100101
1110100101100110
1110100101100111
1110100101101011
1110100101101100
1110100101101101
1110100101101110
1110100101101111
1110100101110000
1110100101110010
1110100101110011
1110100101110100
1110100101110101
1110100101110110
1110100101110111
1110100101111011
1110100101111100
1110100101111101
1110100101111110
1110100110001100
1110100110001101
1110100110010011
1110100110010100
1110100110010111
1110100110011100
1110100111000100
1110100111000101
1110100111000111
1110100111001100
1110100111001101
1110100111010011
1110100111010100
1110100111010111
1110100111011100
1110100111011101
1110101000101011
1110101000101100
1110101000101101
1110101000101110
1110101000101111
1110101000110000
1110101000110010
1110101000110011
1110101000110100
1110101000110110
1110101000110111
1110101000111000
1110101000111001
1110101000111010
1110101000111011
1110101000111100
1110101000111110
1110101001001011
1110101001001100
1110101001001110
1110101001010000
1110101001010111
1110101001011000
1110101001011001
1110101001011011
1110101001011100
1110101001011101
1110101001011110
1110101001011111
1110101001100000
1110101001100010
1110101001100011
1110101001100100
1110101001100110
1110101001100111
1110101001101011
1110101001101100
1110101001101101
1110101001101110
1110101001101111
1110101001110000
1110101001110010
1110101001110011
1110101001110100
1110101001110110
1110101001110111
1110101001111011
1110101001111100
1110101010001100
1110101010010111
1110101011000100
1110101011000101
1110101011000111
1110101011001101
1110101011010011
1110101011010111
1110101011011100
1110101100101000
1110101100101001
1110101100101011
1110101100101100
1110101100101101
1110101100101110
1110101100101111
1110101100110000
1110101100110010
1110101100110011
1110101100110100
1110101100110101
1110101100110110
1110101100110111
1110101100111000
1110101100111001
1110101100111010
1110101100111011
1110101100111100
1110101100111101
1110101100111110
1110101100111111
1110101101001000
1110101101001001
1110101101001011
1110101101001100
1110101101001101
1110101101001110
1110101101010000
1110101101010011
1110101101010111
1110101101011000
1110101101011001
1110101101011011
1110101101011100
1110101101011101
1110101101011110
1110101101100000
1110101101100010
1110101101100011
1110101101100100
1110101101100101
1110101101100110
1110101101100111
1110101101101011
1110101101101100
1110101101101101
1110101101101110
1110101101110000
1110101101110010
1110101101110011
1110101101110100
1110101101110101
1110101101110110
1110101101110111
1110101101111011
1110101101111100
1110101101111101
1110101101111110
1110101110001100
1110101110001101
1110101110001111
1110101110010011
1110101110010100
1110101110010101
1110101110010111
1110101110011100
1110101110011101
1110101110011111
1110101111000100
1110101111000101
1110101111000111
1110101111001100
1110101111010011
1110101111010100
1110101111010101
1110101111010111
1110110000101000
1110110000101001
1110110000101010
1110110000101011
1110110000101100
1110110000101101
1110110000101110
1110110000101111
1110110000110000
1110110000110010
1110110000110011
1110110000110100
1110110000110101
1110110000110110
1110110000110111
1110110000111000
1110110000111001
1110110000111010
1110110000111100
1110110000111101
1110110000111110
1110110000111111
1110110001001000
1110110001001001
1110110001001010
1110110001001011
1110110001001100
1110110001001101
1110110001001110
1110110001001111
1110110001010010
1110110001010011
1110110001010100
1110110001010101
1110110001010110
1110110001010111
1110110001011000
1110110001011001
1110110001011010
1110110001011011
1110110001011100
1110110001011101
1110110001011110
1110110001011111
1110110001100000
1110110001100010
1110110001100011
1110110001100100
1110110001100101
1110110001100110
1110110001100111
1110110001101000
1110110001101001
1110110001101010
1110110001101011
1110110001101100
1110110001101101
1110110001101110
1110110001101111
1110110001110000
1110110001110010
1110110001110011
1110110001110100
1110110001110101
1110110001110110
1110110001110111
1110110001111000
1110110001111001
1110110001111010
1110110001111011
1110110001111100
1110110001111101
1110110001111110
1110110010001011
1110110010001100
1110110010011100
1110110010011101
1110110010011110
1110110011000100
1110110011000101
1110110011000110
1110110011000111
1110110011001011
1110110011010000
1110110011010010
1110110011010011
1110110011010100
1110110011010101
1110110011010110
1110110011010111
1110110100101000
1110110100101001
1110110100101011
1110110100101100
1110110100101101
1110110100101110
1110110100101111
1110110100110010
1110110100110011
1110110100110100
1110110100110101
1110110100110110
1110110100110111
1110110100111000
1110110100111001
1110110100111010
1110110100111011
1110110100111100
1110110100111101
1110110100111110
1110110100111111
1110110101001000
1110110101001001
1110110101001011
1110110101001100
1110110101001101
1110110101001110
1110110101010000
1110110101010011
1110110101010111
1110110101011000
1110110101011001
1110110101011011
1110110101011100
1110110101011101
1110110101011110
1110110101100000
1110110101100010
1110110101100011
1110110101100100
1110110101100101
1110110101100110
1110110101100111
1110110101101000
1110110101101001
1110110101101011
1110110101101100
1110110101101101
1110110101101110
1110110101110000
1110110101110010
1110110101110011
1110110101110100
1110110101110101
1110110101110110
1110110101110111
1110110101111000
1110110101111001
1110110101111010
1110110101111011
1110110101111100
1110110101111101
1110110101111110
1110110110001011
1110110110001100
1110110110001101
1110110110001110
1110110110010010
1110110110010011
1110110110010100
1110110110010101
1110110110010110
1110110110010111
1110110110011011
1110110110011100
1110110110011101
1110110111000100
1110110111000101
1110110111000110
1110110111000111
1110110111010000
1110110111010010
1110110111010011
1110110111010100
1110110111010101
1110110111010110
1110110111010111
1110111000101000
1110111000101001
1110111000101010
1110111000101011
1110111000101100
1110111000101101
1110111000101110
1110111000110010
1110111000111001
1110111000111010
1110111000111011
1110111000111100
1110111000111101
1110111000111110
1110111000111111
1110111001001000
1110111001001001
1110111001001010
1110111001001100
1110111001001101
1110111001001110
1110111001010000
1110111001010010
1110111001010100
1110111001010110
1110111001011000
1110111001011001
1110111001011010
1110111001011100
1110111001011101
1110111001011110
1110111001100000
1110111001100010
1110111001100100
1110111001100101
1110111001100110
1110111001101000
1110111001101001
1110111001101010
1110111001101100
1110111001101101
1110111001101110
1110111001110000
1110111001110010
1110111001110100
1110111001110101
1110111001110110
1110111001111000
1110111001111001
1110111001111010
1110111001111100
1110111001111101
1110111001111110
1110111010001011
1110111010001100
1110111010001101
1110111010010010
1110111010010011
1110111010010100
1110111010010110
1110111010010111
1110111010011011
1110111010011100
1110111011000100
1110111011000101
1110111011000110
1110111011010000
1110111011010010
1110111011010100
1110111011010101
1110111011010110
1110111100101000
1110111100101001
1110111100101010
1110111100101011
1110111100101100
1110111100101110
1110111100110010
1110111100110011
1110111100110100
1110111100110110
1110111100111000
1110111100111001
1110111100111010
1110111100111011
1110111100111100
1110111100111110
1110111101001000
1110111101001001
1110111101001010
1110111101001100
1110111101010000
1110111101010010
1110111101010100
1110111101010110
1110111101011000
1110111101011001
1110111101011010
1110111101011100
1110111101100000
1110111101100010
1110111101100100
1110111101100110
1110111101101000
1110111101101001
1110111101101010
1110111101101100
1110111101110000
1110111101110010
1110111101110100
1110111101110110
1111001000101001
1111001000101010
1111001000101011
1111001000110000
1111001000110010
1111001000110110
1111001000111000
1111001000111001
1111001000111010
1111001000111011
1111001001001000
1111001001001001
1111001001001010
1111001001001110
1111001001010000
1111001001010010
1111001001010110
1111001001011001
1111001001011010
1111001001011110
1111001001100000
1111001001100010
1111001001100100
1111001001100101
1111001001100110
1111001001101000
1111001001101001
1111001001101010
1111001001101100
1111001001101101
1111001001101110
1111001001110000
1111001001110010
1111001001110100
1111001001110110
1111001001111000
1111001001111001
1111001001111100
1111001001111110
1111001010001010
1111001010001011
1111001010001100
1111001010001101
1111001010001110
1111001010001111
1111001010010010
1111001010010011
1111001010010110
1111001010010111
1111001010011001
1111001010011010
1111001010011011
1111001010011100
1111001010011110
1111001010100010
1111001010100011
1111001010100100
1111001010100110
1111001010101000
1111001010101011
1111001010101100
1111001010101101
1111001010101110
1111001010101111
1111001010110000
1111001010110010
1111001010110011
1111001010110100
1111001010110101
1111001010110111
1111001010111000
1111001010111001
1111001010111010
1111001010111011
1111001010111100
1111001010111101
1111001010111110
1111001010111111
1111001011000100
1111001011000110
1111001011001000
1111001011001001
1111001011001010
1111001011001100
1111001011001101
1111001011001110
1111001011010010
1111001011010101
1111001011010110
1111001011011000
1111001011011001
1111001011011010
1111001011011100
1111001011011101
1111001011011110
1111001011100010
1111001011100100
1111001011100101
1111001011100110
1111001011101100
1111001011101101
1111001011101110
1111001011110100
1111001011110101
1111001011110110
1111001011111100
1111001011111101
1111001100101000
1111001100101001
1111001100101010
1111001100110000
1111001100110010
1111001100110110
1111001100111000
1111001100111001
1111001100111010
1111001100111011
1111001101001000
1111001101001001
1111001101001010
1111001101010000
1111001101010010
1111001101010110
1111001101011000
1111001101011001
1111001101011010
1111001101100000
1111001101100010
1111001101100100
1111001101100110
1111001101101000
1111001101101001
1111001101101010
1111001101110000
1111001101110010
1111001101110100
1111001101110110
1111001101111000
1111001101111001
1111001101111010
1111001101111100
1111001110001001
1111001110001011
1111001110001100
1111001110001110
1111001110010010
1111001110010011
1111001110010100
1111001110010110
1111001110011000
1111001110011010
1111001110011011
1111001110011100
1111001110011110
1111001110100011
1111001110100100
1111001110100110
1111001110101011
1111001110101100
1111001110101110
1111001110110000
1111001110110010
1111001110110011
1111001110110100
1111001110110110
1111001110111000
1111001110111001
1111001110111010
1111001110111011
1111001110111100
1111001110111110
1111001111000100
1111001111001000
1111001111001001
1111001111001010
1111001111001100
1111001111010010
1111001111010100
1111001111010110
1111001111011000
1111001111011001
1111001111011010
1111001111011100
1111001111100010
1111001111100110
1111001111101100
1111001111110010
1111001111110100
1111001111110110
1111010000101000
1111010000101001
1111010000101010
1111010000101011
1111010000101110
1111010000110000
1111010000110010
1111010000110110
1111010000111000
1111010000111001
1111010000111010
1111010000111011
1111010000111110
1111010001001000
1111010001001001
1111010001001010
1111010001010000
1111010001010010
1111010001010110
1111010001011000
1111010001011001
1111010001011010
1111010001100000
1111010001100010
1111010001100100
1111010001100101
1111010001100110
1111010001101000
1111010001101001
1111010001101010
1111010001101100
1111010001101110
1111010001110000
1111010001110010
1111010001110100
1111010001110110
1111010001111000
1111010001111001
1111010001111010
1111010001111110
1111010010001001
1111010010001010
1111010010001100
1111010010001101
1111010010001110
1111010010001111
1111010010010010
1111010010010011
1111010010010100
1111010010010110
1111010010010111
1111010010011000
1111010010011001
1111010010011011
1111010010011100
1111010010011110
1111010010100010
1111010010100011
1111010010100100
1111010010100110
1111010010101000
1111010010101011
1111010010101100
1111010010101101
1111010010101110
1111010010101111
1111010010110010
1111010010110011
1111010010110100
1111010010110101
1111010010110110
1111010010110111
1111010010111001
1111010010111010
1111010010111011
1111010010111100
1111010010111101
1111010010111110
1111010010111111
1111010011000100
1111010011000101
1111010011000110
1111010011001000
1111010011001001
1111010011001010
1111010011001100
1111010011001101
1111010011001110
1111010011010000
1111010011010010
1111010011010100
1111010011011000
1111010011011001
1111010011011010
1111010011011100
1111010011011101
1111010011011110
1111010011100010
1111010011100100
1111010011100110
1111010011101101
1111010011101110
1111010011110010
1111010011110110
1111010011111100
1111010100101000
1111010100101011
1111010100101110
1111010100110000
1111010100110010
1111010100110110
1111010100111000
1111010100111011
1111010101001000
1111010101010000
1111010101011000
1111010101011001
1111010101100000
1111010101100010
1111010101100100
1111010101100110
1111010101101000
1111010101101001
1111010101101100
1111010101110010
1111010101110100
1111010101110110
1111010101111000
1111010101111001
1111010101111010
1111010101111100
1111010110001001
1111010110001010
1111010110001011
1111010110001110
1111010110010010
1111010110010011
1111010110010100
1111010110010110
1111010110011000
1111010110011001
1111010110011010
1111010110011100
1111010110011110
1111010110100010
1111010110100011
1111010110100100
1111010110100110
1111010110101000
1111010110101001
1111010110101011
1111010110101100
1111010110101110
1111010110110000
1111010110110010
1111010110110011
1111010110110100
1111010110110110
1111010110111000
1111010110111010
1111010110111011
1111010110111100
1111010110111110
1111010111000100
1111010111000110
1111010111001001
1111010111001010
1111010111001100
1111010111010000
1111010111010010
1111010111010100
1111010111010110
1111010111011000
1111010111011001
1111010111011010
1111010111011100
1111010111100000
1111010111100010
1111010111100100
1111010111101100
1111010111110000
1111010111110010
1111010111110100
1111010111110110
1111011000101000
1111011000101001
1111011000101010
1111011000101110
1111011000110000
1111011000110010
1111011000110110
1111011000111000
1111011000111001
1111011000111010
1111011000111110
1111011001001000
1111011001010000
1111011001011000
1111011001100000
1111011001100100
1111011001101000
1111011001101100
1111011001110000
1111011001110100
1111011001111000
1111011001111100
1111011010001001
1111011010001010
1111011010001100
1111011010001110
1111011010010010
1111011010010100
1111011010010110
1111011010011000
1111011010011001
1111011010011010
1111011010011110
1111011010100010
1111011010100100
1111011010100110
1111011010101000
1111011010101100
1111011010101110
1111011010110000
1111011010110010
1111011010110100
1111011010110110
1111011010111000
1111011010111001
1111011010111100
1111011010111110
1111011011000100
1111011011001000
1111011011010000
1111011011010100
1111011011011100
1111011011100000
1111011011100100
1111011011101100
1111011011110000
1111011011110100
1111011011111100
1111011100101000
1111011100101010
1111011100110000
1111011100110010
1111011100111000
1111011100111010
1111011101001000
1111011101010000
1111011101011000
1111011101100000
1111011101110000
1111011101111000
1111100000101000
1111100000101001
1111100000101010
1111100000101011
1111100000101100
1111100000101101
1111100000101110
1111100000101111
1111100000110010
1111100000110011
1111100000110100
1111100000110101
1111100000110110
1111100000110111
1111100000111001
1111100000111010
1111100000111011
1111100000111101
1111100001001000
1111100001001001
1111100001001010
1111100001001011
1111100001001100
1111100001001101
1111100001001110
1111100001001111
1111100001010000
1111100001010010
1111100001010011
1111100001010100
1111100001010110
1111100001010111
1111100001011000
1111100001011001
1111100001011010
1111100001011011
1111100001011100
1111100001011101
1111100001011110
1111100001011111
1111100001100010
1111100001100011
1111100001100100
1111100001100101
1111100001100110
1111100001100111
1111100001101000
1111100001101001
1111100001101010
1111100001101011
1111100001101100
1111100001101101
1111100001101110
1111100001101111
1111100001110010
1111100001110011
1111100001110100
1111100001110101
1111100001110110
1111100001110111
1111100001111001
1111100001111010
1111100001111011
1111100001111101
1111100010001011
1111100010001100
1111100010001101
1111100010010010
1111100010010011
1111100010010100
1111100010010110
1111100010010111
1111100010011011
1111100010011100
1111100010011101
1111100011000100
1111100011000101
1111100011000110
1111100011000111
1111100011001100
1111100011001101
1111100011001110
1111100011010000
1111100011010010
1111100011010011
1111100011010100
1111100011010110
1111100011010111
1111100011011011
1111100011011100
1111100011011101
1111100100101000
1111100100101011
1111100100101100
1111100100101101
1111100100101110
1111100100101111
1111100100110000
1111100100110010
1111100100110011
1111100100110100
1111100100110110
1111100100110111
1111100100111000
1111100100111001
1111100100111010
1111100100111011
1111100100111100
1111100100111110
1111100101001000
1111100101001011
1111100101001100
1111100101001110
1111100101010000
1111100101010110
1111100101010111
1111100101011000
1111100101011001
1111100101011010
1111100101011011
1111100101011100
1111100101011101
1111100101011110
1111100101100010
1111100101100011
1111100101100100
1111100101100101
1111100101100110
1111100101100111
1111100101101000
1111100101101001
1111100101101010
1111100101101011
1111100101101100
1111100101101101
1111100101101110
1111100101110010
1111100101110011
1111100101110100
1111100101110101
1111100101110110
1111100101110111
1111100101111000
1111100101111001
1111100101111010
1111100101111011
1111100101111100
1111100101111101
1111100101111110
1111100110001100
1111100110001101
1111100110001110
1111100110010010
1111100110010011
1111100110010100
1111100110010110
1111100110010111
1111100110011011
1111100110011100
1111100110011101
1111100111000100
1111100111000101
1111100111000110
1111100111000111
1111100111001011
1111100111001101
1111100111010000
1111100111010010
1111100111010011
1111100111010100
1111100111010110
1111100111010111
1111100111011100
1111101000101000
1111101000101011
1111101000101100
1111101000101101
1111101000101110
1111101000101111
1111101000110000
1111101000110010
1111101000110011
1111101000110100
1111101000110110
1111101000110111
1111101000111000
1111101000111010
1111101000111011
1111101000111100
1111101000111110
1111101001001000
1111101001001100
1111101001010110
1111101001011000
1111101001011001
1111101001011010
1111101001011100
1111101001011101
1111101001011110
1111101001100000
1111101001100010
1111101001100100
1111101001100110
1111101001101000
1111101001101100
1111101001101101
1111101001101110
1111101001110000
1111101001110010
1111101001110100
1111101001110110
1111101001111000
1111101001111100
1111101010001011
1111101010001100
1111101010001110
1111101010010110
1111101010010111
1111101010011011
1111101010011100
1111101011000100
1111101011000101
1111101011000110
1111101011001100
1111101011010000
1111101011010010
1111101011010100
1111101011010101
1111101011010110
1111101100101000
1111101100101001
1111101100101010
1111101100101011
1111101100101100
1111101100101110
1111101100110000
1111101100110010
1111101100110011
1111101100110100
1111101100110110
1111101100111000
1111101100111001
1111101100111010
1111101100111011
1111101100111100
1111101100111110
1111101101001000
1111101101001001
1111101101001010
1111101101001100
1111101101010000
1111101101010010
1111101101010100
1111101101010110
1111101101011000
1111101101011001
1111101101011010
1111101101011100
1111101101100100
1111101101100110
1111101101101000
1111101101101001
1111101101101010
1111101101101100
1111101101110000
1111101101110010
1111101101110100
1111101101110110
1111101101111000
1111101101111001
1111101101111010
1111101101111100
1111110000101000
1111110000101001
1111110000101010
1111110000101011
1111110000101110
1111110000110010
1111110000110110
1111110000111001
1111110000111010
1111110000111011
1111110001001001
1111110001001010
1111110001001110
1111110001010000
1111110001010010
1111110001010110
1111110001011000
1111110001011001
1111110001011010
1111110001011110
1111110001100010
1111110001100100
1111110001100101
1111110001100110
1111110001101000
1111110001101001
1111110001101010
1111110001101100
1111110001101101
1111110001101110
1111110001110010
1111110001110100
1111110001110110
1111110001111001
1111110001111010
1111110010001001
1111110010001010
1111110010001011
1111110010001100
1111110010001101
1111110010001110
1111110010010010
1111110010010011
1111110010010100
1111110010010110
1111110010010111
1111110010011000
1111110010011001
1111110010011010
1111110010011011
1111110010011100
1111110011000100
1111110011000101
1111110011000110
1111110011001000
1111110011001001
1111110011001010
1111110011010000
1111110011010010
1111110011010100
1111110011010110
1111110011011000
1111110011011001
1111110100101000
1111110100101011
1111110100101110
1111110100110010
1111110100110110
1111110100111000
1111110100111011
1111110101001000
1111110101010000
1111110101010110
1111110101011000
1111110101011001
1111110101011010
1111110101100000
1111110101100010
1111110101100100
1111110101100110
1111110101101000
1111110101101001
1111110101101010
1111110101101100
1111110101110000
1111110101110010
1111110101110100
1111110101110110
1111110101111000
1111110101111001
1111110101111010
1111110101111100
