0010001100100100
0010001100100101
0010001100100110
0010001100100111
0010001100101001
0010001100101011
0010001100101101
0010001100101110
0010001100101111
0010001100110101
0010001100110110
0010001100110111
0010001100111000
0010001100111001
0010001100111010
0010001100111011
0010001100111101
0010001100111110
0010001100111111
0010001101000100
0010001101000101
0010001101000110
0010001101000111
0010001101001000
0010001101001001
0010001101001010
0010001101001011
0010001101001111
0010001101010100
0010001101010110
0010001101010111
0010001101011000
0010001101011001
0010001101011010
0010001101011011
0010001101011111
0010001101100011
0010001101100100
0010001101100101
0010001101100110
0010001101100111
0010001101101000
0010001101101001
0010001101101010
0010001101101011
0010001101101111
0010001101110011
0010001101110100
0010001101110101
0010001101110110
0010001101110111
0010001101111000
0010001101111001
0010001101111010
0010001101111011
0010001110000101
0010001110000110
0010001110000111
0010001110001001
0010001110001011
0010001110001111
0010001110010100
0010001110010101
0010001110010110
0010001110010111
0010001110011000
0010001110011001
0010001110011010
0010001110011011
0010001110011111
0010001110100011
0010001110100100
0010001110100101
0010001110100110
0010001110100111
0010001110101001
0010001110101011
0010001110101111
0010001110110011
0010001110110100
0010001110110101
0010001110110110
0010001110110111
0010001110111000
0010001110111001
0010001110111010
0010001110111011
0010001111010100
0010001111010110
0010001111010111
0010001111011000
0010001111011001
0010001111011010
0010001111011011
0010001111100011
0010001111100100
0010001111100101
0010001111100110
0010001111100111
0010001111101000
0010001111101001
0010001111101010
0010001111101011
0010010100100110
0010010100101110
0010010100110110
0010010100111000
0010010100111001
0010010100111010
0010010100111110
0010010101000110
0010010101011000
0010010101100100
0010010101100110
0010010101101000
0010010101110100
0010010101110110
0010010101111000
0010010101111001
0010010101111010
0010010110100100
0010010110100110
0010010110101000
0010010110110100
0010010110110110
0010010110111000
0010010110111001
0010010110111010
0010010111010100
0010010111010110
0010010111011000
0010010111011001
0010010111011010
0010010111100100
0010010111100101
0010010111100110
0010010111101000
0010010111101001
0010010111101010
0010011000100100
0010011000100101
0010011000101001
0010011000101101
0010011000101110
0010011000101111
0010011000110000
0010011000110010
0010011000110011
0010011000110100
0010011000110110
0010011000111000
0010011000111001
0010011000111010
0010011000111101
0010011000111110
0010011000111111
0010011001000101
0010011001000110
0010011001000111
0010011001001000
0010011001001001
0010011001001010
0010011001001011
0010011001001101
0010011001001110
0010011001001111
0010011001010100
0010011001010110
0010011001010111
0010011001011000
0010011001011001
0010011001011010
0010011001011011
0010011001011101
0010011001011110
0010011001011111
0010011001100000
0010011001100100
0010011001100101
0010011001100110
0010011001100111
0010011001101000
0010011001101001
0010011001101010
0010011001101011
0010011001101101
0010011001101110
0010011001101111
0010011001110000
0010011001110011
0010011001110100
0010011001110101
0010011001110110
0010011001110111
0010011001111000
0010011001111001
0010011001111010
0010011001111011
0010011001111101
0010011001111110
0010011010000101
0010011010000110
0010011010000111
0010011010001001
0010011010001011
0010011010001101
0010011010001110
0010011010001111
0010011010010100
0010011010010110
0010011010010111
0010011010011000
0010011010011001
0010011010011010
0010011010011011
0010011010011101
0010011010011110
0010011010011111
0010011010100011
0010011010100100
0010011010100110
0010011010100111
0010011010101110
0010011010101111
0010011010110000
0010011010110010
0010011010110011
0010011010110100
0010011010110110
0010011010110111
0010011010111000
0010011010111001
0010011010111010
0010011010111011
0010011010111101
0010011010111110
0010011011010100
0010011011010110
0010011011010111
0010011011011000
0010011011011001
0010011011011010
0010011011011011
0010011011011101
0010011011011110
0010011011100000
0010011011100010
0010011011100011
0010011011100100
0010011011100101
0010011011100110
0010011011100111
0010011011101000
0010011011101001
0010011011101010
0010011011101011
0010011011101101
0010011011101110
0010011100100100
0010011100100101
0010011100100110
0010011100101000
0010011100101001
0010011100101010
0010011100101101
0010011100101110
0010011100110000
0010011100110010
0010011100110100
0010011100110101
0010011100111000
0010011100111001
0010011100111010
0010011100111101
0010011100111110
0010011101000100
0010011101000110
0010011101001000
0010011101001001
0010011101001010
0010011101001101
0010011101001110
0010011101010110
0010011101011000
0010011101011001
0010011101011010
0010011101011101
0010011101011110
0010011101100100
0010011101100101
0010011101100110
0010011101101000
0010011101101001
0010011101101010
0010011101101101
0010011101101110
0010011101110000
0010011101110100
0010011101110101
0010011101110110
0010011101111000
0010011101111001
0010011101111010
0010011101111101
0010011101111110
0010011110000101
0010011110000110
0010011110001001
0010011110001010
0010011110001101
0010011110001110
0010011110010100
0010011110010110
0010011110011000
0010011110011001
0010011110011010
0010011110011101
0010011110011110
0010011110100010
0010011110100100
0010011110100110
0010011110101000
0010011110101101
0010011110101110
0010011110110000
0010011110110010
0010011110110100
0010011110110101
0010011110110110
0010011110111000
0010011110111001
0010011110111010
0010011110111101
0010011110111110
0010011111010100
0010011111010110
0010011111011000
0010011111011001
0010011111011010
0010011111011101
0010011111011110
0010011111100000
0010011111100010
0010011111100100
0010011111100110
0010011111101000
0010011111101101
0010011111101110
0010100100100110
0010100100100111
0010100100101110
0010100100101111
0010100100110000
0010100100110010
0010100100110011
0010100100110100
0010100100110110
0010100100110111
0010100100111001
0010100100111010
0010100100111011
0010100100111110
0010100101000110
0010100101011000
0010100101011111
0010100101100011
0010100101100100
0010100101100110
0010100101100111
0010100101101000
0010100101101111
0010100101110011
0010100101110110
0010100101110111
0010100101111000
0010100101111001
0010100101111010
0010100101111011
0010100110000101
0010100110000110
0010100110000111
0010100110001001
0010100110001011
0010100110001111
0010100110010100
0010100110010110
0010100110010111
0010100110011000
0010100110011001
0010100110011010
0010100110011011
0010100110011111
0010100110100011
0010100110100100
0010100110100110
0010100110100111
0010100110101111
0010100110110011
0010100110110100
0010100110110110
0010100110110111
0010100110111000
0010100110111001
0010100110111010
0010100110111011
0010100111010100
0010100111010110
0010100111010111
0010100111011000
0010100111011001
0010100111011010
0010100111011011
0010100111100011
0010100111100100
0010100111100110
0010100111100111
0010100111101000
0010100111101011
0010101000100111
0010101000101111
0010101000110011
0010101000110110
0010101000110111
0010101000111011
0010101000111110
0010101001000110
0010101001000111
0010101001011111
0010101001100011
0010101001100111
0010101001110011
0010101001110110
0010101001110111
0010101001111011
0010101010000111
0010101011100011
0010101011100110
0010101011100111
0010101100100100
0010101100100110
0010101100100111
0010101100101110
0010101100101111
0010101100110000
0010101100110010
0010101100110011
0010101100110100
0010101100110110
0010101100110111
0010101100111000
0010101100111001
0010101100111011
0010101100111101
0010101100111110
0010101100111111
0010101101000100
0010101101000110
0010101101000111
0010101101001000
0010101101001111
0010101101011111
0010101101100011
0010101101100100
0010101101100110
0010101101101000
0010101101110011
0010101101110100
0010101101110111
0010101101111000
0010101101111001
0010101101111010
0010101101111011
0010101110000110
0010101110000111
0010101110001001
0010101110001011
0010101110001111
0010101110010110
0010101110010111
0010101110011000
0010101110011001
0010101110011010
0010101110011011
0010101110011111
0010101110100100
0010101110100110
0010101110100111
0010101110101111
0010101110110100
0010101110110110
0010101110110111
0010101110111000
0010101110111001
0010101110111010
0010101110111011
0010101111010100
0010101111010110
0010101111010111
0010101111011000
0010101111011001
0010101111011010
0010101111011011
0010101111100011
0010101111100100
0010101111100101
0010101111100110
0010101111100111
0010101111101000
0010101111101001
0010101111101010
0010101111101011
0010110000100100
0010110000100101
0010110000100110
0010110000101001
0010110000101101
0010110000101110
0010110000101111
0010110000110000
0010110000110010
0010110000110011
0010110000110100
0010110000110101
0010110000110110
0010110000111000
0010110000111001
0010110000111010
0010110000111101
0010110000111110
0010110000111111
0010110001000100
0010110001000101
0010110001000110
0010110001000111
0010110001001000
0010110001001001
0010110001001011
0010110001001101
0010110001001110
0010110001001111
0010110001010100
0010110001010110
0010110001010111
0010110001011000
0010110001011010
0010110001011011
0010110001011101
0010110001011110
0010110001011111
0010110001100000
0010110001100010
0010110001100011
0010110001100100
0010110001100101
0010110001100110
0010110001100111
0010110001101001
0010110001101010
0010110001101011
0010110001101101
0010110001101110
0010110001101111
0010110001110000
0010110001110010
0010110001110011
0010110001110100
0010110001110101
0010110001110110
0010110001111000
0010110001111001
0010110001111010
0010110001111011
0010110001111101
0010110001111110
0010110010000101
0010110010000111
0010110010001001
0010110010001011
0010110010001101
0010110010001110
0010110010001111
0010110010010100
0010110010010110
0010110010010111
0010110010011000
0010110010011001
0010110010011010
0010110010011011
0010110010011101
0010110010011110
0010110010011111
0010110010100011
0010110010100110
0010110010100111
0010110010101110
0010110010101111
0010110010110000
0010110010110100
0010110010110110
0010110010110111
0010110010111000
0010110010111001
0010110010111010
0010110010111011
0010110010111101
0010110010111110
0010110011010100
0010110011010110
0010110011010111
0010110011011000
0010110011011001
0010110011011010
0010110011011011
0010110011011101
0010110011011110
0010110011100010
0010110011100011
0010110011100100
0010110011100101
0010110011100110
0010110011100111
0010110011101000
0010110011101001
0010110011101010
0010110011101011
0010110011101101
0010110011101110
0010110100100110
0010110100101000
0010110100101110
0010110100110000
0010110100110010
0010110100110100
0010110100110110
0010110100111000
0010110100111001
0010110100111010
0010110100111101
0010110100111110
0010110101000100
0010110101000110
0010110101001000
0010110101001110
0010110101011110
0010110101100010
0010110101100100
0010110101100110
0010110101101000
0010110101101110
0010110101110000
0010110101110010
0010110101110100
0010110101110110
0010110101111001
0010110101111010
0010110101111101
0010110101111110
0010110110000101
0010110110000110
0010110110001001
0010110110001010
0010110110001101
0010110110001110
0010110110010100
0010110110011000
0010110110011001
0010110110011010
0010110110011101
0010110110011110
0010110110100010
0010110110100100
0010110110100110
0010110110101000
0010110110101110
0010110110110000
0010110110110010
0010110110110110
0010110110111000
0010110110111001
0010110110111010
0010110110111101
0010110110111110
0010110111010100
0010110111010110
0010110111011000
0010110111011001
0010110111011010
0010110111011101
0010110111011110
0010110111100000
0010110111100100
0010110111100101
0010110111100110
0010110111101000
0010110111101001
0010110111101010
0010110111101101
0010110111101110
0010111000101101
0010111000110000
0010111000110010
0010111000111110
0010111001000100
0010111001000101
0010111001000110
0010111001001000
0010111001001001
0010111001001010
0010111001001101
0010111001001110
0010111001001111
0010111001010100
0010111001010110
0010111001011000
0010111001011001
0010111001011010
0010111001011101
0010111001011110
0010111001011111
0010111001100000
0010111001100010
0010111001100011
0010111001100100
0010111001100101
0010111001100110
0010111001101001
0010111001110000
0010111001110010
0010111001110011
0010111001110100
0010111001110101
0010111001110110
0010111001111000
0010111001111010
0010111010000101
0010111010000110
0010111010001001
0010111010001101
0010111010001110
0010111010001111
0010111010010100
0010111010010110
0010111010011000
0010111010011001
0010111010011010
0010111010011110
0010111010011111
0010111010100011
0010111010100100
0010111010101110
0010111010101111
0010111010110000
0010111010110010
0010111010110011
0010111010110100
0010111010110110
0010111010111000
0010111010111001
0010111010111010
0010111010111101
0010111010111110
0010111011010100
0010111011010110
0010111011011000
0010111011011001
0010111011011010
0010111011011101
0010111011011110
0010111011100100
0010111011100101
0010111011100110
0010111011101000
0010111011101001
0010111011101010
0010111100101101
0010111100101110
0010111100110000
0010111100110010
0010111100111101
0010111101000100
0010111101000101
0010111101000110
0010111101001000
0010111101001001
0010111101001010
0010111101001110
0010111101010100
0010111101010110
0010111101011000
0010111101011001
0010111101011010
0010111101011101
0010111101011110
0010111101100000
0010111101100010
0010111101100100
0010111101100101
0010111101100110
0010111101101000
0010111101101001
0010111101101010
0010111101110000
0010111101110010
0010111101110100
0010111101110101
0010111101110110
0010111110000101
0010111110000110
0010111110001010
0010111110001101
0010111110001110
0010111110010100
0010111110010101
0010111110010110
0010111110011001
0010111110011010
0010111110011101
0010111110011110
0010111110100010
0010111110100100
0010111110100101
0010111110100110
0010111110101000
0010111110101001
0010111110101010
0010111110101101
0010111110101110
0010111110110000
0010111110110010
0010111110110100
0010111110110101
0010111111010110
0011001000101001
0011001000101011
0011001000110101
0011001000110110
0011001000110111
0011001000111001
0011001000111010
0011001000111011
0011001001001001
0011001001001010
0011001001001011
0011001001001111
0011001001010011
0011001001010110
0011001001010111
0011001001011001
0011001001011010
0011001001011011
0011001001011111
0011001001100011
0011001001100101
0011001001100110
0011001001100111
0011001001101001
0011001001101010
0011001001101011
0011001001110011
0011001001110101
0011001001110110
0011001001110111
0011001001111001
0011001001111010
0011001001111011
0011001010001001
0011001010001011
0011001010001111
0011001010010011
0011001010010110
0011001010010111
0011001010011001
0011001010011010
0011001010011011
0011001010011111
0011001010100011
0011001010100110
0011001010100111
0011001010110011
0011001010110110
0011001010110111
0011001010111001
0011001010111010
0011001010111011
0011001011010011
0011001011010110
0011001011010111
0011001011011001
0011001011011010
0011001011011011
0011001011100011
0011001011100101
0011001011100110
0011001011100111
0011001011101001
0011001011101010
0011001011101011
0011001100100101
0011001100100110
0011001100100111
0011001100101000
0011001100101001
0011001100101010
0011001100101011
0011001100110101
0011001100110110
0011001100110111
0011001100111000
0011001100111001
0011001100111010
0011001100111011
0011001101000101
0011001101000110
0011001101000111
0011001101001000
0011001101001001
0011001101001010
0011001101001011
0011001101001111
0011001101010011
0011001101010100
0011001101010110
0011001101010111
0011001101011000
0011001101011001
0011001101011010
0011001101011011
0011001101011111
0011001101100011
0011001101100100
0011001101100101
0011001101100110
0011001101100111
0011001101101000
0011001101101001
0011001101101010
0011001101101011
0011001101110011
0011001101110100
0011001101110101
0011001101110110
0011001101110111
0011001101111000
0011001101111001
0011001101111010
0011001101111011
0011001110000101
0011001110000110
0011001110000111
0011001110001001
0011001110001010
0011001110001011
0011001110001111
0011001110010011
0011001110010100
0011001110010101
0011001110010110
0011001110010111
0011001110011000
0011001110011001
0011001110011010
0011001110011011
0011001110011111
0011001110100011
0011001110100100
0011001110100101
0011001110100110
0011001110100111
0011001110101000
0011001110101001
0011001110101010
0011001110101011
0011001110110011
0011001110110100
0011001110110101
0011001110110110
0011001110110111
0011001110111000
0011001110111001
0011001110111010
0011001110111011
0011001111010011
0011001111010100
0011001111010110
0011001111010111
0011001111011000
0011001111011001
0011001111011010
0011001111011011
0011001111100011
0011001111100100
0011001111100101
0011001111100110
0011001111100111
0011001111101000
0011001111101001
0011001111101010
0011001111101011
0011010000101000
0011010000101001
0011010000101010
0011010000101011
0011010000110000
0011010000110101
0011010000110110
0011010000110111
0011010000111000
0011010000111001
0011010000111010
0011010000111011
0011010001001000
0011010001001001
0011010001001010
0011010001001011
0011010001001111
0011010001010110
0011010001010111
0011010001011000
0011010001011001
0011010001011010
0011010001011011
0011010001011111
0011010001100011
0011010001100100
0011010001100101
0011010001100110
0011010001100111
0011010001101000
0011010001101001
0011010001101010
0011010001101011
0011010001110011
0011010001110100
0011010001110101
0011010001110110
0011010001110111
0011010001111000
0011010001111001
0011010001111010
0011010001111011
0011010010001001
0011010010001010
0011010010001011
0011010010001111
0011010010010100
0011010010010110
0011010010010111
0011010010011000
0011010010011001
0011010010011010
0011010010011011
0011010010011111
0011010010100011
0011010010100100
0011010010100110
0011010010100111
0011010010101000
0011010010110011
0011010010110100
0011010010110110
0011010010110111
0011010010111000
0011010010111001
0011010010111010
0011010010111011
0011010011010011
0011010011010100
0011010011010110
0011010011010111
0011010011011000
0011010011011001
0011010011011011
0011010011100011
0011010011100100
0011010011100101
0011010011100110
0011010011100111
0011010011101000
0011010011101001
0011010011101010
0011010011101011
0011010100100100
0011010100101000
0011010100110000
0011010100110010
0011010100110100
0011010100110110
0011010100111000
0011010100111001
0011010100111010
0011010101000110
0011010101001000
0011010101100100
0011010101100110
0011010101101000
0011010101110100
0011010101110110
0011010101111000
0011010101111001
0011010101111010
0011010110000101
0011010110000110
0011010110001001
0011010110001010
0011010110010100
0011010110010110
0011010110011000
0011010110011001
0011010110011010
0011010110100100
0011010110100110
0011010110101000
0011010110110100
0011010110110110
0011010110111000
0011010110111001
0011010110111010
0011010111010100
0011010111010110
0011010111011000
0011010111011001
0011010111011010
0011010111100100
0011010111100101
0011010111100110
0011010111101000
0011010111101001
0011010111101010
0011011000100101
0011011000100110
0011011000101000
0011011000101001
0011011000101010
0011011000110000
0011011000110010
0011011000110011
0011011000110100
0011011000110101
0011011000111000
0011011000111001
0011011000111010
0011011001000100
0011011001000110
0011011001000111
0011011001001000
0011011001001001
0011011001001010
0011011001001011
0011011001001101
0011011001001110
0011011001001111
0011011001010000
0011011001010010
0011011001010110
0011011001010111
0011011001011000
0011011001011001
0011011001011010
0011011001011011
0011011001011101
0011011001011110
0011011001011111
0011011001100000
0011011001100101
0011011001100110
0011011001100111
0011011001101000
0011011001101001
0011011001101010
0011011001101011
0011011001110000
0011011001110100
0011011001110101
0011011001110110
0011011001110111
0011011001111000
0011011001111001
0011011001111010
0011011001111011
0011011010000101
0011011010000110
0011011010000111
0011011010001001
0011011010001010
0011011010001011
0011011010001101
0011011010001110
0011011010001111
0011011010010010
0011011010010011
0011011010010100
0011011010010110
0011011010010111
0011011010011000
0011011010011001
0011011010011010
0011011010011011
0011011010011101
0011011010011110
0011011010011111
0011011010100010
0011011010100011
0011011010100100
0011011010100110
0011011010100111
0011011010101000
0011011010110000
0011011010110010
0011011010110011
0011011010110100
0011011010110110
0011011010110111
0011011010111000
0011011010111001
0011011010111010
0011011010111011
0011011011010000
0011011011010010
0011011011010011
0011011011010100
0011011011010110
0011011011010111
0011011011011001
0011011011011010
0011011011011011
0011011011011101
0011011011011110
0011011011100000
0011011011100010
0011011011100011
0011011011100100
0011011011100101
0011011011100110
0011011011100111
0011011011101000
0011011011101001
0011011011101010
0011011011101011
0011011100100100
0011011100100101
0011011100100110
0011011100101001
0011011100101010
0011011100110000
0011011100110010
0011011100110100
0011011100110101
0011011100110110
0011011100111000
0011011100111001
0011011100111010
0011011101000100
0011011101000101
0011011101001000
0011011101001001
0011011101001010
0011011101001101
0011011101001110
0011011101010000
0011011101010010
0011011101010100
0011011101010110
0011011101011000
0011011101011001
0011011101011010
0011011101011101
0011011101011110
0011011101100000
0011011101100010
0011011101100101
0011011101100110
0011011101101000
0011011101101001
0011011101101010
0011011101110000
0011011101110101
0011011101110110
0011011101111000
0011011101111001
0011011101111010
0011011110000101
0011011110000110
0011011110001001
0011011110001010
0011011110001101
0011011110001110
0011011110010010
0011011110010100
0011011110010101
0011011110010110
0011011110011000
0011011110011001
0011011110011010
0011011110011101
0011011110011110
0011011110100010
0011011110100100
0011011110100101
0011011110100110
0011011110101000
0011011110101001
0011011110101010
0011011110110000
0011011110110010
0011011110110100
0011011110110101
0011011110110110
0011011110111000
0011011110111001
0011011110111010
0011011111010000
0011011111010010
0011011111010100
0011011111010110
0011011111011000
0011011111011001
0011011111011010
0011011111011101
0011011111011110
0011011111100000
0011011111100010
0011011111100100
0011011111100101
0011011111100110
0011011111101000
0011011111101001
0011011111101010
0011100000101011
0011100000110010
0011100000110011
0011100000110101
0011100000110110
0011100000110111
0011100000111001
0011100000111010
0011100000111011
0011100001001001
0011100001001010
0011100001001011
0011100001001111
0011100001010011
0011100001010101
0011100001010111
0011100001011001
0011100001011010
0011100001011011
0011100001011111
0011100001100011
0011100001100110
0011100001100111
0011100001101001
0011100001101010
0011100001101011
0011100001110101
0011100001110110
0011100001110111
0011100001111001
0011100001111010
0011100001111011
0011100010001001
0011100010001011
0011100010001111
0011100010010101
0011100010010110
0011100010010111
0011100010011001
0011100010011010
0011100010011011
0011100010011111
0011100010100011
0011100010100101
0011100010100110
0011100010100111
0011100010101001
0011100010101011
0011100010110011
0011100010110101
0011100010110110
0011100010110111
0011100010111001
0011100010111010
0011100010111011
0011100011010011
0011100011010110
0011100011010111
0011100011011001
0011100011011010
0011100011011011
0011100011100101
0011100011100110
0011100011100111
0011100011101001
0011100011101010
0011100011101011
0011100100100100
0011100100100101
0011100100100110
0011100100100111
0011100100101000
0011100100101001
0011100100101011
0011100100110000
0011100100110010
0011100100110011
0011100100110100
0011100100110101
0011100100110110
0011100100110111
0011100100111000
0011100100111010
0011100100111011
0011100101000100
0011100101000101
0011100101000110
0011100101000111
0011100101001001
0011100101001010
0011100101001011
0011100101001111
0011100101010011
0011100101010100
0011100101010110
0011100101011000
0011100101011001
0011100101011010
0011100101011011
0011100101011111
0011100101100011
0011100101100100
0011100101100101
0011100101100111
0011100101101000
0011100101101001
0011100101101010
0011100101101011
0011100101110011
0011100101110100
0011100101110110
0011100101110111
0011100101111000
0011100101111001
0011100101111010
0011100101111011
0011100110000101
0011100110000110
0011100110000111
0011100110001001
0011100110001010
0011100110001011
0011100110001111
0011100110010101
0011100110010110
0011100110010111
0011100110011000
0011100110011001
0011100110011010
0011100110011011
0011100110011111
0011100110100100
0011100110100101
0011100110100110
0011100110100111
0011100110101000
0011100110101001
0011100110101010
0011100110101011
0011100110110011
0011100110110100
0011100110110101
0011100110110110
0011100110110111
0011100110111000
0011100110111001
0011100110111010
0011100110111011
0011100111010011
0011100111010100
0011100111010110
0011100111010111
0011100111011000
0011100111011001
0011100111011010
0011100111011011
0011100111100011
0011100111100100
0011100111100101
0011100111100110
0011100111100111
0011100111101000
0011100111101001
0011100111101010
0011100111101011
0011101000100101
0011101000100110
0011101000100111
0011101000101001
0011101000110010
0011101000110011
0011101000110101
0011101000110110
0011101000110111
0011101000111001
0011101000111011
0011101001000101
0011101001000110
0011101001000111
0011101001001010
0011101001001011
0011101001010011
0011101001010110
0011101001010111
0011101001011001
0011101001011010
0011101001011011
0011101001100011
0011101001110011
0011101010000110
0011101010000111
0011101010001001
0011101010001011
0011101010001111
0011101010010110
0011101010010111
0011101010011001
0011101010011010
0011101010011011
0011101010100110
0011101010110110
0011101010110111
0011101010111001
0011101010111010
0011101010111011
0011101011010011
0011101011010110
0011101011010111
0011101011011001
0011101011011010
0011101011011011
0011101011100011
0011101100100100
0011101100100101
0011101100100110
0011101100100111
0011101100101000
0011101100101001
0011101100101010
0011101100101011
0011101100110000
0011101100110010
0011101100110011
0011101100110100
0011101100110101
0011101100110110
0011101100110111
0011101100111000
0011101100111001
0011101100111010
0011101101000100
0011101101000101
0011101101000110
0011101101000111
0011101101001000
0011101101001001
0011101101001011
0011101101010011
0011101101010100
0011101101010110
0011101101010111
0011101101011000
0011101101011010
0011101101011011
0011101101100011
0011101101110011
0011101110000101
0011101110000111
0011101110001001
0011101110001010
0011101110001011
0011101110001111
0011101110010011
0011101110010100
0011101110010110
0011101110010111
0011101110011000
0011101110011001
0011101110011010
0011101110011011
0011101110011111
0011101110100101
0011101110100110
0011101110100111
0011101110101000
0011101110101001
0011101110101010
0011101110101011
0011101110110101
0011101110110110
0011101110110111
0011101110111000
0011101110111001
0011101110111010
0011101110111011
0011101111010011
0011101111010100
0011101111010110
0011101111010111
0011101111011000
0011101111011001
0011101111011010
0011101111011011
0011101111100011
0011110000100100
0011110000100101
0011110000100110
0011110000101000
0011110000101001
0011110000101010
0011110000110000
0011110000110010
0011110000110011
0011110000110100
0011110000110101
0011110000110110
0011110000111000
0011110000111001
0011110000111010
0011110001000100
0011110001000101
0011110001000110
0011110001000111
0011110001001000
0011110001001001
0011110001001010
0011110001001101
0011110001001110
0011110001001111
0011110001010000
0011110001010010
0011110001010011
0011110001010100
0011110001010110
0011110001010111
0011110001011000
0011110001011001
0011110001011011
0011110001011101
0011110001011110
0011110001011111
0011110001100000
0011110001100010
0011110001100011
0011110001100100
0011110001100101
0011110001100110
0011110001100111
0011110001101000
0011110001101010
0011110001101011
0011110001110000
0011110001110010
0011110001110011
0011110001110100
0011110001110101
0011110001110110
0011110001110111
0011110001111001
0011110001111010
0011110001111011
0011110010000101
0011110010000110
0011110010001001
0011110010001010
0011110010001011
0011110010001101
0011110010001110
0011110010001111
0011110010010010
0011110010010011
0011110010010100
0011110010010111
0011110010011000
0011110010011001
0011110010011010
0011110010011011
0011110010011101
0011110010011110
0011110010011111
0011110010100010
0011110010100011
0011110010100100
0011110010100110
0011110010100111
0011110010101000
0011110010101011
0011110010110000
0011110010110010
0011110010110101
0011110010110110
0011110010110111
0011110010111000
0011110010111001
0011110010111010
0011110010111011
0011110011010000
0011110011010100
0011110011010110
0011110011010111
0011110011011000
0011110011011001
0011110011011010
0011110011011011
0011110011011101
0011110011011110
0011110011100000
0011110011100010
0011110011100011
0011110011100100
0011110011100101
0011110011100110
0011110011100111
0011110011101000
0011110011101001
0011110011101010
0011110011101011
0011110100100100
0011110100100110
0011110100101000
0011110100110000
0011110100110010
0011110100110100
0011110100110110
0011110100111000
0011110100111001
0011110100111010
0011110101000100
0011110101000110
0011110101001000
0011110101001110
0011110101010000
0011110101011110
0011110101100000
0011110101100010
0011110101100100
0011110101100101
0011110101100110
0011110101101000
0011110101101001
0011110101110000
0011110101110010
0011110101110100
0011110101110101
0011110101110110
0011110101111000
0011110101111010
0011110110000101
0011110110000110
0011110110001001
0011110110001010
0011110110001101
0011110110001110
0011110110010010
0011110110010100
0011110110010101
0011110110010110
0011110110011000
0011110110011001
0011110110011010
0011110110011101
0011110110011110
0011110110100010
0011110110100100
0011110110100101
0011110110101000
0011110110101001
0011110110101010
0011110110110000
0011110110110010
0011110110110100
0011110110110110
0011110110111000
0011110110111001
0011110110111010
0011110111010000
0011110111010110
0011110111011000
0011110111011001
0011110111011010
0011110111011101
0011110111011110
0011110111100100
0011110111100101
0011110111100110
0011110111101000
0011110111101001
0011110111101010
0011111000110000
0011111000110010
0011111001000100
0011111001000101
0011111001000110
0011111001001000
0011111001001001
0011111001001010
0011111001010000
0011111001010010
0011111001010011
0011111001010100
0011111001010110
0011111001011001
0011111001011010
0011111001100000
0011111001100010
0011111001100011
0011111001110000
0011111001110010
0011111001110011
0011111010000101
0011111010000110
0011111010001010
0011111010001101
0011111010001110
0011111010001111
0011111010010010
0011111010010011
0011111010010110
0011111010011001
0011111010011010
0011111010011110
0011111010100010
0011111010100011
0011111010100100
0011111010100110
0011111010101000
0011111010110000
0011111010110010
0011111010110011
0011111010110100
0011111010110101
0011111010111000
0011111010111001
0011111010111010
0011111011010000
0011111011010010
0011111011010110
0011111011011000
0011111011011001
0011111011011010
0011111011100000
0100001100100110
0100001100101000
0100001100101001
0100001100101010
0100001100101101
0100001100101110
0100001100101111
0100001100110000
0100001100110110
0100001100111000
0100001100111001
0100001100111010
0100001100111101
0100001100111110
0100001100111111
0100001101000110
0100001101000111
0100001101001000
0100001101001001
0100001101001010
0100001101001011
0100001101001101
0100001101001110
0100001101001111
0100001101010110
0100001101010111
0100001101011000
0100001101011001
0100001101011010
0100001101011011
0100001101011101
0100001101011110
0100001101011111
0100001101100000
0100001101100010
0100001101100011
0100001101100100
0100001101100101
0100001101100110
0100001101100111
0100001101101000
0100001101101001
0100001101101010
0100001101101011
0100001101101101
0100001101101110
0100001101101111
0100001101110010
0100001101110011
0100001101110100
0100001101110101
0100001101110110
0100001101110111
0100001101111000
0100001101111001
0100001101111010
0100001101111011
0100001101111101
0100001101111110
0100001110000101
0100001110000110
0100001110000111
0100001110001001
0100001110001010
0100001110001011
0100001110001101
0100001110001110
0100001110001111
0100001110010100
0100001110010101
0100001110010110
0100001110010111
0100001110011000
0100001110011001
0100001110011010
0100001110011011
0100001110011101
0100001110011110
0100001110011111
0100001110100010
0100001110100011
0100001110100100
0100001110100101
0100001110100110
0100001110100111
0100001110101000
0100001110101001
0100001110101010
0100001110101011
0100001110101101
0100001110101110
0100001110101111
0100001110110000
0100001110110010
0100001110110011
0100001110110100
0100001110110101
0100001110110110
0100001110110111
0100001110111000
0100001110111001
0100001110111010
0100001110111011
0100001110111101
0100001110111110
0100001111010100
0100001111010110
0100001111010111
0100001111011000
0100001111011001
0100001111011010
0100001111011011
0100001111011101
0100001111011110
0100001111100000
0100001111100010
0100001111100011
0100001111100100
0100001111100101
0100001111100110
0100001111100111
0100001111101000
0100001111101001
0100001111101010
0100001111101011
0100001111101101
0100001111101110
0100010100100110
0100010100101110
0100010100111000
0100010100111010
0100010100111110
0100010101001110
0100010101011110
0100010101100010
0100010101101000
0100010101101110
0100010101110110
0100010101111000
0100010101111010
0100010101111110
0100010110001110
0100010110011110
0100010110100100
0100010110100110
0100010110101000
0100010110101110
0100010110110100
0100010110110110
0100010110111000
0100010110111010
0100010110111110
0100010111010110
0100010111011000
0100010111011010
0100010111011110
0100010111100000
0100010111100010
0100010111100100
0100010111100110
0100010111101000
0100010111101010
0100010111101110
0100011000101110
0100011000110000
0100011000110010
0100011000111110
0100011001001000
0100011001001010
0100011001001110
0100011001010110
0100011001011000
0100011001011010
0100011001011110
0100011001100000
0100011001100010
0100011001100110
0100011001101000
0100011001101010
0100011001101110
0100011001110000
0100011001110010
0100011001110110
0100011001111000
0100011001111010
0100011001111110
0100011010000110
0100011010001010
0100011010001110
0100011010010100
0100011010010110
0100011010011000
0100011010011010
0100011010011110
0100011010100010
0100011010100100
0100011010100110
0100011010101110
0100011010110000
0100011010110010
0100011010110100
0100011010110110
0100011010111000
0100011010111010
0100011010111110
0100011011010100
0100011011010110
0100011011011000
0100011011011010
0100011011011110
0100011011100000
0100011011100010
0100011011100100
0100011011100110
0100011011101000
0100011011101010
0100011011101110
0100011100101110
0100011100110000
0100011100110010
0100011100111110
0100011101000110
0100011101001000
0100011101001010
0100011101001110
0100011101011000
0100011101011010
0100011101011110
0100011101100000
0100011101100010
0100011101100110
0100011101101000
0100011101101010
0100011101101110
0100011101110000
0100011101110010
0100011101110110
0100011101111000
0100011101111010
0100011101111110
0100011110000110
0100011110001010
0100011110001110
0100011110010100
0100011110010110
0100011110011000
0100011110011010
0100011110011110
0100011110100010
0100011110100100
0100011110100110
0100011110101000
0100011110101110
0100011110110010
0100011110110100
0100011110110110
0100011110111010
0100011110111110
0100011111010100
0100011111010110
0100011111011000
0100011111011010
0100011111011110
0100011111100000
0100011111100010
0100011111100100
0100011111100110
0100011111101000
0100011111101110
0100100100100110
0100100100101110
0100100100101111
0100100100110000
0100100100110010
0100100100110011
0100100100110100
0100100100110110
0100100100111000
0100100100111001
0100100100111110
0100100101000110
0100100101000111
0100100101001110
0100100101011110
0100100101011111
0100100101100000
0100100101100010
0100100101100011
0100100101100100
0100100101100110
0100100101101000
0100100101101110
0100100101101111
0100100101110000
0100100101110010
0100100101110011
0100100101110100
0100100101110111
0100100101111000
0100100101111001
0100100101111010
0100100101111011
0100100101111101
0100100101111110
0100100110000110
0100100110000111
0100100110001001
0100100110001010
0100100110001011
0100100110001101
0100100110001110
0100100110001111
0100100110010110
0100100110010111
0100100110011000
0100100110011001
0100100110011010
0100100110011011
0100100110011101
0100100110011110
0100100110011111
0100100110100010
0100100110100110
0100100110100111
0100100110101000
0100100110101110
0100100110101111
0100100110110000
0100100110110011
0100100110110100
0100100110110110
0100100110110111
0100100110111000
0100100110111001
0100100110111010
0100100110111011
0100100110111101
0100100110111110
0100100111010110
0100100111010111
0100100111011000
0100100111011001
0100100111011010
0100100111011011
0100100111011101
0100100111011110
0100100111100000
0100100111100010
0100100111100011
0100100111100100
0100100111100110
0100100111100111
0100100111101000
0100100111101011
0100100111101101
0100100111101110
0100101000100110
0100101000101110
0100101000101111
0100101000110010
0100101000110011
0100101000110110
0100101000111001
0100101000111010
0100101000111110
0100101001000110
0100101001000111
0100101001001110
0100101001011110
0100101001011111
0100101001100010
0100101001100011
0100101001100110
0100101001100111
0100101001110010
0100101001110011
0100101001110110
0100101001111011
0100101010000111
0100101010001110
0100101010111110
0100101011011110
0100101011100010
0100101011100011
0100101011100110
0100101011100111
0100101100100100
0100101100100110
0100101100101000
0100101100101110
0100101100101111
0100101100110000
0100101100110010
0100101100110011
0100101100110100
0100101100110110
0100101100111000
0100101100111001
0100101100111010
0100101100111101
0100101100111110
0100101100111111
0100101101000100
0100101101000110
0100101101000111
0100101101001000
0100101101001110
0100101101001111
0100101101011000
0100101101011110
0100101101011111
0100101101100000
0100101101100010
0100101101100011
0100101101100100
0100101101100110
0100101101100111
0100101101101000
0100101101110000
0100101101110010
0100101101110011
0100101101110100
0100101101110110
0100101101110111
0100101101111001
0100101101111010
0100101101111011
0100101110000101
0100101110000110
0100101110001001
0100101110001010
0100101110001011
0100101110001101
0100101110001110
0100101110001111
0100101110010100
0100101110011101
0100101110011110
0100101110011111
0100101110100010
0100101110100011
0100101110100110
0100101110100111
0100101110101000
0100101110101110
0100101110101111
0100101110110000
0100101110110010
0100101110110110
0100101110110111
0100101110111000
0100101110111001
0100101110111010
0100101110111011
0100101110111101
0100101110111110
0100101111010100
0100101111010110
0100101111010111
0100101111011000
0100101111011001
0100101111011010
0100101111011011
0100101111011101
0100101111011110
0100101111100000
0100101111100010
0100101111100011
0100101111100100
0100101111100101
0100101111100110
0100101111100111
0100101111101000
0100101111101001
0100101111101010
0100101111101011
0100110000110000
0100110000110010
0100110000111110
0100110001000110
0100110001001000
0100110001001010
0100110001001110
0100110001010110
0100110001011000
0100110001011010
0100110001011110
0100110001100000
0100110001100010
0100110001100100
0100110001100110
0100110001101000
0100110001101110
0100110001110000
0100110001110010
0100110001110100
0100110001110110
0100110001111000
0100110001111010
0100110001111110
0100110010000110
0100110010001010
0100110010001110
0100110010010100
0100110010010110
0100110010011000
0100110010011010
0100110010011110
0100110010100010
0100110010100100
0100110010101000
0100110010111110
0100110011010110
0100110011011000
0100110011011010
0100110011011110
0100110011100000
0100110011100100
0100110011100110
0100110011101000
0100110011101010
0100110011101110
0100110100101110
0100110100110000
0100110100110010
0100110101000110
0100110101001000
0100110101001110
0100110101011110
0100110101100000
0100110101100010
0100110101100100
0100110101100110
0100110101101000
0100110101101110
0100110101110000
0100110101110010
0100110101110100
0100110101110110
0100110101111000
0100110101111110
0100110110000110
0100110110001010
0100110110001110
0100110110010100
0100110110010110
0100110110011010
0100110110011110
0100110110100010
0100110110100100
0100110110100110
0100110110101000
0100110110101110
0100110110110000
0100110110110010
0100110110110100
0100110110111000
0100110110111010
0100110110111110
0100110111010110
0100110111011000
0100110111011010
0100110111011110
0100110111100000
0100110111100010
0100110111100110
0100110111101000
0100110111101010
0100110111101110
0100111001011110
0100111001100000
0100111001100010
0100111001110000
0100111001110010
0100111010001110
0100111010011110
0100111010100010
0100111010101110
0100111010110000
0100111010110010
0100111010111110
0100111011011110
0100111011100000
0100111011100010
0100111101001110
0100111101100000
0100111101100010
0100111101110000
0100111101110010
0100111110001110
0100111110011110
0100111110100010
0100111110101110
0100111110110000
0100111110110010
0101001000110010
0101001000110011
0101001000110110
0101001000111001
0101001000111010
0101001001001110
0101001001011110
0101001001011111
0101001001100010
0101001001100011
0101001001100110
0101001001100111
0101001001110010
0101001001110011
0101001001110110
0101001001110111
0101001001111011
0101001010001110
0101001011011110
0101001011100010
0101001011100011
0101001011100110
0101001011100111
0101001100100100
0101001100101000
0101001100110000
0101001100110010
0101001100110011
0101001100111000
0101001100111001
0101001100111010
0101001101000110
0101001101000111
0101001101001000
0101001101001110
0101001101011000
0101001101011110
0101001101011111
0101001101100000
0101001101100011
0101001101100100
0101001101100110
0101001101100111
0101001101101000
0101001101110000
0101001101110010
0101001101110011
0101001101110100
0101001101110110
0101001101110111
0101001101111000
0101001101111001
0101001101111010
0101001101111011
0101001110000101
0101001110000110
0101001110000111
0101001110001001
0101001110001010
0101001110001011
0101001110001101
0101001110001110
0101001110001111
0101001110010010
0101001110010011
0101001110010100
0101001110010110
0101001110010111
0101001110011000
0101001110011001
0101001110011010
0101001110011011
0101001110011110
0101001110100010
0101001110100011
0101001110100100
0101001110100110
0101001110101000
0101001110110000
0101001110110010
0101001110110011
0101001110110100
0101001110110110
0101001110110111
0101001110111000
0101001110111001
0101001110111010
0101001110111011
0101001111010000
0101001111010110
0101001111010111
0101001111011000
0101001111011001
0101001111011010
0101001111011011
0101001111011110
0101001111100000
0101001111100010
0101001111100011
0101001111100100
0101001111100110
0101001111101000
0101001111101011
0101010000110010
0101010000111000
0101010000111010
0101010001001110
0101010001011110
0101010001100010
0101010001100110
0101010001101000
0101010001110110
0101010001111000
0101010010001110
0101010010011000
0101010010110000
0101010010111000
0101010011011000
0101010011011110
0101010011100000
0101010011100010
0101010011100100
0101010011100110
0101010011101000
0101010100111000
0101010110001110
0101010110011110
0101010111011110
0101010111100010
0101010111100100
0101010111100110
0101010111101000
0101011000110010
0101011001000110
0101011001001000
0101011001001110
0101011001011110
0101011001100010
0101011001101000
0101011001110000
0101011001110010
0101011001111000
0101011001111010
0101011010000110
0101011010001110
0101011010011000
0101011010011110
0101011011010000
0101011011011110
0101011011100010
0101011011100100
0101011011100110
0101011011101000
0101011100110000
0101011100110010
0101011101000110
0101011101001110
0101011101011110
0101011101100010
0101011101100100
0101011101101000
0101011101110000
0101011101110010
0101011101111000
0101011101111010
0101011110000110
0101011110001010
0101011110001110
0101011110010010
0101011110010100
0101011110010110
0101011110011000
0101011110011010
0101011110011110
0101011110100100
0101011110100110
0101011110110000
0101011110110010
0101011110110100
0101011110110110
0101011110111000
0101011110111010
0101011111010000
0101011111010010
0101011111010100
0101011111010110
0101011111011000
0101011111011010
0101011111011110
0101011111100000
0101011111100010
0101011111100100
0101011111100110
0101011111101000
0101011111101010
0101100000101001
0101100000101010
0101100000110010
0101100000110011
0101100000110101
0101100000110110
0101100000111001
0101100001001010
0101100001001011
0101100001001101
0101100001001110
0101100001001111
0101100001010010
0101100001010011
0101100001010111
0101100001011001
0101100001011010
0101100001011011
0101100001011101
0101100001011110
0101100001011111
0101100001100010
0101100001100011
0101100001100101
0101100001100110
0101100001101001
0101100001101010
0101100001101011
0101100001110010
0101100001110011
0101100001110111
0101100001111001
0101100001111010
0101100001111011
0101100010001001
0101100010001010
0101100010001011
0101100010001101
0101100010001110
0101100010001111
0101100010010010
0101100010010011
0101100010010110
0101100010010111
0101100010011001
0101100010011010
0101100010011011
0101100010011101
0101100010011110
0101100010011111
0101100010100010
0101100010100110
0101100010100111
0101100010110011
0101100010110110
0101100010110111
0101100010111001
0101100010111010
0101100010111011
0101100011010010
0101100011010011
0101100011010110
0101100011010111
0101100011011001
0101100011011010
0101100011011011
0101100011011101
0101100011011110
0101100011100010
0101100011100011
0101100011100101
0101100011100110
0101100011100111
0101100011101001
0101100011101010
0101100011101011
0101100100100100
0101100100100110
0101100100101000
0101100100110000
0101100100110010
0101100100110100
0101100100110110
0101100100111000
0101100100111001
0101100100111010
0101100101000110
0101100101000111
0101100101001000
0101100101001110
0101100101001111
0101100101011110
0101100101011111
0101100101100010
0101100101100011
0101100101100100
0101100101100110
0101100101100111
0101100101110000
0101100101110010
0101100101110011
0101100101110100
0101100101110110
0101100101111000
0101100101111001
0101100101111010
0101100101111011
0101100110000111
0101100110001001
0101100110001010
0101100110001011
0101100110001101
0101100110001110
0101100110001111
0101100110010010
0101100110010011
0101100110010111
0101100110011000
0101100110011001
0101100110011010
0101100110011011
0101100110011101
0101100110011110
0101100110011111
0101100110100010
0101100110100011
0101100110100110
0101100110100111
0101100110101000
0101100110110000
0101100110110010
0101100110110100
0101100110110110
0101100110110111
0101100110111000
0101100110111001
0101100110111010
0101100110111011
0101100111010000
0101100111010010
0101100111010011
0101100111010100
0101100111010110
0101100111010111
0101100111011000
0101100111011001
0101100111011010
0101100111011011
0101100111011101
0101100111011110
0101100111100010
0101100111100011
0101100111100100
0101100111100101
0101100111100110
0101100111100111
0101100111101000
0101100111101001
0101100111101010
0101100111101011
0101101000100110
0101101000110010
0101101000110011
0101101000110110
0101101000111001
0101101000111010
0101101001000110
0101101001000111
0101101001100010
0101101001100011
0101101001110010
0101101001110011
0101101010000110
0101101010001110
0101101010001111
0101101010011110
0101101010011111
0101101011100010
0101101011100011
0101101100100100
0101101100100110
0101101100101000
0101101100110000
0101101100110010
0101101100110011
0101101100110100
0101101100110110
0101101100111000
0101101100111001
0101101100111010
0101101101000100
0101101101000110
0101101101000111
0101101101001000
0101101101010000
0101101101100010
0101101101100011
0101101101110000
0101101101110010
0101101101110011
0101101110000101
0101101110000110
0101101110000111
0101101110001001
0101101110001010
0101101110001011
0101101110001101
0101101110001110
0101101110001111
0101101110010010
0101101110010011
0101101110010100
0101101110010110
0101101110011000
0101101110011001
0101101110011010
0101101110011011
0101101110011101
0101101110011110
0101101110011111
0101101110100010
0101101110100011
0101101110100100
0101101110100111
0101101110101000
0101101110110000
0101101110110010
0101101110110011
0101101110110111
0101101110111000
0101101110111001
0101101110111010
0101101110111011
0101101111010000
0101101111010010
0101101111010100
0101101111010110
0101101111010111
0101101111011000
0101101111011001
0101101111011010
0101101111011011
0101101111100011
0101110000110000
0101110000110010
0101110001000110
0101110001001000
0101110001001010
0101110001001110
0101110001010010
0101110001010110
0101110001011000
0101110001011010
0101110001011110
0101110001100000
0101110001100010
0101110001100100
0101110001100110
0101110001101000
0101110001101010
0101110001110000
0101110001110010
0101110001110100
0101110001110110
0101110001111000
0101110010000110
0101110010001010
0101110010001110
0101110010010010
0101110010010100
0101110010010110
0101110010011010
0101110010011110
0101110010100010
0101110010100100
0101110010100110
0101110010101000
0101110010110000
0101110010110010
0101110010110100
0101110010111000
0101110010111010
0101110011010010
0101110011010110
0101110011011000
0101110011011010
0101110011011110
0101110011100000
0101110011100010
0101110011100100
0101110011100110
0101110011101000
0101110011101010
0101110100110000
0101110100110010
0101110101000110
0101110101001000
0101110101011110
0101110101100010
0101110101100100
0101110101100110
0101110101101000
0101110101110000
0101110101110010
0101110101110100
0101110101110110
0101110101111000
0101110101111010
0101110110000110
0101110110001110
0101110110010010
0101110110010100
0101110110010110
0101110110011000
0101110110011010
0101110110011110
0101110110100010
0101110110100100
0101110110100110
0101110110110000
0101110110110010
0101110110110100
0101110110110110
0101110110111000
0101110110111010
0101110111010000
0101110111010010
0101110111011010
0101110111011110
0101110111100000
0101110111100010
0101110111100110
0101110111101000
0101110111101010
0101111001010000
0101111001010010
0101111001100000
0101111001100010
0101111001110000
0101111001110010
0101111010001110
0101111010010010
0101111010011110
0101111010100010
0101111010110000
0101111010110010
0101111011010000
0101111011010010
0101111011100000
0101111011100010
0110001100101101
0110001100101110
0110001100110000
0110001100110010
0110001100111101
0110001100111110
0110001101000100
0110001101001000
0110001101001001
0110001101001010
0110001101001101
0110001101001110
0110001101001111
0110001101010110
0110001101011000
0110001101011001
0110001101011010
0110001101011101
0110001101011110
0110001101011111
0110001101100000
0110001101100010
0110001101100100
0110001101100101
0110001101100110
0110001101101000
0110001101101001
0110001101101010
0110001101101101
0110001101101110
0110001101101111
0110001101110000
0110001101110011
0110001101110100
0110001101110101
0110001101110110
0110001101111000
0110001101111001
0110001101111010
0110001101111101
0110001101111110
0110001110000101
0110001110000110
0110001110001001
0110001110001010
0110001110001101
0110001110001110
0110001110001111
0110001110100010
0110001110100011
0110001110100100
0110001110100101
0110001110100110
0110001110101000
0110001110101001
0110001110101010
0110001110101101
0110001110101110
0110001110101111
0110001110110000
0110001110110010
0110001110110011
0110001110110100
0110001110110101
0110001110110110
0110001110111000
0110001110111001
0110001110111010
0110001110111101
0110001110111110
0110001111010100
0110001111010101
0110001111010110
0110001111011000
0110001111011001
0110001111011010
0110001111011101
0110001111011110
0110001111100000
0110001111100010
0110001111100011
0110001111100100
0110001111100101
0110001111100110
0110001111101000
0110001111101001
0110001111101010
0110001111101101
0110001111101110
0110010100101110
0110010100111110
0110010101001000
0110010101001110
0110010101011110
0110010101100010
0110010101100100
0110010101101000
0110010101101110
0110010101110000
0110010101110010
0110010101111000
0110010101111010
0110010101111110
0110010110001110
0110010110011110
0110010110100100
0110010110100110
0110010110101000
0110010110101110
0110010110110100
0110010110110110
0110010110111010
0110010110111110
0110010111010100
0110010111010110
0110010111011000
0110010111011010
0110010111011110
0110010111100000
0110010111100010
0110010111100100
0110010111100110
0110010111101000
0110010111101010
0110010111101110
0110011001001110
0110011001011110
0110011001100010
0110011001101110
0110011001110000
0110011001110010
0110011001111110
0110011010001110
0110011010011110
0110011010101110
0110011010110000
0110011010110010
0110011010111110
0110011011011110
0110011011100000
0110011011100010
0110011011101110
0110011101001110
0110011101011110
0110011101100000
0110011101100010
0110011101101110
0110011101110000
0110011101110010
0110011101111110
0110011110001110
0110011110011110
0110011110100010
0110011110101110
0110011110110000
0110011110111110
0110011111011110
0110011111100000
0110011111100010
0110011111101110
0110100100101110
0110100100110000
0110100100110010
0110100100111101
0110100100111110
0110100101000100
0110100101000110
0110100101001000
0110100101001110
0110100101001111
0110100101011000
0110100101011110
0110100101011111
0110100101100000
0110100101100010
0110100101100011
0110100101100100
0110100101100110
0110100101101000
0110100101101110
0110100101101111
0110100101110000
0110100101110010
0110100101110011
0110100101110100
0110100101110110
0110100101111001
0110100101111010
0110100101111101
0110100101111110
0110100110000101
0110100110001001
0110100110001010
0110100110001101
0110100110001110
0110100110001111
0110100110010100
0110100110011000
0110100110011001
0110100110011010
0110100110011101
0110100110011110
0110100110011111
0110100110100010
0110100110100011
0110100110100100
0110100110101000
0110100110101110
0110100110101111
0110100110110000
0110100110110010
0110100110110011
0110100110110110
0110100110111000
0110100110111001
0110100110111010
0110100110111101
0110100110111110
0110100111010100
0110100111010110
0110100111011000
0110100111011001
0110100111011010
0110100111011101
0110100111011110
0110100111100000
0110100111100010
0110100111100011
0110100111100100
0110100111100101
0110100111100110
0110100111101000
0110100111101001
0110100111101010
0110100111101101
0110100111101110
0110101000110010
0110101000111110
0110101001000110
0110101001001110
0110101001001111
0110101001011110
0110101001011111
0110101001100010
0110101001100011
0110101001100110
0110101001110010
0110101001110011
0110101001110110
0110101001111010
0110101010000110
0110101010001110
0110101010001111
0110101010011110
0110101010111110
0110101011011110
0110101011100011
0110101011100110
0110101100101110
0110101100110000
0110101100110010
0110101100111101
0110101101000100
0110101101000110
0110101101001000
0110101101001110
0110101101001111
0110101101011110
0110101101011111
0110101101100010
0110101101100011
0110101101100100
0110101101100110
0110101101101000
0110101101110000
0110101101110010
0110101101110011
0110101101110100
0110101101110110
0110101101111000
0110101101111001
0110101110000101
0110101110000110
0110101110001010
0110101110001101
0110101110001110
0110101110001111
0110101110010100
0110101110010110
0110101110011001
0110101110011010
0110101110011101
0110101110011110
0110101110011111
0110101110100010
0110101110100011
0110101110100100
0110101110101000
0110101110101110
0110101110101111
0110101110110000
0110101110110010
0110101110110011
0110101110110100
0110101110111000
0110101110111001
0110101110111010
0110101110111101
0110101110111110
0110101111010110
0110101111011000
0110101111011001
0110101111011010
0110101111011101
0110101111011110
0110101111100000
0110101111100010
0110101111100100
0110101111100101
0110101111100110
0110101111101000
0110101111101001
0110101111101010
0110110001011110
0110110001100000
0110110001100010
0110110001101110
0110110001110000
0110110001110010
0110110001111110
0110110010001110
0110110010011110
0110110010100010
0110110010101110
0110110010110000
0110110010110010
0110110010111110
0110110011011110
0110110011100000
0110110011100010
0110110011101110
0110110101001110
0110110101100010
0110110101101110
0110110101110000
0110110101110010
0110110101111110
0110110110001110
0110110110011110
0110110110100010
0110110110101110
0110110110110010
0110110110111110
0110110111011110
0110110111100000
0110110111100010
0110110111101110
0111001000110010
0111001001001001
0111001001001010
0111001001001101
0111001001001110
0111001001001111
0111001001010010
0111001001010110
0111001001011001
0111001001011010
0111001001011101
0111001001011110
0111001001011111
0111001001100010
0111001001100101
0111001001100110
0111001001101001
0111001001101010
0111001001110011
0111001001110101
0111001001110110
0111001001111001
0111001001111010
0111001010001001
0111001010001010
0111001010001101
0111001010001110
0111001010001111
0111001010010010
0111001010010011
0111001010010110
0111001010011001
0111001010011010
0111001010011101
0111001010011110
0111001010011111
0111001010100010
0111001010100011
0111001010100110
0111001010110010
0111001010110011
0111001010110110
0111001010111001
0111001010111010
0111001011010010
0111001011010011
0111001011010110
0111001011011001
0111001011011010
0111001011011101
0111001011011110
0111001011100010
0111001011100011
0111001011100101
0111001011100110
0111001011101001
0111001011101010
0111001100110000
0111001100110010
0111001101000100
0111001101000101
0111001101001000
0111001101001001
0111001101001010
0111001101001101
0111001101001110
0111001101001111
0111001101010000
0111001101010010
0111001101010011
0111001101010100
0111001101010110
0111001101011000
0111001101011001
0111001101011010
0111001101011101
0111001101011110
0111001101011111
0111001101100000
0111001101100010
0111001101100011
0111001101100101
0111001101100110
0111001101101000
0111001101101001
0111001101101010
0111001101110000
0111001101110010
0111001101110100
0111001101110101
0111001101110110
0111001101111000
0111001101111001
0111001101111010
0111001110000101
0111001110000110
0111001110001001
0111001110001010
0111001110001101
0111001110001110
0111001110001111
0111001110010010
0111001110010011
0111001110010100
0111001110010101
0111001110010110
0111001110011000
0111001110011001
0111001110011010
0111001110011101
0111001110011110
0111001110011111
0111001110100010
0111001110100011
0111001110100100
0111001110100101
0111001110100110
0111001110101000
0111001110101001
0111001110101010
0111001110110000
0111001110110010
0111001110110011
0111001110110100
0111001110110101
0111001110110110
0111001110111000
0111001110111001
0111001110111010
0111001111010000
0111001111010010
0111001111010011
0111001111010100
0111001111010110
0111001111011000
0111001111011001
0111001111011010
0111001111011101
0111001111011110
0111001111100000
0111001111100010
0111001111100011
0111001111100100
0111001111100101
0111001111100110
0111001111101000
0111001111101001
0111001111101010
0111010000110000
0111010000110010
0111010001001010
0111010001001110
0111010001010010
0111010001011000
0111010001011010
0111010001011110
0111010001100010
0111010001100100
0111010001100110
0111010001101000
0111010001101010
0111010001110000
0111010001110010
0111010001110110
0111010001111000
0111010001111010
0111010010001010
0111010010001110
0111010010010100
0111010010010110
0111010010011000
0111010010011010
0111010010011110
0111010010100010
0111010010100100
0111010010100110
0111010010101000
0111010010110010
0111010010110100
0111010010110110
0111010010111000
0111010010111010
0111010011010000
0111010011010010
0111010011010100
0111010011010110
0111010011011000
0111010011011010
0111010011011110
0111010011100000
0111010011100010
0111010011100100
0111010011100110
0111010011101000
0111010011101010
0111010100110000
0111010100110010
0111010101000110
0111010101011110
0111010101100010
0111010101100100
0111010101101000
0111010101110000
0111010101110010
0111010101110100
0111010101110110
0111010101111000
0111010101111010
0111010110000110
0111010110001010
0111010110001110
0111010110010100
0111010110010110
0111010110011000
0111010110011010
0111010110011110
0111010110100100
0111010110100110
0111010110101000
0111010110110000
0111010110110010
0111010110110100
0111010110110110
0111010110111000
0111010110111010
0111010111010000
0111010111010010
0111010111010100
0111010111010110
0111010111011000
0111010111011010
0111010111011110
0111010111100000
0111010111100010
0111010111100100
0111010111100110
0111010111101000
0111010111101010
0111011001001110
0111011001010000
0111011001010010
0111011001011110
0111011001100000
0111011001100010
0111011001110000
0111011001110010
0111011010001110
0111011010010010
0111011010011110
0111011010100010
0111011010110000
0111011011010010
0111011011011110
0111011011100000
0111011011100010
0111011101001110
0111011101010000
0111011101010010
0111011101011110
0111011101100000
0111011101100010
0111011101110000
0111011101110010
0111011110001110
0111011110010010
0111011110011110
0111011110100010
0111011110110000
0111011110110010
0111011111010000
0111011111010010
0111011111011110
0111011111100010
0111100000110010
0111100001001001
0111100001001010
0111100001001101
0111100001001110
0111100001001111
0111100001010010
0111100001010011
0111100001010101
0111100001010110
0111100001011001
0111100001011101
0111100001011110
0111100001011111
0111100001100010
0111100001100011
0111100001100101
0111100001100110
0111100001101010
0111100001110010
0111100001110011
0111100001110101
0111100001111001
0111100001111010
0111100010001010
0111100010001101
0111100010001110
0111100010001111
0111100010010010
0111100010010011
0111100010010101
0111100010011001
0111100010011010
0111100010011101
0111100010011110
0111100010011111
0111100010100010
0111100010100011
0111100010100110
0111100010101001
0111100010101010
0111100010110010
0111100010110011
0111100010110101
0111100010110110
0111100010111001
0111100010111010
0111100011010011
0111100011010101
0111100011010110
0111100011011001
0111100011011010
0111100011011101
0111100011011110
0111100011100010
0111100011100011
0111100011100101
0111100011100110
0111100011101001
0111100011101010
0111100100110000
0111100100110010
0111100101000100
0111100101000101
0111100101000110
0111100101001000
0111100101001001
0111100101001010
0111100101001101
0111100101001110
0111100101001111
0111100101010000
0111100101010010
0111100101010011
0111100101010100
0111100101010110
0111100101011000
0111100101011001
0111100101011010
0111100101011101
0111100101011110
0111100101011111
0111100101100000
0111100101100010
0111100101100011
0111100101100100
0111100101100101
0111100101100110
0111100101101001
0111100101110000
0111100101110010
0111100101110011
0111100101110100
0111100101110101
0111100101110110
0111100101111000
0111100101111010
0111100110000101
0111100110000110
0111100110001001
0111100110001010
0111100110001101
0111100110001110
0111100110001111
0111100110010010
0111100110010011
0111100110010100
0111100110010101
0111100110011001
0111100110011010
0111100110011101
0111100110011110
0111100110011111
0111100110100010
0111100110100011
0111100110100100
0111100110100101
0111100110101000
0111100110101001
0111100110101010
0111100110110000
0111100110110010
0111100110110011
0111100110110100
0111100110110110
0111100110111000
0111100110111001
0111100110111010
0111100111010000
0111100111010010
0111100111010100
0111100111010110
0111100111011000
0111100111011001
0111100111011010
0111100111011101
0111100111011110
0111100111100011
0111100111100100
0111100111100101
0111100111100110
0111100111101001
0111100111101010
0111101000110010
0111101001000101
0111101001000110
0111101001001001
0111101001001010
0111101001010010
0111101001010011
0111101001010110
0111101001011001
0111101001011010
0111101001100010
0111101001100011
0111101001110010
0111101001110011
0111101010000101
0111101010000110
0111101010001010
0111101010001101
0111101010001110
0111101010001111
0111101010010010
0111101010010011
0111101010010110
0111101010011001
0111101010011010
0111101010011110
0111101010100010
0111101010100011
0111101010110010
0111101010110011
0111101011100010
0111101100110000
0111101100110010
0111101101000100
0111101101000101
0111101101000110
0111101101001000
0111101101001001
0111101101001010
0111101101010000
0111101101010010
0111101101010011
0111101101010100
0111101101010110
0111101101011000
0111101101011001
0111101101011010
0111101101100000
0111101101100010
0111101101100011
0111101101110000
0111101101110010
0111101101110011
0111101110000101
0111101110000110
0111101110001001
0111101110001101
0111101110001110
0111101110001111
0111101110010010
0111101110010011
0111101110010100
0111101110010101
0111101110010110
0111101110011000
0111101110011010
0111101110011101
0111101110011110
0111101110011111
0111101110100010
0111101110100011
0111101110100100
0111101110100101
0111101110100110
0111101110101001
0111101110101010
0111101110110000
0111101110110010
0111101110110011
0111101110110100
0111101110110101
0111101110111001
0111101110111010
0111101111010000
0111101111010010
0111101111010011
0111101111010100
0111101111010110
0111101111011000
0111101111011001
0111101111011010
0111101111100010
0111101111100011
0111110001001110
0111110001010000
0111110001010010
0111110001100000
0111110001100010
0111110001110000
0111110001110010
0111110010001110
0111110010010010
0111110010011110
0111110010100010
0111110010110010
0111110011010000
0111110011010010
0111110011011110
0111110011100000
0111110011100010
0111110101001110
0111110101010000
0111110101011110
0111110101100000
0111110101100010
0111110101110000
0111110101110010
0111110110001110
0111110110010010
0111110110011110
0111110110100010
0111110110110000
0111110110110010
0111110111010000
0111110111010010
0111110111011110
0111110111100000
0111110111100010
1000001100100100
1000001100100101
1000001100100110
1000001100100111
1000001100101011
1000001100101101
1000001100101110
1000001100101111
1000001100110000
1000001100110010
1000001100110011
1000001100110100
1000001100110101
1000001100110110
1000001100111010
1000001100111011
1000001100111101
1000001100111110
1000001100111111
1000001101000100
1000001101000101
1000001101000110
1000001101001001
1000001101001010
1000001101001011
1000001101001111
1000001101010100
1000001101010101
1000001101010111
1000001101011000
1000001101011001
1000001101011010
1000001101011011
1000001101011111
1000001101100011
1000001101100100
1000001101100110
1000001101100111
1000001101101000
1000001101101001
1000001101101010
1000001101101011
1000001101101111
1000001101110011
1000001101110101
1000001101110110
1000001101110111
1000001101111000
1000001101111001
1000001101111010
1000001101111011
1000001110000101
1000001110000110
1000001110000111
1000001110001001
1000001110001011
1000001110001111
1000001110010100
1000001110010101
1000001110010110
1000001110010111
1000001110011000
1000001110011001
1000001110011010
1000001110011011
1000001110011111
1000001110100011
1000001110100100
1000001110100101
1000001110100110
1000001110100111
1000001110101001
1000001110101011
1000001110101111
1000001110110011
1000001110110100
1000001110110101
1000001110110110
1000001110110111
1000001110111000
1000001110111001
1000001110111010
1000001110111011
1000001111010100
1000001111010101
1000001111010110
1000001111010111
1000001111011000
1000001111011001
1000001111011010
1000001111011011
1000001111100011
1000001111100100
1000001111100101
1000001111100110
1000001111100111
1000001111101000
1000001111101001
1000001111101010
1000001111101011
1000010100111101
1000010100111110
1000010101000110
1000010101100100
1000010101100101
1000010101100110
1000010101101001
1000010101110100
1000010101110101
1000010101111000
1000010101111001
1000010101111010
1000010110100100
1000010110100101
1000010110100110
1000010110101000
1000010110101001
1000010110110100
1000010110110101
1000010110110110
1000010110111000
1000010110111001
1000010110111010
1000010111010100
1000010111010101
1000010111010110
1000010111011000
1000010111011001
1000010111011010
1000010111100100
1000010111100101
1000010111100110
1000010111101000
1000010111101001
1000010111101010
1000011000100100
1000011000100101
1000011000100110
1000011000101001
1000011000101101
1000011000101110
1000011000101111
1000011000110000
1000011000110010
1000011000110011
1000011000110100
1000011000110101
1000011000110110
1000011000111000
1000011000111001
1000011000111010
1000011000111101
1000011000111110
1000011000111111
1000011001000100
1000011001000101
1000011001000110
1000011001000111
1000011001001000
1000011001001001
1000011001001011
1000011001001101
1000011001001110
1000011001001111
1000011001010100
1000011001010101
1000011001010110
1000011001010111
1000011001011010
1000011001011011
1000011001011101
1000011001011110
1000011001011111
1000011001100000
1000011001100010
1000011001100011
1000011001100100
1000011001100101
1000011001100110
1000011001101010
1000011001101011
1000011001101101
1000011001101110
1000011001101111
1000011001110000
1000011001110010
1000011001110011
1000011001110100
1000011001110101
1000011001110110
1000011001111001
1000011001111010
1000011001111011
1000011001111101
1000011001111110
1000011010000101
1000011010000111
1000011010001001
1000011010001011
1000011010001101
1000011010001110
1000011010001111
1000011010010100
1000011010010110
1000011010010111
1000011010011000
1000011010011001
1000011010011010
1000011010011011
1000011010011101
1000011010011110
1000011010011111
1000011010100011
1000011010100101
1000011010100110
1000011010100111
1000011010101001
1000011010101011
1000011010101101
1000011010101110
1000011010101111
1000011010110000
1000011010110010
1000011010110100
1000011010110101
1000011010110110
1000011010110111
1000011010111000
1000011010111001
1000011010111010
1000011010111011
1000011010111101
1000011010111110
1000011011010100
1000011011010101
1000011011010110
1000011011010111
1000011011011000
1000011011011001
1000011011011010
1000011011011011
1000011011011101
1000011011011110
1000011011100010
1000011011100011
1000011011100100
1000011011100101
1000011011100110
1000011011100111
1000011011101000
1000011011101001
1000011011101010
1000011011101011
1000011011101101
1000011011101110
1000011100100100
1000011100100101
1000011100100110
1000011100101000
1000011100101001
1000011100101010
1000011100101110
1000011100110000
1000011100110010
1000011100110100
1000011100110101
1000011100110110
1000011100111000
1000011100111001
1000011100111010
1000011100111101
1000011100111110
1000011101000100
1000011101000101
1000011101000110
1000011101001000
1000011101001001
1000011101001010
1000011101001101
1000011101001110
1000011101010100
1000011101010110
1000011101011000
1000011101011001
1000011101011101
1000011101011110
1000011101100000
1000011101100010
1000011101100100
1000011101100101
1000011101100110
1000011101101010
1000011101101101
1000011101101110
1000011101110000
1000011101110010
1000011101110100
1000011101110101
1000011101111010
1000011101111101
1000011101111110
1000011110000101
1000011110000110
1000011110001010
1000011110001101
1000011110001110
1000011110010100
1000011110010101
1000011110011001
1000011110011010
1000011110011101
1000011110011110
1000011110100010
1000011110100100
1000011110100110
1000011110101000
1000011110101001
1000011110101010
1000011110101101
1000011110101110
1000011110110000
1000011110110010
1000011110110101
1000011110110110
1000011110111000
1000011110111001
1000011110111010
1000011110111101
1000011110111110
1000011111010100
1000011111010110
1000011111011001
1000011111011010
1000011111011101
1000011111011110
1000011111100010
1000011111100100
1000011111100101
1000011111100110
1000011111101000
1000011111101001
1000011111101010
1000011111101101
1000011111101110
1000100100100110
1000100100100111
1000100100101011
1000100100101101
1000100100101110
1000100100110000
1000100100110010
1000100100110011
1000100100110100
1000100100110101
1000100100110110
1000100100110111
1000100100111000
1000100100111001
1000100100111010
1000100100111011
1000100100111101
1000100100111111
1000100101000110
1000100101000111
1000100101001011
1000100101001111
1000100101010111
1000100101011000
1000100101011001
1000100101011011
1000100101011111
1000100101100011
1000100101100100
1000100101100101
1000100101100110
1000100101100111
1000100101101000
1000100101101001
1000100101101111
1000100101110011
1000100101110100
1000100101110101
1000100101110110
1000100101110111
1000100101111001
1000100101111011
1000100110000101
1000100110000110
1000100110001011
1000100110001111
1000100110010100
1000100110010101
1000100110010110
1000100110011011
1000100110011111
1000100110100011
1000100110100100
1000100110100101
1000100110100110
1000100110101011
1000100110101111
1000100110110011
1000100110110100
1000100110110101
1000100110110111
1000100110111000
1000100110111001
1000100110111010
1000100110111011
1000100111010110
1000100111010111
1000100111011000
1000100111011001
1000100111011010
1000100111011011
1000100111100100
1000100111100101
1000100111100110
1000100111100111
1000100111101000
1000100111101001
1000100111101010
1000100111101011
1000101000100111
1000101000101101
1000101000101111
1000101000110011
1000101000110101
1000101000110110
1000101000110111
1000101000111001
1000101000111011
1000101000111101
1000101000111110
1000101001000110
1000101001000111
1000101001001011
1000101001001111
1000101001010111
1000101001011001
1000101001011011
1000101001011111
1000101001100011
1000101001100101
1000101001100110
1000101001100111
1000101001101001
1000101001101011
1000101001110011
1000101001110110
1000101001110111
1000101001111001
1000101001111010
1000101010000111
1000101010001111
1000101010010111
1000101010011011
1000101010101111
1000101010110011
1000101010111001
1000101010111011
1000101011010111
1000101011011001
1000101011011011
1000101011100011
1000101011100101
1000101011100110
1000101011100111
1000101011101001
1000101011101011
1000101100100100
1000101100100101
1000101100100110
1000101100100111
1000101100101001
1000101100101011
1000101100101101
1000101100101110
1000101100101111
1000101100110000
1000101100110010
1000101101000110
1000101101001000
1000101101001001
1000101101001011
1000101101010111
1000101101011000
1000101101011001
1000101101011011
1000101101011111
1000101101100011
1000101101100100
1000101101100101
1000101101100110
1000101101100111
1000101101101000
1000101101101001
1000101101101011
1000101110000101
1000101110000110
1000101110000111
1000101110001001
1000101110001111
1000101110010100
1000101110010101
1000101110010110
1000101110010111
1000101110011000
1000101110011001
1000101110011011
1000101110011111
1000101110100011
1000101110100100
1000101110100101
1000101110100110
1000101110100111
1000101110101011
1000101110101111
1000101110110011
1000101110110100
1000101110110101
1000101110110110
1000101110111010
1000101110111011
1000101111010100
1000101111010101
1000101111010111
1000101111011000
1000101111011001
1000101111011010
1000101111011011
1000101111100011
1000101111100100
1000101111100110
1000101111100111
1000101111101000
1000101111101001
1000101111101010
1000101111101011
1000110000100100
1000110000100101
1000110000100110
1000110000101001
1000110000101101
1000110000101110
1000110000101111
1000110000110000
1000110000110010
1000110000110011
1000110000110100
1000110000110101
1000110000110110
1000110000111000
1000110000111001
1000110000111010
1000110000111101
1000110000111110
1000110000111111
1000110001000100
1000110001000101
1000110001000111
1000110001001000
1000110001001001
1000110001001010
1000110001001011
1000110001001101
1000110001001110
1000110001001111
1000110001010100
1000110001010101
1000110001010110
1000110001010111
1000110001011000
1000110001011001
1000110001011010
1000110001011011
1000110001011101
1000110001011110
1000110001100000
1000110001100010
1000110001100011
1000110001100100
1000110001100101
1000110001100110
1000110001100111
1000110001101000
1000110001101001
1000110001101010
1000110001101011
1000110001101101
1000110001101111
1000110001110000
1000110001110010
1000110001110011
1000110001110100
1000110001110101
1000110001110110
1000110001110111
1000110001111000
1000110001111001
1000110001111010
1000110001111011
1000110001111110
1000110010000101
1000110010000110
1000110010000111
1000110010001001
1000110010001011
1000110010001101
1000110010001110
1000110010001111
1000110010010100
1000110010010101
1000110010010110
1000110010010111
1000110010011000
1000110010011001
1000110010011010
1000110010011101
1000110010011110
1000110010011111
1000110010100011
1000110010100100
1000110010100101
1000110010100110
1000110010100111
1000110010101001
1000110010101011
1000110010101101
1000110010101110
1000110010101111
1000110010110000
1000110010110010
1000110010110011
1000110010110100
1000110010110101
1000110010110110
1000110010110111
1000110010111010
1000110010111011
1000110010111101
1000110010111110
1000110011010100
1000110011010101
1000110011010110
1000110011011001
1000110011011010
1000110011011011
1000110011011101
1000110011011110
1000110011100000
1000110011100010
1000110011100011
1000110011100100
1000110011100101
1000110011100111
1000110011101000
1000110011101001
1000110011101010
1000110011101011
1000110011101101
1000110011101110
1000110100100100
1000110100100101
1000110100100110
1000110100101000
1000110100101001
1000110100101101
1000110100101110
1000110100110000
1000110100110010
1000110100110100
1000110100110101
1000110100110110
1000110100111000
1000110100111001
1000110100111010
1000110100111101
1000110100111110
1000110101000100
1000110101000101
1000110101000110
1000110101001000
1000110101001001
1000110101001101
1000110101001110
1000110101011000
1000110101011001
1000110101011101
1000110101011110
1000110101100000
1000110101100010
1000110101100100
1000110101100101
1000110101100110
1000110101101000
1000110101101001
1000110101101101
1000110101101110
1000110101110000
1000110101110010
1000110101110100
1000110101110101
1000110101110110
1000110101111000
1000110101111001
1000110101111010
1000110101111101
1000110110000101
1000110110000110
1000110110001001
1000110110001010
1000110110001110
1000110110010100
1000110110010101
1000110110010110
1000110110011000
1000110110011001
1000110110011010
1000110110011101
1000110110011110
1000110110100010
1000110110100100
1000110110100101
1000110110100110
1000110110101000
1000110110101001
1000110110101101
1000110110101110
1000110110110000
1000110110110010
1000110110110100
1000110110110101
1000110110110110
1000110110111000
1000110110111001
1000110110111101
1000110110111110
1000110111010100
1000110111010101
1000110111010110
1000110111011010
1000110111011101
1000110111011110
1000110111100000
1000110111100010
1000110111100100
1000110111100101
1000110111100110
1000110111101001
1000110111101010
1000110111101101
1000110111101110
1000111000101101
1000111000101110
1000111000110000
1000111000110010
1000111001000100
1000111001000101
1000111001000110
1000111001001000
1000111001001001
1000111001001010
1000111001001101
1000111001001110
1000111001001111
1000111001010100
1000111001010110
1000111001011000
1000111001011001
1000111001011010
1000111001011101
1000111001011110
1000111001011111
1000111001100000
1000111001100010
1000111001100011
1000111001100100
1000111001100101
1000111001100110
1000111001101000
1000111001101001
1000111001101010
1000111001110000
1000111001110010
1000111001110011
1000111001110100
1000111001110101
1000111001110110
1000111001111000
1000111001111001
1000111001111010
1000111010000101
1000111010000110
1000111010001001
1000111010001101
1000111010001111
1000111010010100
1000111010010110
1000111010011000
1000111010011001
1000111010011010
1000111010011110
1000111010011111
1000111010100011
1000111010100100
1000111010100110
1000111010101101
1000111010101110
1000111010101111
1000111010110000
1000111010110010
1000111010110011
1000111010110100
1000111010110101
1000111010110110
1000111010111000
1000111010111001
1000111010111010
1000111010111101
1000111010111110
1000111011010100
1000111011010101
1000111011010110
1000111011011010
1000111011011101
1000111011011110
1000111011100000
1000111011100010
1000111011100011
1000111011100100
1000111011100101
1000111011100110
1000111011101010
1000111100101101
1000111100101110
1000111100110000
1000111100110010
1000111100111101
1000111100111110
1000111101000100
1000111101000101
1000111101000110
1000111101001000
1000111101001001
1000111101001010
1000111101001101
1000111101001110
1000111101010100
1000111101010110
1000111101011000
1000111101011001
1000111101011010
1000111101011101
1000111101011110
1000111101100000
1000111101100010
1000111101100100
1000111101100101
1000111101100110
1000111101101000
1000111101101001
1000111101101010
1000111101110010
1000111101110100
1000111101110101
1000111101110110
1000111110000101
1000111110000110
1000111110001001
1000111110001010
1000111110001101
1000111110001110
1000111110010100
1000111110010110
1000111110011000
1000111110011001
1000111110011010
1000111110011101
1000111110100010
1000111110100100
1000111110100110
1000111110101000
1000111110101110
1000111110110000
1000111110110010
1000111110110100
1000111110110101
1000111110110110
1000111111010100
1000111111010110
1001001000101011
1001001000110010
1001001000110011
1001001000110101
1001001000110110
1001001000110111
1001001000111010
1001001000111011
1001001001001011
1001001001001111
1001001001010011
1001001001010111
1001001001011001
1001001001011011
1001001001011111
1001001001100011
1001001001100110
1001001001100111
1001001001101001
1001001001101011
1001001001110011
1001001001110110
1001001001110111
1001001001111001
1001001001111010
1001001001111011
1001001010001011
1001001010001111
1001001010010011
1001001010010111
1001001010011001
1001001010011011
1001001010100011
1001001010110011
1001001010110111
1001001010111001
1001001010111011
1001001011010011
1001001011010111
1001001011011001
1001001011011011
1001001011100011
1001001011100101
1001001011100110
1001001011100111
1001001011101001
1001001011101011
1001001100100100
1001001100100101
1001001100100110
1001001100100111
1001001100101000
1001001100101011
1001001100110000
1001001100110010
1001001100110011
1001001100110100
1001001100110101
1001001100110110
1001001100110111
1001001100111011
1001001101000100
1001001101000101
1001001101000110
1001001101000111
1001001101001011
1001001101001111
1001001101010011
1001001101011000
1001001101011001
1001001101011011
1001001101011111
1001001101100011
1001001101100100
1001001101100101
1001001101100111
1001001101101000
1001001101101001
1001001101101011
1001001101110011
1001001101110100
1001001101110110
1001001101110111
1001001101111000
1001001101111001
1001001101111010
1001001101111011
1001001110000101
1001001110000110
1001001110000111
1001001110001001
1001001110001010
1001001110001011
1001001110001111
1001001110010100
1001001110010110
1001001110010111
1001001110011000
1001001110011001
1001001110011010
1001001110011011
1001001110011111
1001001110100011
1001001110100100
1001001110100110
1001001110100111
1001001110101011
1001001110110011
1001001110110100
1001001110110101
1001001110110110
1001001110110111
1001001110111000
1001001110111001
1001001110111010
1001001110111011
1001001111010011
1001001111010100
1001001111010110
1001001111010111
1001001111011000
1001001111011001
1001001111011010
1001001111011011
1001001111100011
1001001111100100
1001001111100110
1001001111100111
1001001111101000
1001001111101011
1001010000110000
1001010000110010
1001010000110011
1001010000110100
1001010000110101
1001010000110110
1001010000110111
1001010000111000
1001010000111011
1001010001001011
1001010001001111
1001010001010011
1001010001010111
1001010001011011
1001010001011111
1001010001100011
1001010001100100
1001010001100101
1001010001100110
1001010001101000
1001010001101001
1001010001101011
1001010001110011
1001010001110100
1001010001110111
1001010001111000
1001010001111001
1001010001111010
1001010001111011
1001010010001011
1001010010001111
1001010010010111
1001010010011000
1001010010011001
1001010010011011
1001010010110011
1001010010110111
1001010010111000
1001010010111001
1001010010111011
1001010011010011
1001010011010111
1001010011011000
1001010011011001
1001010011011011
1001010011100011
1001010011100100
1001010011100110
1001010011100111
1001010011101000
1001010011101011
1001010100110000
1001010100111000
1001010101111000
1001010101111001
1001010110000101
1001010110001001
1001010110011000
1001010110011001
1001010110111000
1001010110111001
1001010111011000
1001010111011001
1001010111100100
1001010111100101
1001010111100110
1001010111101000
1001010111101001
1001011000100100
1001011000100101
1001011000100110
1001011000101000
1001011000101001
1001011000110000
1001011000110010
1001011000110011
1001011000110100
1001011000110110
1001011000111000
1001011000111001
1001011000111010
1001011001000100
1001011001000101
1001011001000110
1001011001000111
1001011001001000
1001011001001001
1001011001001101
1001011001001110
1001011001010111
1001011001011000
1001011001011011
1001011001011101
1001011001011110
1001011001011111
1001011001100000
1001011001100010
1001011001100011
1001011001100100
1001011001100101
1001011001100110
1001011001100111
1001011001101011
1001011001110000
1001011001110010
1001011001110011
1001011001110100
1001011001110101
1001011001110110
1001011010000101
1001011010000110
1001011010001001
1001011010001011
1001011010001101
1001011010001110
1001011010001111
1001011010010011
1001011010010111
1001011010011000
1001011010011001
1001011010011011
1001011010011101
1001011010011110
1001011010011111
1001011010100011
1001011010100111
1001011010110000
1001011010110011
1001011010110111
1001011010111000
1001011010111001
1001011010111011
1001011011010000
1001011011010011
1001011011010111
1001011011011000
1001011011011001
1001011011011011
1001011011011101
1001011011011110
1001011011100000
1001011011100010
1001011011100011
1001011011100100
1001011011100101
1001011011100110
1001011011100111
1001011011101000
1001011011101001
1001011011101011
1001011100100100
1001011100100101
1001011100100110
1001011100101000
1001011100101001
1001011100110000
1001011100110010
1001011100110100
1001011100110101
1001011100110110
1001011100111000
1001011100111001
1001011100111010
1001011101000100
1001011101000101
1001011101000110
1001011101001000
1001011101001001
1001011101001101
1001011101001110
1001011101010000
1001011101011000
1001011101011001
1001011101011101
1001011101011110
1001011101100000
1001011101100010
1001011101100100
1001011101100101
1001011101100110
1001011101110000
1001011101110010
1001011101110100
1001011101110101
1001011101110110
1001011110000101
1001011110000110
1001011110001010
1001011110001101
1001011110001110
1001011110010010
1001011110010100
1001011110010101
1001011110010110
1001011110011001
1001011110011010
1001011110011101
1001011110011110
1001011110100010
1001011110100100
1001011110100101
1001011110101000
1001011110101001
1001011110110000
1001011110110010
1001011110110100
1001011110110110
1001011110111000
1001011110111001
1001011110111010
1001011111010000
1001011111010010
1001011111010100
1001011111010110
1001011111011000
1001011111011001
1001011111011010
1001011111011101
1001011111011110
1001011111100100
1001011111100101
1001011111100110
1001011111101000
1001011111101001
1001011111101010
1001100000101001
1001100000101011
1001100000110010
1001100000110011
1001100000110101
1001100000110110
1001100000110111
1001100000111001
1001100000111010
1001100000111011
1001100001001001
1001100001001010
1001100001001011
1001100001001111
1001100001010011
1001100001010101
1001100001010110
1001100001010111
1001100001011001
1001100001011010
1001100001011011
1001100001011111
1001100001100011
1001100001100101
1001100001100110
1001100001100111
1001100001101001
1001100001101010
1001100001110011
1001100001110101
1001100001110110
1001100001110111
1001100001111011
1001100010001011
1001100010001111
1001100010010011
1001100010010101
1001100010010110
1001100010010111
1001100010011011
1001100010011111
1001100010100011
1001100010100101
1001100010100110
1001100010101011
1001100010110011
1001100010110101
1001100010110111
1001100010111001
1001100010111010
1001100010111011
1001100011010011
1001100011010101
1001100011010110
1001100011010111
1001100011011001
1001100011011010
1001100011011011
1001100011100101
1001100011100110
1001100011100111
1001100011101001
1001100011101010
1001100011101011
1001100100100100
1001100100100101
1001100100100110
1001100100100111
1001100100101000
1001100100101001
1001100100101011
1001100100110000
1001100100110010
1001100100110011
1001100100110100
1001100100110101
1001100100110110
1001100100110111
1001100100111000
1001100100111001
1001100100111010
1001100100111011
1001100101000100
1001100101000101
1001100101000110
1001100101000111
1001100101001000
1001100101001001
1001100101001011
1001100101001111
1001100101010011
1001100101010111
1001100101011000
1001100101011001
1001100101011011
1001100101011111
1001100101100011
1001100101100100
1001100101110011
1001100101110100
1001100101110101
1001100101110110
1001100101110111
1001100101111000
1001100101111001
1001100101111010
1001100110000101
1001100110000110
1001100110000111
1001100110001011
1001100110001111
1001100110010011
1001100110010100
1001100110010101
1001100110010110
1001100110010111
1001100110011011
1001100110011111
1001100110100011
1001100110100100
1001100110100101
1001100110100110
1001100110100111
1001100110101011
1001100110110011
1001100110110100
1001100110110101
1001100110110110
1001100110111000
1001100110111001
1001100110111010
1001100110111011
1001100111010011
1001100111010100
1001100111010110
1001100111010111
1001100111011000
1001100111011001
1001100111011010
1001100111011011
1001100111100011
1001100111100101
1001100111100110
1001100111100111
1001100111101000
1001100111101001
1001100111101010
1001100111101011
1001101000100101
1001101000100110
1001101000100111
1001101000101001
1001101000101011
1001101000110010
1001101000110011
1001101000110101
1001101000110110
1001101000111010
1001101000111011
1001101001000101
1001101001000110
1001101001000111
1001101001001001
1001101001001011
1001101001010011
1001101001010111
1001101001011001
1001101001011011
1001101001100011
1001101001110011
1001101010000101
1001101010000110
1001101010000111
1001101010001111
1001101010010011
1001101010010111
1001101010011011
1001101010100011
1001101010110111
1001101010111011
1001101011010011
1001101011010111
1001101011011001
1001101011011011
1001101011100011
1001101100100100
1001101100100101
1001101100100110
1001101100100111
1001101100101000
1001101100101001
1001101100101011
1001101100110000
1001101100110010
1001101100110011
1001101100110100
1001101100110101
1001101100110110
1001101100110111
1001101100111000
1001101100111001
1001101100111010
1001101100111011
1001101101000100
1001101101000101
1001101101000110
1001101101000111
1001101101001000
1001101101001001
1001101101001011
1001101101010011
1001101101010111
1001101101011000
1001101101011001
1001101101011011
1001101101100011
1001101101110011
1001101110000101
1001101110000110
1001101110000111
1001101110001001
1001101110001010
1001101110001011
1001101110001111
1001101110010011
1001101110010100
1001101110010101
1001101110010110
1001101110010111
1001101110011000
1001101110011001
1001101110011010
1001101110011111
1001101110100011
1001101110100100
1001101110100101
1001101110100110
1001101110100111
1001101110101000
1001101110101011
1001101110110011
1001101110110100
1001101110110101
1001101110110110
1001101110110111
1001101110111011
1001101111010011
1001101111010100
1001101111010110
1001101111011000
1001101111011001
1001101111011010
1001101111011011
1001101111100011
1001110000100100
1001110000100101
1001110000100110
1001110000101000
1001110000101001
1001110000101010
1001110000110000
1001110000110010
1001110000110011
1001110000110100
1001110000110101
1001110000110110
1001110000111000
1001110000111001
1001110000111010
1001110001000100
1001110001000101
1001110001000110
1001110001000111
1001110001001000
1001110001001001
1001110001001010
1001110001001011
1001110001001101
1001110001001110
1001110001001111
1001110001010000
1001110001010010
1001110001010011
1001110001010100
1001110001010110
1001110001010111
1001110001011000
1001110001011001
1001110001011010
1001110001011011
1001110001011101
1001110001011110
1001110001011111
1001110001100000
1001110001100010
1001110001100011
1001110001100100
1001110001100101
1001110001100110
1001110001100111
1001110001101001
1001110001101010
1001110001101011
1001110001110000
1001110001110010
1001110001110011
1001110001110100
1001110001110101
1001110001110110
1001110001110111
1001110001111000
1001110001111001
1001110001111010
1001110001111011
1001110010000101
1001110010000110
1001110010000111
1001110010001001
1001110010001010
1001110010001011
1001110010001110
1001110010001111
1001110010010010
1001110010010011
1001110010010100
1001110010010110
1001110010010111
1001110010011000
1001110010011001
1001110010011010
1001110010011011
1001110010011101
1001110010011110
1001110010011111
1001110010100010
1001110010100011
1001110010100100
1001110010100110
1001110010100111
1001110010101000
1001110010110000
1001110010110010
1001110010110011
1001110010110100
1001110010110101
1001110010110110
1001110010110111
1001110010111000
1001110010111011
1001110011010000
1001110011010010
1001110011010011
1001110011010100
1001110011010110
1001110011010111
1001110011011010
1001110011011011
1001110011011101
1001110011011110
1001110011100000
1001110011100010
1001110011100011
1001110011100100
1001110011100101
1001110011100110
1001110011101000
1001110011101001
1001110011101010
1001110011101011
1001110100100100
1001110100100110
1001110100101000
1001110100110000
1001110100110010
1001110100110100
1001110100110110
1001110100111000
1001110100111001
1001110100111010
1001110101000100
1001110101000110
1001110101001000
1001110101001110
1001110101010000
1001110101011000
1001110101011001
1001110101011101
1001110101011110
1001110101100000
1001110101100010
1001110101100100
1001110101100101
1001110101100110
1001110101101000
1001110101101001
1001110101110000
1001110101110010
1001110110000110
1001110110001001
1001110110001010
1001110110001101
1001110110010010
1001110110010100
1001110110010101
1001110110010110
1001110110011000
1001110110011001
1001110110011010
1001110110011110
1001110110100010
1001110110100100
1001110110100101
1001110110100110
1001110110101000
1001110110101001
1001110110110000
1001110110110010
1001110110110100
1001110110110101
1001110110110110
1001110110111000
1001110110111001
1001110110111010
1001110111010000
1001110111010010
1001110111010100
1001110111010110
1001110111011101
1001110111011110
1001110111100000
1001110111100010
1001110111100100
1001110111100101
1001110111100110
1001110111101010
1001111000110000
1001111000110010
1001111001000100
1001111001000101
1001111001000110
1001111001001000
1001111001001010
1001111001010000
1001111001010010
1001111001010011
1001111001010100
1001111001010110
1001111001011000
1001111001011001
1001111001011010
1001111001100000
1001111001100010
1001111001100011
1001111001110000
1001111001110010
1001111001110011
1001111010000101
1001111010000110
1001111010001001
1001111010001010
1001111010001101
1001111010001110
1001111010010010
1001111010010011
1001111010010100
1001111010010110
1001111010011000
1001111010011001
1001111010011010
1001111010100010
1001111010100011
1001111010100100
1001111010100110
1001111010101000
1001111010110000
1001111010110010
1001111010110011
1001111010110100
1001111010110101
1001111010110110
1001111010111000
1001111010111001
1001111010111010
1001111011010000
1010001100100100
1010001100100101
1010001100100110
1010001100100111
1010001100101001
1010001100101101
1010001100101110
1010001100101111
1010001100110000
1010001100110010
1010001100110011
1010001100110100
1010001100110101
1010001100110110
1010001100110111
1010001100111000
1010001100111101
1010001100111110
1010001100111111
1010001101000100
1010001101000101
1010001101000110
1010001101000111
1010001101001000
1010001101001011
1010001101001111
1010001101010111
1010001101011001
1010001101011011
1010001101011111
1010001101100011
1010001101100100
1010001101100101
1010001101100110
1010001101101000
1010001101101001
1010001101101011
1010001101101111
1010001101110011
1010001101110100
1010001101110101
1010001101110111
1010001101111000
1010001101111001
1010001101111010
1010001101111011
1010001110000110
1010001110000111
1010001110001001
1010001110001011
1010001110001111
1010001110010110
1010001110010111
1010001110011000
1010001110011001
1010001110011010
1010001110011011
1010001110011111
1010001110100100
1010001110100110
1010001110100111
1010001110101011
1010001110101111
1010001110110011
1010001110110100
1010001110110101
1010001110110110
1010001110110111
1010001110111000
1010001110111001
1010001110111010
1010001110111011
1010001111010100
1010001111010110
1010001111010111
1010001111011000
1010001111011001
1010001111011010
1010001111011011
1010001111100011
1010001111100100
1010001111100110
1010001111100111
1010001111101000
1010001111101011
1010010100111000
1010010101111001
1010010110111000
1010010110111001
1010010111011000
1010010111011001
1010010111100100
1010010111100101
1010010111100110
1010010111101000
1010010111101001
1010011000100100
1010011000100101
1010011000100110
1010011000101001
1010011000101101
1010011000101111
1010011000110000
1010011000110010
1010011000110011
1010011000110100
1010011000110101
1010011000110110
1010011000111000
1010011000111001
1010011000111010
1010011000111110
1010011000111111
1010011001000100
1010011001000101
1010011001000110
1010011001000111
1010011001001000
1010011001001001
1010011001001011
1010011001001101
1010011001001110
1010011001001111
1010011001010111
1010011001011000
1010011001011001
1010011001011101
1010011001011110
1010011001011111
1010011001100000
1010011001100010
1010011001100011
1010011001100100
1010011001100101
1010011001100110
1010011001100111
1010011001101000
1010011001101101
1010011001101110
1010011001101111
1010011001110000
1010011001110010
1010011001110011
1010011001110100
1010011001110110
1010011001110111
1010011001111000
1010011001111011
1010011001111110
1010011010000101
1010011010000110
1010011010000111
1010011010001001
1010011010001011
1010011010001101
1010011010001110
1010011010001111
1010011010011000
1010011010011001
1010011010011011
1010011010011110
1010011010100011
1010011010101111
1010011010110000
1010011010110011
1010011010110111
1010011010111000
1010011010111001
1010011010111011
1010011010111101
1010011010111110
1010011011010111
1010011011011000
1010011011011001
1010011011011011
1010011011011101
1010011011011110
1010011011100000
1010011011100011
1010011011100100
1010011011100101
1010011011100110
1010011011100111
1010011011101000
1010011011101001
1010011011101011
1010011011101101
1010011011101110
1010011100100100
1010011100100110
1010011100101000
1010011100101101
1010011100101110
1010011100110000
1010011100110010
1010011100110100
1010011100110110
1010011100111000
1010011100111001
1010011100111010
1010011101000100
1010011101000110
1010011101001000
1010011101001110
1010011101011001
1010011101011101
1010011101011110
1010011101100000
1010011101100010
1010011101100100
1010011101100101
1010011101100110
1010011101101000
1010011101101001
1010011101101101
1010011101101110
1010011101110000
1010011101110010
1010011101110100
1010011101110110
1010011101111000
1010011101111110
1010011110000101
1010011110000110
1010011110001101
1010011110001110
1010011110010110
1010011110011001
1010011110011010
1010011110011110
1010011110100010
1010011110100100
1010011110100110
1010011110101000
1010011110101101
1010011110101110
1010011110110000
1010011110110010
1010011110110100
1010011110111000
1010011110111001
1010011110111010
1010011110111110
1010011111010110
1010011111011000
1010011111011001
1010011111011010
1010011111011110
1010011111100000
1010011111100010
1010011111100100
1010011111100110
1010011111101000
1010011111101110
1010100100101111
1010100100110000
1010100100110011
1010100100110111
1010100100111000
1010100100111011
1010100101101111
1010100101110011
1010100101110111
1010100101111000
1010100101111001
1010100101111011
1010100110000101
1010100110000110
1010100110000111
1010100110001111
1010100110010111
1010100110100011
1010100110101111
1010100110110011
1010100110110111
1010100110111001
1010100110111011
1010100111010111
1010100111011000
1010100111011001
1010100111011011
1010100111100011
1010100111100100
1010100111100110
1010100111101000
1010100111101011
1010101000101111
1010101000110011
1010101000110111
1010101000111011
1010101001100011
1010101011100011
1010101011100111
1010101100100111
1010101100111101
1010101100111110
1010101100111111
1010101101000111
1010101101001111
1010101101011111
1010101101100011
1010101101100111
1010101101110011
1010101101110111
1010101101111000
1010101101111001
1010101101111011
1010101110000101
1010101110000110
1010101110000111
1010101110001001
1010101110001011
1010101110001111
1010101110010111
1010101110011000
1010101110011001
1010101110011011
1010101110011111
1010101110100011
1010101110100111
1010101110110011
1010101110110111
1010101110111000
1010101111010111
1010101111011001
1010101111011011
1010101111100011
1010101111100100
1010101111100101
1010101111100110
1010101111101000
1010101111101001
1010110000100100
1010110000100101
1010110000100110
1010110000101001
1010110000101101
1010110000101110
1010110000101111
1010110000110010
1010110000110011
1010110000110100
1010110000110101
1010110000110110
1010110000111000
1010110000111001
1010110000111010
1010110000111101
1010110000111110
1010110000111111
1010110001000101
1010110001000110
1010110001000111
1010110001001000
1010110001001001
1010110001001011
1010110001001101
1010110001001110
1010110001001111
1010110001010111
1010110001011001
1010110001011011
1010110001011101
1010110001011110
1010110001011111
1010110001100010
1010110001100011
1010110001100100
1010110001100101
1010110001100110
1010110001100111
1010110001101000
1010110001101001
1010110001101011
1010110001101101
1010110001101110
1010110001101111
1010110001110000
1010110001110010
1010110001110011
1010110001110100
1010110001110101
1010110001110110
1010110001110111
1010110001111000
1010110001111001
1010110001111010
1010110001111011
1010110001111101
1010110001111110
1010110010000101
1010110010000110
1010110010000111
1010110010001001
1010110010001011
1010110010001101
1010110010001111
1010110010010111
1010110010011000
1010110010011001
1010110010011011
1010110010011110
1010110010011111
1010110010100011
1010110010100111
1010110010101111
1010110010110011
1010110010110111
1010110010111000
1010110010111001
1010110010111101
1010110010111110
1010110011010111
1010110011011000
1010110011011011
1010110011011101
1010110011011110
1010110011100000
1010110011100010
1010110011100011
1010110011100100
1010110011100101
1010110011100110
1010110011100111
1010110011101001
1010110011101011
1010110011101101
1010110100110000
1010110100111000
1010110100111001
1010110100111101
1010110100111110
1010110101111000
1010110101111001
1010110101111101
1010110101111110
1010110110000101
1010110110000110
1010110110001001
1010110110001101
1010110110001110
1010110110011000
1010110110011001
1010110110011101
1010110110111000
1010110110111001
1010110110111101
1010110110111110
1010110111011000
1010110111011101
1010110111100000
1010110111100010
1010110111100100
1010110111100101
1010110111100110
1010111000101101
1010111000101110
1010111000110000
1010111000110010
1010111000111101
1010111000111110
1010111001000100
1010111001000101
1010111001000110
1010111001001000
1010111001001001
1010111001001101
1010111001001110
1010111001001111
1010111001011000
1010111001011001
1010111001011101
1010111001011110
1010111001011111
1010111001100010
1010111001100011
1010111001100100
1010111001100101
1010111001100110
1010111001101000
1010111001101001
1010111001110000
1010111001110010
1010111001110011
1010111001110100
1010111001110101
1010111001110110
1010111001111000
1010111001111001
1010111001111010
1010111010000101
1010111010000110
1010111010001001
1010111010001101
1010111010001110
1010111010001111
1010111010011000
1010111010011001
1010111010011101
1010111010011110
1010111010100011
1010111010110011
1010111010111000
1010111010111001
1010111011011000
1010111011011001
1010111011100000
1010111011100010
1010111011100011
1010111011100100
1010111011100101
1010111011100110
1010111011101000
1010111100101101
1010111100101110
1010111100110000
1010111100110010
1010111100111101
1010111100111110
1010111101000100
1010111101000101
1010111101000110
1010111101001000
1010111101001001
1010111101001101
1010111101001110
1010111101011000
1010111101011001
1010111101011101
1010111101011110
1010111101100000
1010111101100010
1010111101100100
1010111101100101
1010111101100110
1010111101101000
1010111101101001
1010111101110000
1010111101110010
1010111101110100
1010111101110101
1010111101110110
1010111110000101
1010111110000110
1010111110001001
1010111110001010
1010111110001101
1010111110001110
1010111110010100
1010111110010101
1010111110010110
1010111110011000
1010111110011001
1010111110011010
1010111110011101
1010111110011110
1010111110100010
1010111110100100
1010111110100101
1010111110100110
1010111110101000
1010111110101001
1010111110101101
1010111110110000
1010111110110010
1010111110110100
1010111110110101
1010111110110110
1010111111010100
1010111111010101
1010111111010110
1011001000101001
1011001000110010
1011001000110011
1011001000110101
1011001000110110
1011001000110111
1011001000111001
1011001001001011
1011001001001111
1011001001010011
1011001001010111
1011001001011001
1011001001011011
1011001001011111
1011001001100011
1011001001100101
1011001001100110
1011001001101001
1011001001101011
1011001001110011
1011001001110101
1011001001110111
1011001001111001
1011001001111010
1011001001111011
1011001010001001
1011001010001011
1011001010001111
1011001010010011
1011001010010111
1011001010011001
1011001010011011
1011001010011111
1011001010100111
1011001010110011
1011001010110111
1011001010111001
1011001010111011
1011001011010011
1011001011010111
1011001011011001
1011001011011011
1011001011100011
1011001011101001
1011001011101011
1011001100100100
1011001100100101
1011001100100110
1011001100100111
1011001100101001
1011001100110000
1011001100110010
1011001100110011
1011001100110100
1011001100110101
1011001100110110
1011001100110111
1011001100111000
1011001100111001
1011001101000100
1011001101000101
1011001101000110
1011001101000111
1011001101001000
1011001101001001
1011001101001111
1011001101010011
1011001101100110
1011001101100111
1011001101101001
1011001101101011
1011001101110011
1011001101110100
1011001101110101
1011001101110110
1011001101111000
1011001101111001
1011001101111010
1011001101111011
1011001110000101
1011001110000111
1011001110001001
1011001110001010
1011001110001011
1011001110001111
1011001110010011
1011001110010100
1011001110010110
1011001110010111
1011001110011000
1011001110011001
1011001110011010
1011001110011011
1011001110011111
1011001110100011
1011001110100101
1011001110100111
1011001110101000
1011001110101001
1011001110101011
1011001110110100
1011001110110101
1011001110110110
1011001110110111
1011001110111000
1011001110111001
1011001110111010
1011001110111011
1011001111010011
1011001111010100
1011001111010101
1011001111010110
1011001111010111
1011001111011000
1011001111011001
1011001111011010
1011001111011011
1011001111100011
1011001111100100
1011001111100101
1011001111100110
1011001111100111
1011001111101000
1011001111101001
1011001111101010
1011001111101011
1011010000101000
1011010000101001
1011010000101011
1011010000110000
1011010000110010
1011010000110011
1011010000110100
1011010000110101
1011010000110110
1011010000110111
1011010000111000
1011010000111001
1011010000111010
1011010001001000
1011010001001001
1011010001001111
1011010001010011
1011010001010111
1011010001011000
1011010001011001
1011010001011111
1011010001100011
1011010001100100
1011010001100101
1011010001100110
1011010001100111
1011010001101000
1011010001101011
1011010001110011
1011010001110100
1011010001110101
1011010001110110
1011010001110111
1011010001111001
1011010001111010
1011010001111011
1011010010001001
1011010010001011
1011010010010111
1011010010011000
1011010010011001
1011010010011011
1011010010011111
1011010010100011
1011010010100111
1011010010110011
1011010010110111
1011010010111000
1011010010111001
1011010010111011
1011010011010011
1011010011010111
1011010011011000
1011010011011001
1011010011011011
1011010011100011
1011010011100100
1011010011100101
1011010011100110
1011010011100111
1011010011101001
1011010011101011
1011010100110000
1011010100111000
1011010100111001
1011010101111000
1011010110000101
1011010110000110
1011010110001001
1011010110011000
1011010110011001
1011010110111000
1011010110111001
1011010111011000
1011010111011001
1011010111100100
1011010111100101
1011010111100110
1011010111101000
1011010111101001
1011011000100100
1011011000100101
1011011000100110
1011011000101000
1011011000101001
1011011000110000
1011011000110010
1011011000110011
1011011000110100
1011011000110101
1011011000110110
1011011000111000
1011011000111001
1011011000111010
1011011001000100
1011011001000101
1011011001000110
1011011001000111
1011011001001000
1011011001001001
1011011001001011
1011011001001110
1011011001001111
1011011001010000
1011011001010011
1011011001010111
1011011001011000
1011011001011001
1011011001011101
1011011001011110
1011011001011111
1011011001100000
1011011001100010
1011011001100011
1011011001100100
1011011001100101
1011011001100110
1011011001100111
1011011001101000
1011011001101001
1011011001110000
1011011001110010
1011011001110011
1011011001110100
1011011001110101
1011011001110110
1011011001110111
1011011001111000
1011011001111001
1011011010000101
1011011010000110
1011011010000111
1011011010001011
1011011010001101
1011011010001110
1011011010001111
1011011010010011
1011011010010111
1011011010011011
1011011010011101
1011011010011110
1011011010011111
1011011010100011
1011011010110011
1011011010110111
1011011010111000
1011011010111001
1011011010111011
1011011011010011
1011011011010111
1011011011011000
1011011011011001
1011011011011011
1011011011011101
1011011011011110
1011011011100000
1011011011100010
1011011011100100
1011011011100101
1011011011100110
1011011011100111
1011011011101000
1011011011101001
1011011011101011
1011011100100100
1011011100100101
1011011100100110
1011011100101000
1011011100101001
1011011100110000
1011011100110010
1011011100110100
1011011100110101
1011011100110110
1011011100111000
1011011100111001
1011011100111010
1011011101000100
1011011101000101
1011011101000110
1011011101001001
1011011101001101
1011011101010000
1011011101011000
1011011101011001
1011011101011110
1011011101100000
1011011101100010
1011011101100100
1011011101100101
1011011101100110
1011011101101000
1011011101101001
1011011101110000
1011011101110010
1011011101110100
1011011101110101
1011011101110110
1011011101111000
1011011101111001
1011011110000101
1011011110000110
1011011110001001
1011011110001101
1011011110001110
1011011110010010
1011011110010100
1011011110010101
1011011110010110
1011011110011000
1011011110011010
1011011110011101
1011011110011110
1011011110100010
1011011110100100
1011011110100101
1011011110100110
1011011110101001
1011011110110000
1011011110110010
1011011110110100
1011011110110101
1011011110110110
1011011110111000
1011011110111001
1011011110111010
1011011111010000
1011011111010010
1011011111010100
1011011111010110
1011011111011000
1011011111011001
1011011111011010
1011011111011101
1011011111011110
1011011111100000
1011011111100010
1011011111100101
1011011111100110
1011011111101000
1011011111101001
1011011111101010
1011100000101001
1011100000101011
1011100000110010
1011100000110011
1011100000110101
1011100000110110
1011100000110111
1011100000111001
1011100000111010
1011100000111011
1011100001001001
1011100001001010
1011100001001011
1011100001010011
1011100001010101
1011100001010110
1011100001010111
1011100001011001
1011100001011010
1011100001011011
1011100001011111
1011100001100011
1011100001100101
1011100001100110
1011100001100111
1011100001101001
1011100001101010
1011100001101011
1011100001110011
1011100001110101
1011100001110110
1011100001110111
1011100001111001
1011100001111010
1011100010001001
1011100010001111
1011100010010011
1011100010010101
1011100010010110
1011100010010111
1011100010011001
1011100010011111
1011100010100011
1011100010100101
1011100010100110
1011100010100111
1011100010101011
1011100010110011
1011100010110101
1011100010110110
1011100010110111
1011100010111001
1011100010111010
1011100010111011
1011100011010011
1011100011010101
1011100011010111
1011100011011001
1011100011011010
1011100011011011
1011100011100011
1011100011100110
1011100011100111
1011100011101001
1011100011101010
1011100011101011
1011100100100100
1011100100100101
1011100100100110
1011100100100111
1011100100101000
1011100100101001
1011100100101011
1011100100110000
1011100100110010
1011100100110011
1011100100110100
1011100100110101
1011100100110110
1011100100110111
1011100100111000
1011100100111001
1011100100111010
1011100100111011
1011100101000100
1011100101000101
1011100101000110
1011100101000111
1011100101001000
1011100101001011
1011100101001111
1011100101010011
1011100101010111
1011100101011000
1011100101011001
1011100101011011
1011100101100011
1011100101100100
1011100101100101
1011100101100110
1011100101100111
1011100101101000
1011100101101001
1011100101101011
1011100101110011
1011100101110100
1011100101110101
1011100101110110
1011100101110111
1011100101111000
1011100101111001
1011100101111010
1011100101111011
1011100110000101
1011100110000110
1011100110000111
1011100110001001
1011100110001010
1011100110001111
1011100110010011
1011100110010100
1011100110010101
1011100110010110
1011100110010111
1011100110011000
1011100110011001
1011100110011111
1011100110100011
1011100110100100
1011100110100101
1011100110100110
1011100110100111
1011100110101000
1011100110101001
1011100110110011
1011100110110100
1011100110110101
1011100110110110
1011100110110111
1011100110111000
1011100110111010
1011100110111011
1011100111010011
1011100111010100
1011100111010101
1011100111010110
1011100111011000
1011100111011001
1011100111011010
1011100111011011
1011100111100011
1011100111100100
1011100111100101
1011100111100111
1011100111101000
1011100111101001
1011100111101010
1011100111101011
1011101000100101
1011101000100110
1011101000100111
1011101000101001
1011101000101011
1011101000110010
1011101000110011
1011101000110101
1011101000110110
1011101000110111
1011101000111001
1011101000111010
1011101000111011
1011101001000101
1011101001000110
1011101001000111
1011101001001001
1011101001001011
1011101001010011
1011101001010111
1011101001011001
1011101001011011
1011101001100011
1011101001110011
1011101010000101
1011101010000110
1011101010000111
1011101010001001
1011101010001011
1011101010001111
1011101010010011
1011101010010111
1011101010011001
1011101010011111
1011101010100011
1011101010100111
1011101010110011
1011101010110111
1011101010111001
1011101011010011
1011101011010111
1011101011011001
1011101011011011
1011101011100011
1011101100100100
1011101100100101
1011101100100110
1011101100100111
1011101100101000
1011101100101001
1011101100101011
1011101100110000
1011101100110010
1011101100110011
1011101100110100
1011101100110101
1011101100110110
1011101100110111
1011101100111000
1011101100111001
1011101100111010
1011101100111011
1011101101000100
1011101101000101
1011101101000110
1011101101000111
1011101101001000
1011101101001001
1011101101001011
1011101101010011
1011101101010111
1011101101011000
1011101101011001
1011101101011011
1011101101110011
1011101110000101
1011101110000110
1011101110000111
1011101110001001
1011101110001010
1011101110001011
1011101110001111
1011101110010011
1011101110010100
1011101110010101
1011101110010110
1011101110010111
1011101110011000
1011101110011001
1011101110011010
1011101110011011
1011101110011111
1011101110100011
1011101110100100
1011101110100101
1011101110100110
1011101110100111
1011101110101000
1011101110101001
1011101110110011
1011101110110100
1011101110110101
1011101110110110
1011101110110111
1011101110111000
1011101110111001
1011101111010011
1011101111010100
1011101111010101
1011101111010110
1011101111010111
1011101111011000
1011101111011010
1011101111011011
1011101111100011
1011110000100100
1011110000100101
1011110000100110
1011110000101000
1011110000101001
1011110000101010
1011110000110000
1011110000110010
1011110000110011
1011110000110100
1011110000110101
1011110000110110
1011110000111000
1011110000111001
1011110000111010
1011110001000100
1011110001000101
1011110001000110
1011110001000111
1011110001001000
1011110001001001
1011110001001010
1011110001001011
1011110001001101
1011110001001110
1011110001001111
1011110001010000
1011110001010010
1011110001010011
1011110001010100
1011110001010101
1011110001010110
1011110001010111
1011110001011000
1011110001011001
1011110001011010
1011110001011011
1011110001011101
1011110001011110
1011110001011111
1011110001100000
1011110001100010
1011110001100011
1011110001100100
1011110001100101
1011110001100110
1011110001100111
1011110001101000
1011110001101001
1011110001101010
1011110001101011
1011110001110000
1011110001110010
1011110001110011
1011110001110100
1011110001110101
1011110001110110
1011110001110111
1011110001111000
1011110001111001
1011110001111010
1011110001111011
1011110010000101
1011110010000110
1011110010000111
1011110010001001
1011110010001010
1011110010001011
1011110010001101
1011110010001110
1011110010010010
1011110010010011
1011110010010100
1011110010010101
1011110010010110
1011110010010111
1011110010011000
1011110010011001
1011110010011010
1011110010011011
1011110010011101
1011110010011111
1011110010100010
1011110010100011
1011110010100100
1011110010100101
1011110010100110
1011110010100111
1011110010101000
1011110010101001
1011110010110000
1011110010110010
1011110010110011
1011110010110100
1011110010110101
1011110010110110
1011110010110111
1011110010111000
1011110010111001
1011110011010000
1011110011010010
1011110011010011
1011110011010100
1011110011010101
1011110011010110
1011110011010111
1011110011011000
1011110011011001
1011110011011101
1011110011100000
1011110011100010
1011110011100011
1011110011100100
1011110011100101
1011110011100110
1011110011100111
1011110011101010
1011110011101011
1011110100100100
1011110100100101
1011110100100110
1011110100101000
1011110100101001
1011110100110000
1011110100110010
1011110100110100
1011110100110101
1011110100110110
1011110100111000
1011110100111001
1011110100111010
1011110101000100
1011110101000101
1011110101000110
1011110101001000
1011110101001001
1011110101001101
1011110101001110
1011110101010000
1011110101011000
1011110101011001
1011110101011101
1011110101011110
1011110101100000
1011110101100010
1011110101100100
1011110101100101
1011110101100110
1011110101101000
1011110101101001
1011110101110000
1011110101110010
1011110101110100
1011110101110101
1011110101110110
1011110101111000
1011110101111001
1011110101111010
1011110110000101
1011110110000110
1011110110001001
1011110110001010
1011110110001101
1011110110001110
1011110110010010
1011110110010100
1011110110010101
1011110110010110
1011110110011000
1011110110011001
1011110110011010
1011110110011101
1011110110011110
1011110110100010
1011110110100100
1011110110100101
1011110110100110
1011110110101000
1011110110101001
1011110110110000
1011110110110010
1011110110110100
1011110110110101
1011110110110110
1011110110111000
1011110110111001
1011110110111010
1011110111010000
1011110111010010
1011110111010100
1011110111010101
1011110111010110
1011110111011001
1011110111100000
1011110111100010
1011110111100100
1011110111100101
1011110111100110
1011110111101000
1011110111101001
1011111000110000
1011111000110010
1011111001001010
1011111001010010
1011111001010011
1011111001010100
1011111001010110
1011111001011000
1011111001011001
1011111001011010
1011111001100000
1011111001100010
1011111001100011
1011111001110000
1011111001110010
1011111001110011
1011111010000101
1011111010000110
1011111010001001
1011111010001010
1011111010001101
1011111010001110
1011111010001111
1011111010010010
1011111010010011
1011111010010100
1011111010010110
1011111010011000
1011111010011001
1011111010011010
1011111010011101
1011111010011110
1011111010011111
1011111010100010
1011111010100011
1011111010100100
1011111010100110
1011111010101000
1011111010110000
1011111010110010
1011111010110011
1011111010110100
1011111010110101
1011111010110110
1011111010111000
1011111010111001
1011111011010000
1011111011010010
1011111011010011
1011111011010100
1011111011010101
1011111011010110
1011111011011000
1011111011011001
1011111011011010
1011111011100000
1011111011100010
1011111011100011
1100001100100100
1100001100100101
1100001100100110
1100001100100111
1100001100101000
1100001100101001
1100001100101010
1100001100101011
1100001100101110
1100001100101111
1100001100110000
1100001100110010
1100001100110011
1100001100110100
1100001100110101
1100001100110110
1100001100110111
1100001100111000
1100001100111001
1100001100111010
1100001100111110
1100001100111111
1100001101000100
1100001101000101
1100001101000110
1100001101000111
1100001101001000
1100001101001001
1100001101001010
1100001101001111
1100001101010100
1100001101010101
1100001101010110
1100001101010111
1100001101011000
1100001101011001
1100001101011011
1100001101011111
1100001101100011
1100001101100100
1100001101100101
1100001101100110
1100001101100111
1100001101101000
1100001101101010
1100001101101011
1100001101101111
1100001101110011
1100001101110100
1100001101110101
1100001101110110
1100001101110111
1100001101111001
1100001101111010
1100001101111011
1100001110000101
1100001110000110
1100001110001001
1100001110001010
1100001110001011
1100001110001111
1100001110010100
1100001110010101
1100001110010111
1100001110011000
1100001110011001
1100001110011010
1100001110011011
1100001110011111
1100001110100011
1100001110100100
1100001110100110
1100001110100111
1100001110101000
1100001110101001
1100001110101010
1100001110101011
1100001110101111
1100001110110011
1100001110110101
1100001110110110
1100001110110111
1100001110111000
1100001110111001
1100001110111010
1100001110111011
1100001111010100
1100001111010101
1100001111010110
1100001111010111
1100001111011000
1100001111011001
1100001111011010
1100001111011011
1100001111100011
1100001111100100
1100001111100101
1100001111100110
1100001111100111
1100001111101000
1100001111101001
1100001111101010
1100001111101011
1100010100100100
1100010100100110
1100010100101000
1100010100101110
1100010100110100
1100010100110110
1100010100111000
1100010101000110
1100010101001000
1100010101100100
1100010101100110
1100010101101000
1100010101110100
1100010101110110
1100010101111000
1100010110100100
1100010110100110
1100010110101000
1100010110110100
1100010110111000
1100010110111010
1100010111010110
1100010111011000
1100010111011010
1100010111100100
1100010111100110
1100010111101000
1100010111101010
1100011000100100
1100011000100110
1100011000101000
1100011000101010
1100011000101110
1100011000110000
1100011000110010
1100011000110100
1100011000110110
1100011000111000
1100011000111010
1100011000111110
1100011001000100
1100011001000110
1100011001001010
1100011001010100
1100011001010110
1100011001011000
1100011001011010
1100011001011110
1100011001100000
1100011001100010
1100011001100100
1100011001100110
1100011001101000
1100011001101010
1100011001101110
1100011001110000
1100011001110010
1100011001110100
1100011001110110
1100011001111000
1100011001111010
1100011001111110
1100011010000110
1100011010001110
1100011010010100
1100011010010110
1100011010011000
1100011010011010
1100011010011110
1100011010100010
1100011010100100
1100011010100110
1100011010101110
1100011010110000
1100011010110010
1100011010110100
1100011010110110
1100011010111000
1100011010111010
1100011010111110
1100011011010100
1100011011010110
1100011011011000
1100011011011010
1100011011011110
1100011011100000
1100011011100010
1100011011100110
1100011011101000
1100011011101010
1100011011101110
1100011100100100
1100011100100110
1100011100101000
1100011100101010
1100011100101110
1100011100110000
1100011100110010
1100011100110100
1100011100110110
1100011100111010
1100011100111110
1100011101000100
1100011101000110
1100011101001000
1100011101001010
1100011101001110
1100011101010100
1100011101010110
1100011101011000
1100011101011010
1100011101100000
1100011101100010
1100011101100100
1100011101100110
1100011101101000
1100011101101010
1100011101101110
1100011101110000
1100011101110010
1100011101110100
1100011101110110
1100011101111000
1100011101111010
1100011101111110
1100011110000110
1100011110001010
1100011110001110
1100011110010100
1100011110010110
1100011110011000
1100011110011110
1100011110100010
1100011110100100
1100011110100110
1100011110101000
1100011110101010
1100011110101110
1100011110110000
1100011110110010
1100011110110100
1100011110110110
1100011110111010
1100011110111110
1100011111010100
1100011111011000
1100011111011010
1100011111011110
1100011111100010
1100011111100100
1100011111100110
1100011111101000
1100011111101010
1100011111101110
1100100100100100
1100100100100101
1100100100100110
1100100100100111
1100100100101000
1100100100101001
1100100100101011
1100100100101101
1100100100101110
1100100100101111
1100100100110000
1100100100110010
1100100100110011
1100100100110100
1100100100110101
1100100100110110
1100100100110111
1100100100111000
1100100100111001
1100100100111010
1100100100111011
1100100100111101
1100100100111110
1100100100111111
1100100101000100
1100100101000101
1100100101000110
1100100101000111
1100100101001000
1100100101001001
1100100101001011
1100100101001111
1100100101010111
1100100101011000
1100100101011001
1100100101011011
1100100101011111
1100100101100011
1100100101100100
1100100101100101
1100100101100110
1100100101100111
1100100101101000
1100100101101001
1100100101101011
1100100101110011
1100100101110100
1100100101110101
1100100101110110
1100100101110111
1100100101111000
1100100101111001
1100100101111010
1100100101111011
1100100110000101
1100100110000110
1100100110000111
1100100110001001
1100100110001010
1100100110001011
1100100110001111
1100100110010100
1100100110010101
1100100110010110
1100100110010111
1100100110011000
1100100110011001
1100100110011010
1100100110011111
1100100110100011
1100100110100100
1100100110100101
1100100110100110
1100100110100111
1100100110101000
1100100110101001
1100100110101111
1100100110110011
1100100110110100
1100100110110101
1100100110110110
1100100110110111
1100100110111000
1100100110111001
1100100110111011
1100100111010100
1100100111010110
1100100111010111
1100100111011001
1100100111011010
1100100111011011
1100100111100011
1100100111100100
1100100111100101
1100100111100110
1100100111101000
1100100111101001
1100100111101010
1100100111101011
1100101000100101
1100101000100110
1100101000100111
1100101000101001
1100101000101011
1100101000101101
1100101000101110
1100101000101111
1100101000110010
1100101000110011
1100101000110101
1100101000110110
1100101000110111
1100101000111001
1100101000111010
1100101000111011
1100101000111101
1100101000111110
1100101000111111
1100101001000101
1100101001000110
1100101001000111
1100101001001001
1100101001001011
1100101001001111
1100101001010111
1100101001011001
1100101001011011
1100101001011111
1100101001100011
1100101001100101
1100101001100110
1100101001100111
1100101001101001
1100101001101011
1100101001110011
1100101001110110
1100101001110111
1100101001111001
1100101001111010
1100101001111011
1100101010000101
1100101010000110
1100101010000111
1100101010001001
1100101010001011
1100101010001111
1100101010010111
1100101010011001
1100101010011011
1100101010100011
1100101010101111
1100101010110011
1100101010110111
1100101010111001
1100101011010111
1100101011011011
1100101011100011
1100101011100101
1100101011100110
1100101011100111
1100101011101001
1100101011101011
1100101100100100
1100101100100101
1100101100100110
1100101100100111
1100101100101000
1100101100101001
1100101100101011
1100101100101101
1100101100101110
1100101100101111
1100101100110000
1100101100110010
1100101100110011
1100101100110100
1100101100110101
1100101100110110
1100101100110111
1100101100111000
1100101100111001
1100101100111010
1100101100111011
1100101100111101
1100101100111110
1100101100111111
1100101101000100
1100101101000101
1100101101000110
1100101101000111
1100101101001000
1100101101001001
1100101101001011
1100101101001111
1100101101010111
1100101101011000
1100101101011001
1100101101011011
1100101101011111
1100101101100011
1100101101100100
1100101101100101
1100101101100110
1100101101100111
1100101101101000
1100101101101001
1100101101101011
1100101101110011
1100101101110100
1100101101110101
1100101101110110
1100101101110111
1100101101111000
1100101101111001
1100101101111010
1100101101111011
1100101110000101
1100101110000110
1100101110000111
1100101110001001
1100101110001010
1100101110001011
1100101110010100
1100101110010101
1100101110010110
1100101110010111
1100101110011000
1100101110011001
1100101110011010
1100101110011011
1100101110011111
1100101110100011
1100101110100100
1100101110100101
1100101110100110
1100101110100111
1100101110101000
1100101110101001
1100101110101111
1100101110110011
1100101110110100
1100101110110101
1100101110110110
1100101110110111
1100101110111000
1100101110111001
1100101111010100
1100101111010101
1100101111010110
1100101111010111
1100101111011000
1100101111011001
1100101111011011
1100101111100011
1100101111100100
1100101111100101
1100101111100110
1100101111100111
1100101111101010
1100101111101011
1100110000100100
1100110000100110
1100110000101000
1100110000101010
1100110000101110
1100110000110000
1100110000110010
1100110000110100
1100110000110110
1100110000111000
1100110000111010
1100110000111110
1100110001000100
1100110001000110
1100110001001000
1100110001001010
1100110001001110
1100110001010100
1100110001010110
1100110001011000
1100110001011010
1100110001011110
1100110001100000
1100110001100010
1100110001100100
1100110001100110
1100110001101000
1100110001101010
1100110001101110
1100110001110000
1100110001110010
1100110001111000
1100110001111010
1100110001111110
1100110010000110
1100110010001010
1100110010001110
1100110010010100
1100110010010110
1100110010011000
1100110010011010
1100110010011110
1100110010100010
1100110010100100
1100110010100110
1100110010101000
1100110010110000
1100110010110010
1100110010110100
1100110010110110
1100110010111000
1100110011010100
1100110011010110
1100110011011010
1100110011100000
1100110011100010
1100110011100100
1100110011100110
1100110011101000
1100110100100100
1100110100100110
1100110100101000
1100110100101110
1100110100110000
1100110100110010
1100110100110100
1100110100110110
1100110100111000
1100110100111010
1100110100111110
1100110101000100
1100110101000110
1100110101001000
1100110101001110
1100110101011000
1100110101011110
1100110101100000
1100110101100010
1100110101100100
1100110101100110
1100110101101000
1100110101101110
1100110101110000
1100110101110010
1100110101110100
1100110101110110
1100110101111000
1100110101111010
1100110101111110
1100110110000110
1100110110001010
1100110110001110
1100110110010100
1100110110010110
1100110110011000
1100110110011010
1100110110011110
1100110110100010
1100110110100100
1100110110100110
1100110110101000
1100110110101110
1100110110110000
1100110110110010
1100110110110100
1100110110110110
1100110110111000
1100110110111010
1100110111010100
1100110111010110
1100110111011000
1100110111011010
1100110111100000
1100110111100010
1100110111100100
1100110111100110
1100110111101000
1100110111101010
1100111000101110
1100111000110000
1100111000110010
1100111000111110
1100111001000100
1100111001000110
1100111001001000
1100111001001010
1100111001001110
1100111001010100
1100111001010110
1100111001011000
1100111001011010
1100111001011110
1100111001100000
1100111001100010
1100111001100100
1100111001100110
1100111001101000
1100111001101010
1100111001110000
1100111001110010
1100111001110100
1100111001110110
1100111001111000
1100111001111010
1100111010000110
1100111010001010
1100111010001110
1100111010010100
1100111010010110
1100111010011000
1100111010011010
1100111010011110
1100111010100010
1100111010100100
1100111010100110
1100111010101000
1100111010110000
1100111010110010
1100111010110100
1100111010110110
1100111010111010
1100111011010100
1100111011010110
1100111011011000
1100111011011010
1100111011100000
1100111011100010
1100111011100100
1100111011100110
1100111011101000
1100111100101110
1100111100110010
1100111100111110
1100111101000100
1100111101000110
1100111101001000
1100111101001010
1100111101001110
1100111101010100
1100111101010110
1100111101011000
1100111101011010
1100111101011110
1100111101100000
1100111101100010
1100111101100100
1100111101100110
1100111101101000
1100111101101010
1100111101110000
1100111101110010
1100111101110100
1100111101110110
1100111110000110
1100111110001110
1100111110010100
1100111110010110
1100111110011000
1100111110011010
1100111110100010
1100111110100100
1100111110100110
1100111110101000
1100111110110000
1100111110110010
1100111110110100
1100111110110110
1100111111010100
1100111111010110
1101001000101001
1101001000101011
1101001000110010
1101001000110011
1101001000110101
1101001000110110
1101001000110111
1101001000111001
1101001000111010
1101001000111011
1101001001001001
1101001001001111
1101001001010011
1101001001010111
1101001001011001
1101001001011011
1101001001011111
1101001001100011
1101001001100101
1101001001100110
1101001001100111
1101001001101011
1101001001110011
1101001001110110
1101001001110111
1101001001111001
1101001001111010
1101001001111011
1101001010001001
1101001010001011
1101001010001111
1101001010010011
1101001010010111
1101001010011001
1101001010011011
1101001010100011
1101001010110011
1101001010110111
1101001010111001
1101001010111011
1101001011010011
1101001011010111
1101001011011001
1101001011011011
1101001011100011
1101001011100101
1101001011100110
1101001011100111
1101001011101001
1101001011101011
1101001100100100
1101001100100101
1101001100100111
1101001100101000
1101001100101001
1101001100101011
1101001100110000
1101001100110010
1101001100110011
1101001100110100
1101001100110101
1101001100110110
1101001100110111
1101001100111000
1101001100111001
1101001100111010
1101001100111011
1101001101000100
1101001101000101
1101001101000110
1101001101000111
1101001101001000
1101001101001001
1101001101001011
1101001101001111
1101001101010011
1101001101010111
1101001101011000
1101001101011001
1101001101011111
1101001101100011
1101001101100100
1101001101100101
1101001101100110
1101001101100111
1101001101101001
1101001101101011
1101001101110011
1101001101110100
1101001101110101
1101001101110110
1101001101110111
1101001101111000
1101001101111010
1101001101111011
1101001110000101
1101001110000110
1101001110000111
1101001110001001
1101001110001010
1101001110001011
1101001110001111
1101001110010011
1101001110010100
1101001110010110
1101001110011000
1101001110011001
1101001110011010
1101001110011011
1101001110011111
1101001110100011
1101001110100111
1101001110101000
1101001110101011
1101001110110011
1101001110110100
1101001110110110
1101001110110111
1101001110111000
1101001110111001
1101001110111010
1101001110111011
1101001111010100
1101001111010110
1101001111010111
1101001111011000
1101001111011001
1101001111011010
1101001111011011
1101001111100011
1101001111100100
1101001111100110
1101001111100111
1101001111101000
1101001111101011
1101010000101000
1101010000110000
1101010000110010
1101010000110100
1101010000110110
1101010000111000
1101010000111010
1101010001001000
1101010001011000
1101010001100100
1101010001100110
1101010001101000
1101010001110100
1101010001110110
1101010001111000
1101010010111000
1101010011011000
1101010011100100
1101010011100110
1101010011101000
1101010100110000
1101010100111000
1101010110000110
1101010110011000
1101010110111000
1101010111011000
1101010111100110
1101010111101000
1101011000100100
1101011000100110
1101011000101000
1101011000110000
1101011000110010
1101011000110100
1101011000110110
1101011000111000
1101011000111010
1101011001000100
1101011001000110
1101011001001000
1101011001001110
1101011001010000
1101011001011000
1101011001100000
1101011001100010
1101011001100100
1101011001100110
1101011001101000
1101011001110000
1101011001110010
1101011001110100
1101011001110110
1101011001111000
1101011001111010
1101011010000110
1101011010001110
1101011010011000
1101011010011110
1101011011010000
1101011011011000
1101011011011110
1101011011100000
1101011011100010
1101011011100100
1101011011100110
1101011011101000
1101011100100100
1101011100100110
1101011100110000
1101011100110010
1101011100110100
1101011100110110
1101011100111000
1101011100111010
1101011101000100
1101011101000110
1101011101001000
1101011101001110
1101011101010000
1101011101011000
1101011101011110
1101011101100000
1101011101100010
1101011101100100
1101011101100110
1101011101101000
1101011101110000
1101011101110010
1101011101110100
1101011101110110
1101011101111000
1101011101111010
1101011110000110
1101011110001010
1101011110001110
1101011110010010
1101011110010100
1101011110010110
1101011110011000
1101011110011010
1101011110011110
1101011110100010
1101011110100100
1101011110100110
1101011110101000
1101011110110000
1101011110110010
1101011110110100
1101011110110110
1101011110111000
1101011110111010
1101011111010000
1101011111010010
1101011111010100
1101011111010110
1101011111011000
1101011111011010
1101011111011110
1101011111100000
1101011111100010
1101011111100100
1101011111101000
1101011111101010
1101100000101001
1101100000101010
1101100000101011
1101100000110010
1101100000110011
1101100000110101
1101100000110110
1101100000110111
1101100000111001
1101100000111010
1101100000111011
1101100001001001
1101100001001010
1101100001001011
1101100001001111
1101100001010011
1101100001010101
1101100001010110
1101100001010111
1101100001011001
1101100001011010
1101100001011011
1101100001011111
1101100001100011
1101100001100101
1101100001100110
1101100001100111
1101100001101001
1101100001101010
1101100001101011
1101100001110011
1101100001110101
1101100001110110
1101100001110111
1101100001111001
1101100001111010
1101100001111011
1101100010001001
1101100010001010
1101100010001011
1101100010001111
1101100010010011
1101100010010101
1101100010010110
1101100010010111
1101100010011001
1101100010011010
1101100010011011
1101100010011111
1101100010100011
1101100010100101
1101100010100110
1101100010100111
1101100010101001
1101100010110011
1101100010110101
1101100010110110
1101100010110111
1101100010111001
1101100010111011
1101100011010011
1101100011010101
1101100011010110
1101100011010111
1101100011011001
1101100011011010
1101100011011011
1101100011100011
1101100011100101
1101100011100110
1101100011101001
1101100011101010
1101100011101011
1101100100100100
1101100100100101
1101100100100110
1101100100100111
1101100100101000
1101100100101001
1101100100101011
1101100100110000
1101100100110010
1101100100110011
1101100100110100
1101100100110101
1101100100110110
1101100100110111
1101100100111000
1101100100111001
1101100100111010
1101100100111011
1101100101000100
1101100101000101
1101100101000110
1101100101000111
1101100101001000
1101100101001001
1101100101001011
1101100101001111
1101100101010011
1101100101010111
1101100101011000
1101100101011001
1101100101011011
1101100101011111
1101100101100011
1101100101100100
1101100101100101
1101100101100110
1101100101100111
1101100101101000
1101100101101001
1101100101101011
1101100101110011
1101100101110100
1101100101110101
1101100101110110
1101100101110111
1101100101111000
1101100101111001
1101100101111010
1101100101111011
1101100110000101
1101100110000110
1101100110000111
1101100110001001
1101100110001010
1101100110001011
1101100110001111
1101100110010011
1101100110010100
1101100110010101
1101100110010110
1101100110010111
1101100110011000
1101100110011001
1101100110011010
1101100110011011
1101100110011111
1101100110100011
1101100110100100
1101100110100101
1101100110100110
1101100110100111
1101100110101000
1101100110101001
1101100110101011
1101100110110011
1101100110110100
1101100110110101
1101100110110110
1101100110110111
1101100110111000
1101100110111001
1101100110111010
1101100111010011
1101100111010100
1101100111010101
1101100111010110
1101100111010111
1101100111011000
1101100111011010
1101100111011011
1101100111100011
1101100111100100
1101100111100101
1101100111100110
1101100111100111
1101100111101001
1101100111101010
1101100111101011
1101101000100101
1101101000100110
1101101000100111
1101101000101001
1101101000101011
1101101000110010
1101101000110011
1101101000110101
1101101000110110
1101101000110111
1101101000111001
1101101000111010
1101101000111011
1101101001000101
1101101001000110
1101101001000111
1101101001001001
1101101001001011
1101101001010011
1101101001010111
1101101001011001
1101101001011011
1101101001100011
1101101001110011
1101101010000101
1101101010000110
1101101010000111
1101101010001001
1101101010001011
1101101010010011
1101101010010111
1101101010011001
1101101010011011
1101101010011111
1101101010100011
1101101010100111
1101101010110011
1101101010110111
1101101010111001
1101101010111011
1101101011010011
1101101011010111
1101101011011001
1101101011011011
1101101011100011
1101101100100101
1101101100100110
1101101100100111
1101101100101000
1101101100101001
1101101100101011
1101101100110000
1101101100110010
1101101100110011
1101101100110100
1101101100110101
1101101100110110
1101101100110111
1101101100111000
1101101100111001
1101101100111010
1101101100111011
1101101101000100
1101101101000101
1101101101000110
1101101101000111
1101101101001000
1101101101001001
1101101101001011
1101101101010011
1101101101010111
1101101101011000
1101101101011001
1101101101011011
1101101101100011
1101101101110011
1101101110000101
1101101110000110
1101101110000111
1101101110001001
1101101110001010
1101101110001011
1101101110001111
1101101110010011
1101101110010100
1101101110010101
1101101110010110
1101101110010111
1101101110011000
1101101110011001
1101101110011010
1101101110011011
1101101110100011
1101101110100100
1101101110100101
1101101110100110
1101101110100111
1101101110101000
1101101110101001
1101101110101011
1101101110110011
1101101110110100
1101101110110101
1101101110110110
1101101110110111
1101101110111000
1101101110111001
1101101110111010
1101101110111011
1101101111010011
1101101111010100
1101101111010101
1101101111010110
1101101111010111
1101101111011001
1101101111011010
1101101111100011
1101110000100100
1101110000100110
1101110000101000
1101110000101010
1101110000110000
1101110000110010
1101110000110100
1101110000110110
1101110000111000
1101110000111010
1101110001000100
1101110001000110
1101110001001000
1101110001001010
1101110001001110
1101110001010000
1101110001010010
1101110001010100
1101110001010110
1101110001011000
1101110001011010
1101110001011110
1101110001100000
1101110001100010
1101110001100100
1101110001100110
1101110001101000
1101110001101010
1101110001110000
1101110001110010
1101110001110100
1101110001110110
1101110001111000
1101110001111010
1101110010000110
1101110010001010
1101110010001110
1101110010010010
1101110010010100
1101110010010110
1101110010011000
1101110010011010
1101110010011110
1101110010100010
1101110010100100
1101110010100110
1101110010101000
1101110010110000
1101110010110010
1101110010110100
1101110010110110
1101110010111000
1101110010111010
1101110011010000
1101110011010010
1101110011010100
1101110011010110
1101110011011000
1101110011011010
1101110011100000
1101110011100010
1101110011100100
1101110011100110
1101110011101000
1101110011101010
1101110100100100
1101110100100110
1101110100101000
1101110100110000
1101110100110010
1101110100110100
1101110100110110
1101110100111000
1101110100111010
1101110101000100
1101110101000110
1101110101001000
1101110101001110
1101110101010000
1101110101011000
1101110101011110
1101110101100000
1101110101100010
1101110101100100
1101110101100110
1101110101101000
1101110101110000
1101110101110010
1101110101110100
1101110101110110
1101110101111000
1101110101111010
1101110110000110
1101110110001010
1101110110001110
1101110110010010
1101110110010100
1101110110010110
1101110110011000
1101110110011010
1101110110011110
1101110110100010
1101110110100100
1101110110100110
1101110110101000
1101110110110000
1101110110110010
1101110110110100
1101110110110110
1101110110111010
1101110111010000
1101110111010010
1101110111010100
1101110111010110
1101110111011000
1101110111011010
1101110111100000
1101110111100010
1101110111100100
1101110111100110
1101110111101000
1101111000110000
1101111000110010
1101111001000100
1101111001000110
1101111001001000
1101111001001010
1101111001010000
1101111001010010
1101111001010100
1101111001010110
1101111001011000
1101111001011010
1101111001100000
1101111001100010
1101111001110000
1101111001110010
1101111010000110
1101111010001010
1101111010001110
1101111010010010
1101111010010100
1101111010010110
1101111010011000
1101111010011010
1101111010100010
1101111010100100
1101111010100110
1101111010110000
1101111010110010
1101111010110100
1101111010110110
1101111010111000
1101111011010000
1101111011010010
1101111011010100
1101111011010110
1101111011011000
1101111011100000
1101111011100010
1110001100100100
1110001100100101
1110001100100110
1110001100101000
1110001100101001
1110001100101010
1110001100101101
1110001100110000
1110001100110010
1110001100110011
1110001100110100
1110001100110101
1110001100110110
1110001100111000
1110001100111001
1110001100111010
1110001101000100
1110001101000101
1110001101000110
1110001101000111
1110001101001000
1110001101001001
1110001101001010
1110001101001011
1110001101001111
1110001101010100
1110001101010110
1110001101010111
1110001101011000
1110001101011001
1110001101011010
1110001101011011
1110001101011101
1110001101011110
1110001101011111
1110001101100000
1110001101100010
1110001101100011
1110001101100101
1110001101100110
1110001101100111
1110001101101000
1110001101101001
1110001101101010
1110001101101101
1110001101101110
1110001101101111
1110001101110000
1110001101110010
1110001101110011
1110001101110100
1110001101110101
1110001101110110
1110001101110111
1110001101111000
1110001101111001
1110001101111011
1110001101111101
1110001101111110
1110001110000101
1110001110000110
1110001110000111
1110001110001010
1110001110001011
1110001110001101
1110001110001110
1110001110001111
1110001110010100
1110001110010101
1110001110010110
1110001110010111
1110001110011001
1110001110011010
1110001110011011
1110001110011101
1110001110011110
1110001110011111
1110001110100010
1110001110100011
1110001110100100
1110001110100101
1110001110100110
1110001110101000
1110001110101001
1110001110101010
1110001110101011
1110001110101101
1110001110101110
1110001110101111
1110001110110000
1110001110110100
1110001110110101
1110001110110111
1110001110111000
1110001110111001
1110001110111010
1110001110111011
1110001110111101
1110001110111110
1110001111010110
1110001111010111
1110001111011000
1110001111011001
1110001111011010
1110001111011011
1110001111011101
1110001111011110
1110001111100010
1110001111100100
1110001111100101
1110001111100110
1110001111100111
1110001111101001
1110001111101010
1110001111101011
1110001111101101
1110001111101110
1110010100100100
1110010100100110
1110010100101000
1110010100101110
1110010100110100
1110010100110110
1110010100111000
1110010100111010
1110010100111110
1110010101000100
1110010101000110
1110010101001000
1110010101011000
1110010101100000
1110010101100010
1110010101100100
1110010101100110
1110010101101000
1110010101110000
1110010101110010
1110010101110100
1110010101110110
1110010101111000
1110010101111010
1110010101111110
1110010110001110
1110010110011110
1110010110100100
1110010110100110
1110010110101000
1110010110101110
1110010110110100
1110010110110110
1110010110111110
1110010111010100
1110010111011000
1110010111011010
1110010111011110
1110010111100000
1110011000101110
1110011000110000
1110011000110010
1110011000111110
1110011001000100
1110011001000110
1110011001001000
1110011001001010
1110011001001110
1110011001010100
1110011001010110
1110011001011010
1110011001100000
1110011001100010
1110011001100100
1110011001100110
1110011001101000
1110011001101010
1110011001110000
1110011001110010
1110011001110100
1110011001110110
1110011001111000
1110011001111010
1110011010000110
1110011010001010
1110011010001110
1110011010010100
1110011010010110
1110011010011000
1110011010011010
1110011010011110
1110011010100010
1110011010100100
1110011010100110
1110011010101000
1110011010101110
1110011010110000
1110011010110010
1110011010110100
1110011010110110
1110011010111000
1110011010111010
1110011010111110
1110011011010100
1110011011010110
1110011011011000
1110011011011010
1110011011011110
1110011011100000
1110011011100010
1110011011100100
1110011011101000
1110011011101010
1110011011101110
1110011100101110
1110011100110000
1110011100110010
1110011100111110
1110011101000100
1110011101000110
1110011101001000
1110011101001010
1110011101001110
1110011101010110
1110011101011000
1110011101011010
1110011101011110
1110011101100000
1110011101100010
1110011101100100
1110011101100110
1110011101101000
1110011101101010
1110011101110000
1110011101110010
1110011101110100
1110011101110110
1110011101111000
1110011101111010
1110011110000110
1110011110001010
1110011110010100
1110011110010110
1110011110011000
1110011110011010
1110011110011110
1110011110100010
1110011110110100
1110011110110110
1110011110111000
1110011110111110
1110011111010100
1110011111010110
1110011111011010
1110011111011110
1110011111100010
1110011111100100
1110011111100110
1110011111101000
1110011111101110
1110100100100100
1110100100100110
1110100100101000
1110100100101101
1110100100101110
1110100100101111
1110100100110000
1110100100110010
1110100100110011
1110100100110100
1110100100110110
1110100100111000
1110100100111001
1110100100111010
1110100100111110
1110100101000100
1110100101000110
1110100101000111
1110100101001000
1110100101001011
1110100101001110
1110100101010111
1110100101011000
1110100101011001
1110100101011011
1110100101011101
1110100101011110
1110100101011111
1110100101100000
1110100101100010
1110100101100011
1110100101100100
1110100101100101
1110100101100110
1110100101100111
1110100101101000
1110100101101001
1110100101101011
1110100101101101
1110100101101110
1110100101101111
1110100101110000
1110100101110010
1110100101110011
1110100101110100
1110100101110101
1110100101110110
1110100101110111
1110100101111000
1110100101111001
1110100101111010
1110100101111011
1110100101111101
1110100101111110
1110100110000101
1110100110000110
1110100110000111
1110100110001001
1110100110001010
1110100110001011
1110100110001101
1110100110010100
1110100110010110
1110100110010111
1110100110011000
1110100110011001
1110100110011010
1110100110011011
1110100110100010
1110100110100011
1110100110100100
1110100110100110
1110100110100111
1110100110101000
1110100110101011
1110100110101111
1110100110110000
1110100110110010
1110100110110011
1110100110110100
1110100110110101
1110100110110110
1110100110110111
1110100110111000
1110100110111001
1110100110111010
1110100110111011
1110100110111101
1110100110111110
1110100111010100
1110100111010110
1110100111010111
1110100111011000
1110100111011001
1110100111011011
1110100111011101
1110100111100000
1110100111100010
1110100111100011
1110100111100100
1110100111100110
1110100111100111
1110100111101000
1110100111101011
1110101000100110
1110101000101101
1110101000101110
1110101000101111
1110101000110010
1110101000110011
1110101000110110
1110101000111001
1110101000111010
1110101000111110
1110101001000110
1110101001000111
1110101001001011
1110101001001110
1110101001010111
1110101001011001
1110101001011011
1110101001011101
1110101001011110
1110101001011111
1110101001100010
1110101001100011
1110101001100110
1110101001100111
1110101001101011
1110101001110010
1110101001110011
1110101001110110
1110101001110111
1110101001111011
1110101010000110
1110101010000111
1110101010001011
1110101010001110
1110101010010111
1110101010110011
1110101010110111
1110101010111001
1110101011010111
1110101011011001
1110101011100010
1110101011100011
1110101011100101
1110101011100110
1110101011100111
1110101011101001
1110101100100100
1110101100100101
1110101100100110
1110101100101000
1110101100101001
1110101100101101
1110101100101110
1110101100101111
1110101100110000
1110101100110010
1110101100110011
1110101100110100
1110101100110101
1110101100110110
1110101100111000
1110101100111001
1110101100111010
1110101100111101
1110101100111110
1110101100111111
1110101101000100
1110101101000101
1110101101000110
1110101101000111
1110101101001000
1110101101001001
1110101101001011
1110101101001101
1110101101001110
1110101101001111
1110101101010111
1110101101011000
1110101101011001
1110101101011011
1110101101011101
1110101101011110
1110101101011111
1110101101100000
1110101101100010
1110101101100011
1110101101100100
1110101101100101
1110101101100110
1110101101100111
1110101101101000
1110101101101001
1110101101101011
1110101101110000
1110101101110010
1110101101110011
1110101101110100
1110101101110101
1110101101110110
1110101101110111
1110101101111000
1110101101111001
1110101101111010
1110101101111011
1110101110000101
1110101110000110
1110101110000111
1110101110001001
1110101110001010
1110101110001011
1110101110001101
1110101110001110
1110101110001111
1110101110010100
1110101110010101
1110101110010110
1110101110010111
1110101110011000
1110101110011001
1110101110011010
1110101110011011
1110101110011101
1110101110011110
1110101110011111
1110101110100010
1110101110100011
1110101110100100
1110101110100101
1110101110100110
1110101110100111
1110101110101000
1110101110101001
1110101110101101
1110101110110000
1110101110110010
1110101110110011
1110101110110100
1110101110110101
1110101110110110
1110101110110111
1110101110111000
1110101110111001
1110101111010100
1110101111010101
1110101111010110
1110101111010111
1110101111011000
1110101111011001
1110101111011010
1110101111011011
1110101111100000
1110101111100010
1110101111100011
1110101111100100
1110101111100101
1110101111100110
1110101111100111
1110101111101000
1110101111101001
1110110000101110
1110110000110000
1110110000110010
1110110000111110
1110110001000100
1110110001000110
1110110001001000
1110110001001010
1110110001001110
1110110001010100
1110110001010110
1110110001011000
1110110001011010
1110110001011110
1110110001100000
1110110001100010
1110110001100100
1110110001100110
1110110001101000
1110110001101010
1110110001101110
1110110001110000
1110110001110010
1110110001110100
1110110001110110
1110110001111000
1110110001111010
1110110001111110
1110110010000110
1110110010001010
1110110010011110
1110110010100010
1110110010100100
1110110010100110
1110110010101000
1110110010110000
1110110010110010
1110110010110100
1110110010110110
1110110010111000
1110110010111010
1110110011010100
1110110011010110
1110110011011000
1110110011011010
1110110011100000
1110110011100010
1110110011100100
1110110011100110
1110110011101000
1110110100101110
1110110100110010
1110110100111110
1110110101000100
1110110101000110
1110110101001000
1110110101001110
1110110101011000
1110110101011110
1110110101100000
1110110101100010
1110110101100100
1110110101100110
1110110101101000
1110110101101110
1110110101110000
1110110101110010
1110110101110100
1110110101110110
1110110101111000
1110110101111010
1110110101111110
1110110110000110
1110110110001010
1110110110001110
1110110110010100
1110110110010110
1110110110011000
1110110110011010
1110110110100010
1110110110100100
1110110110100110
1110110110110000
1110110110110010
1110110110110100
1110110110110110
1110110110111000
1110110110111010
1110110111010100
1110110111010110
1110110111011000
1110110111100000
1110110111100010
1110110111100110
1110110111101000
1110111001001110
1110111001011110
1110111001100000
1110111001100010
1110111001110000
1110111001110010
1110111010100010
1110111010110000
1110111010110010
1110111011100010
1111001000101001
1111001000101010
1111001000110010
1111001000110011
1111001000110101
1111001000110110
1111001000111001
1111001000111010
1111001001001001
1111001001001010
1111001001001011
1111001001001110
1111001001001111
1111001001010010
1111001001010011
1111001001010110
1111001001010111
1111001001011001
1111001001011010
1111001001011011
1111001001011101
1111001001011110
1111001001011111
1111001001100010
1111001001100011
1111001001100101
1111001001100110
1111001001100111
1111001001101001
1111001001101010
1111001001110010
1111001001110011
1111001001110110
1111001001110111
1111001001111001
1111001001111011
1111001010001010
1111001010001011
1111001010001101
1111001010001110
1111001010001111
1111001010010010
1111001010010011
1111001010010110
1111001010010111
1111001010011001
1111001010011010
1111001010011011
1111001010011110
1111001010100010
1111001010100011
1111001010100110
1111001010101011
1111001010110010
1111001010110011
1111001010110101
1111001010110111
1111001010111001
1111001010111010
1111001010111011
1111001011010010
1111001011010011
1111001011010101
1111001011010110
1111001011010111
1111001011011001
1111001011011010
1111001011011011
1111001011011101
1111001011011110
1111001011100010
1111001011100101
1111001011100110
1111001011100111
1111001011101001
1111001011101010
1111001011101011
1111001100100101
1111001100100110
1111001100101000
1111001100101001
1111001100101010
1111001100110000
1111001100110010
1111001100110011
1111001100110100
1111001100110101
1111001100110110
1111001100111000
1111001100111001
1111001100111010
1111001101000100
1111001101000101
1111001101000110
1111001101000111
1111001101001000
1111001101001001
1111001101001010
1111001101001011
1111001101001101
1111001101010000
1111001101010010
1111001101010011
1111001101010100
1111001101010110
1111001101010111
1111001101011000
1111001101011001
1111001101011010
1111001101011011
1111001101011110
1111001101011111
1111001101100000
1111001101100010
1111001101100011
1111001101100100
1111001101100101
1111001101100110
1111001101100111
1111001101101000
1111001101101001
1111001101101010
1111001101101011
1111001101110000
1111001101110010
1111001101110011
1111001101110100
1111001101110101
1111001101110110
1111001101110111
1111001101111000
1111001101111001
1111001101111010
1111001110000101
1111001110000110
1111001110000111
1111001110001001
1111001110001011
1111001110001101
1111001110001110
1111001110001111
1111001110010010
1111001110010011
1111001110010100
1111001110010110
1111001110010111
1111001110011000
1111001110011010
1111001110011011
1111001110011101
1111001110011110
1111001110011111
1111001110100011
1111001110100100
1111001110100110
1111001110100111
1111001110101011
1111001110110000
1111001110110010
1111001110110011
1111001110110100
1111001110110101
1111001110110110
1111001110111000
1111001110111001
1111001110111010
1111001110111011
1111001111010010
1111001111010011
1111001111010100
1111001111010110
1111001111010111
1111001111011000
1111001111011001
1111001111011010
1111001111011011
1111001111011101
1111001111011110
1111001111100010
1111001111100011
1111001111100110
1111001111100111
1111001111101000
1111001111101011
1111010000101000
1111010000101010
1111010000110000
1111010000110010
1111010000110100
1111010000110110
1111010000111000
1111010000111010
1111010001001000
1111010001001010
1111010001010000
1111010001010010
1111010001010100
1111010001010110
1111010001011000
1111010001011010
1111010001100000
1111010001100010
1111010001100100
1111010001100110
1111010001101000
1111010001101010
1111010001110000
1111010001110010
1111010001110100
1111010001110110
1111010001111000
1111010001111010
1111010010001010
1111010010001110
1111010010010100
1111010010010110
1111010010011000
1111010010011110
1111010010100010
1111010010100100
1111010010100110
1111010010101000
1111010010110010
1111010010110100
1111010010110110
1111010010111010
1111010011010000
1111010011010010
1111010011010100
1111010011011000
1111010011011010
1111010011011110
1111010011100010
1111010011100100
1111010011100110
1111010011101000
1111010100100100
1111010100100110
1111010100101000
1111010100110000
1111010100110010
1111010100110100
1111010100110110
1111010100111000
1111010101000100
1111010101001000
1111010101010000
1111010101011000
1111010101100000
1111010101100010
1111010101100100
1111010101100110
1111010101101000
1111010101110010
1111010101110100
1111010101110110
1111010101111000
1111010101111010
1111010110000110
1111010110001010
1111010110001110
1111010110010100
1111010110010110
1111010110011000
1111010110011010
1111010110011110
1111010110100010
1111010110100100
1111010110100110
1111010110101000
1111010110110000
1111010110110010
1111010110110100
1111010110110110
1111010110111000
1111010110111010
1111010111010000
1111010111010010
1111010111010100
1111010111010110
1111010111011000
1111010111011010
1111010111011110
1111010111100000
1111010111100010
1111010111100100
1111010111101000
1111010111101010
1111011000110000
1111011000110010
1111011001000100
1111011001000110
1111011001001000
1111011001001010
1111011001001110
1111011001010000
1111011001010010
1111011001010100
1111011001010110
1111011001011000
1111011001011010
1111011001011110
1111011001100000
1111011001100010
1111011001100100
1111011001100110
1111011001101000
1111011001101010
1111011001110000
1111011001110010
1111011001110100
1111011001110110
1111011001111000
1111011001111010
1111011010000110
1111011010001010
1111011010001110
1111011010010010
1111011010010100
1111011010010110
1111011010011000
1111011010011010
1111011010011110
1111011010100010
1111011010100100
1111011010100110
1111011010101000
1111011010110000
1111011010110010
1111011010110100
1111011010110110
1111011010111000
1111011011010000
1111011011010010
1111011011010100
1111011011010110
1111011011011010
1111011011011110
1111011011100000
1111011011100010
1111011011100100
1111011011100110
1111011011101000
1111011011101010
1111100000101001
1111100000101010
1111100000110010
1111100000110011
1111100000110101
1111100000110110
1111100000111001
1111100000111010
1111100001001001
1111100001001010
1111100001001011
1111100001001101
1111100001001110
1111100001001111
1111100001010010
1111100001010011
1111100001010110
1111100001010111
1111100001011001
1111100001011010
1111100001011011
1111100001011101
1111100001011110
1111100001011111
1111100001100010
1111100001100011
1111100001100101
1111100001100110
1111100001100111
1111100001101001
1111100001101010
1111100001101011
1111100001110010
1111100001110011
1111100001110101
1111100001110110
1111100001110111
1111100001111001
1111100001111010
1111100001111011
1111100010001001
1111100010001010
1111100010001011
1111100010001101
1111100010010010
1111100010010011
1111100010010110
1111100010010111
1111100010011001
1111100010011010
1111100010011011
1111100010011101
1111100010100010
1111100010100011
1111100010100110
1111100010100111
1111100010101011
1111100010110010
1111100010110011
1111100010110101
1111100010110110
1111100010110111
1111100010111001
1111100010111010
1111100010111011
1111100011010010
1111100011010011
1111100011010110
1111100011010111
1111100011011001
1111100011011011
1111100011011101
1111100011100010
1111100011100011
1111100011100101
1111100011100110
1111100011100111
1111100011101010
1111100011101011
1111100100100100
1111100100100110
1111100100101000
1111100100110000
1111100100110010
1111100100110011
1111100100110100
1111100100110110
1111100100111000
1111100100111001
1111100100111010
1111100101000100
1111100101000110
1111100101000111
1111100101001000
1111100101001011
1111100101001110
1111100101010000
1111100101010110
1111100101010111
1111100101011000
1111100101011001
1111100101011010
1111100101011011
1111100101011101
1111100101011110
1111100101011111
1111100101100010
1111100101100011
1111100101100100
1111100101100101
1111100101100110
1111100101100111
1111100101101000
1111100101101001
1111100101101010
1111100101101011
1111100101110010
1111100101110011
1111100101110100
1111100101110101
1111100101110110
1111100101110111
1111100101111000
1111100101111001
1111100101111010
1111100101111011
1111100110000101
1111100110000110
1111100110000111
1111100110001101
1111100110001110
1111100110010010
1111100110010011
1111100110010100
1111100110010110
1111100110010111
1111100110011000
1111100110011001
1111100110011010
1111100110011011
1111100110011101
1111100110100010
1111100110100011
1111100110100100
1111100110100110
1111100110100111
1111100110101000
1111100110101011
1111100110110000
1111100110110010
1111100110110011
1111100110110100
1111100110110101
1111100110110110
1111100110110111
1111100110111000
1111100110111001
1111100110111010
1111100110111011
1111100111010000
1111100111010010
1111100111010011
1111100111010100
1111100111010110
1111100111010111
1111100111011001
1111100111011010
1111100111100010
1111100111100011
1111100111100100
1111100111100110
1111100111100111
1111100111101000
1111100111101011
1111101000100110
1111101000110010
1111101000110011
1111101000110110
1111101000111010
1111101001000111
1111101001010110
1111101001010111
1111101001011001
1111101001011010
1111101001011011
1111101001100010
1111101001100011
1111101001110010
1111101001110011
1111101010000110
1111101010000111
1111101010001011
1111101010001110
1111101010010110
1111101010010111
1111101010011011
1111101010110010
1111101010110011
1111101010110101
1111101010110110
1111101010110111
1111101010111001
1111101011010010
1111101011010011
1111101011010101
1111101011010110
1111101011010111
1111101011011001
1111101011011010
1111101011011011
1111101011100010
1111101011100011
1111110000110010
1111110001000100
1111110001000110
1111110001001010
1111110001001110
1111110001010000
1111110001010010
1111110001010100
1111110001010110
1111110001011000
1111110001011010
1111110001011110
1111110001100010
1111110001100100
1111110001100110
1111110001101000
1111110001101010
1111110001110010
1111110001110100
1111110001110110
1111110001111010
1111110010000110
1111110010001010
1111110010001110
1111110010010010
1111110010010100
1111110010010110
1111110010011000
1111110010011010
1111110010100010
1111110010100100
1111110010100110
1111110010110000
1111110010110010
1111110010110100
1111110010110110
1111110010111000
1111110010111010
1111110011010000
1111110011010010
1111110011010100
1111110011010110
1111110011011000
1111110011100010
1111110011100100
1111110011100110
1111110011101000
