0000001100001101
0000001100100100
0000001100100101
0000001100100110
0000001100100111
0000001100101100
0000001100101101
0000001100110100
0000001100110101
0000001100110110
0000001100110111
0000001101000110
0000001101000111
0000001101001100
0000001101001101
0000001101010111
0000001101100100
0000001101100101
0000001101100110
0000001101100111
0000001101101100
0000001101101101
0000001101110000
0000001101110100
0000001101110101
0000001101110110
0000001101110111
0000001110000101
0000001110000110
0000001110001001
0000001110010010
0000001110010011
0000001110010100
0000001110010101
0000001110010110
0000001110010111
0000001110011100
0000001110011101
0000001110100011
0000001110100100
0000001110100101
0000001110100110
0000001110100111
0000001110101001
0000001110101100
0000001110101101
0000001110110000
0000001110110010
0000001110110011
0000001110110100
0000001110110101
0000001110110110
0000001110110111
0000001110111100
0000001110111101
0000001111000100
0000001111000101
0000001111000110
0000001111001000
0000001111001001
0000001111001100
0000001111001101
0000001111010000
0000001111010010
0000001111010011
0000001111010100
0000001111010101
0000001111010110
0000001111010111
0000001111100010
0000001111100100
0000001111100101
0000001111100110
0000001111101001
0000001111101100
0000001111101101
0000010100100110
0000010100100111
0000010100101101
0000010100110011
0000010100110110
0000010100110111
0000010100111100
0000010100111101
0000010101100010
0000010101100011
0000010101100110
0000010101100111
0000010101101000
0000010101101001
0000010101101101
0000010101110010
0000010101110011
0000010101110110
0000010101110111
0000010101111100
0000010101111101
0000010110000011
0000010110000110
0000010110000111
0000010110001010
0000010110001011
0000010110001100
0000010110001101
0000010110010010
0000010110010011
0000010110010110
0000010110010111
0000010110011000
0000010110011001
0000010110011100
0000010110011101
0000010110100010
0000010110100011
0000010110100100
0000010110100101
0000010110100110
0000010110100111
0000010110101000
0000010110101001
0000010110101010
0000010110101101
0000010110110010
0000010110110011
0000010110110100
0000010110110101
0000010110110110
0000010110110111
0000010110111000
0000010110111001
0000010110111100
0000010110111101
0000010111000010
0000010111000011
0000010111000110
0000010111000111
0000010111001000
0000010111001001
0000010111001010
0000010111001011
0000010111001100
0000010111001101
0000010111010010
0000010111010011
0000010111010110
0000010111010111
0000010111011000
0000010111011001
0000010111011100
0000010111011101
0000010111100000
0000010111100010
0000010111100011
0000010111100100
0000010111100101
0000010111100110
0000010111100111
0000010111101000
0000010111101001
0000010111101010
0000010111101011
0000010111101100
0000010111101101
0000011000001001
0000011000001011
0000011000001100
0000011000001101
0000011000001110
0000011000100011
0000011000100101
0000011000100110
0000011000100111
0000011000101001
0000011000101011
0000011000101100
0000011000101101
0000011000101110
0000011000101111
0000011000110010
0000011000110100
0000011000110101
0000011000110110
0000011000110111
0000011000111001
0000011000111100
0000011001000011
0000011001000110
0000011001000111
0000011001001000
0000011001001001
0000011001001011
0000011001001100
0000011001001101
0000011001001110
0000011001001111
0000011001010011
0000011001010110
0000011001010111
0000011001011000
0000011001011001
0000011001011100
0000011001011101
0000011001011110
0000011001100010
0000011001100011
0000011001100101
0000011001100110
0000011001100111
0000011001101000
0000011001101001
0000011001101010
0000011001101011
0000011001101100
0000011001101101
0000011001101110
0000011001101111
0000011001110010
0000011001110011
0000011001110101
0000011001110110
0000011001110111
0000011001111000
0000011001111001
0000011001111100
0000011001111101
0000011001111110
0000011010000011
0000011010000101
0000011010000110
0000011010000111
0000011010001001
0000011010001011
0000011010001100
0000011010001101
0000011010001110
0000011010001111
0000011010010010
0000011010010011
0000011010010100
0000011010010101
0000011010010111
0000011010011000
0000011010011001
0000011010011100
0000011010011101
0000011010011110
0000011010011111
0000011010100011
0000011010100100
0000011010100101
0000011010100110
0000011010100111
0000011010101001
0000011010101101
0000011010101110
0000011010101111
0000011010110010
0000011010110011
0000011010110100
0000011010110101
0000011010110110
0000011010110111
0000011010111000
0000011010111001
0000011010111100
0000011010111101
0000011010111110
0000011010111111
0000011011000010
0000011011000011
0000011011000100
0000011011000101
0000011011000110
0000011011000111
0000011011001000
0000011011001001
0000011011001010
0000011011001011
0000011011001100
0000011011001110
0000011011001111
0000011011010010
0000011011010011
0000011011010100
0000011011010101
0000011011010110
0000011011010111
0000011011011000
0000011011011001
0000011011011100
0000011011011101
0000011011011110
0000011011011111
0000011011100010
0000011011100011
0000011011100100
0000011011100101
0000011011100110
0000011011100111
0000011011101000
0000011011101001
0000011011101010
0000011011101011
0000011011101100
0000011011101101
0000011011101110
0000011011101111
0000011100000110
0000011100001100
0000011100001101
0000011100100100
0000011100100111
0000011100101100
0000011100101101
0000011100110000
0000011100110101
0000011100110110
0000011100110111
0000011101000110
0000011101000111
0000011101001100
0000011101001101
0000011101010110
0000011101010111
0000011101100100
0000011101100101
0000011101100110
0000011101100111
0000011101101100
0000011101101101
0000011101110100
0000011101110101
0000011101110110
0000011101110111
0000011110000101
0000011110001001
0000011110001100
0000011110001101
0000011110010010
0000011110010011
0000011110010100
0000011110010101
0000011110010110
0000011110010111
0000011110011100
0000011110011101
0000011110100010
0000011110100011
0000011110100100
0000011110100101
0000011110100110
0000011110100111
0000011110101000
0000011110101001
0000011110101100
0000011110101101
0000011110110000
0000011110110010
0000011110110011
0000011110110100
0000011110110101
0000011110110111
0000011110111100
0000011110111101
0000011111000100
0000011111000101
0000011111000110
0000011111001000
0000011111001001
0000011111001100
0000011111001101
0000011111010000
0000011111010010
0000011111010011
0000011111010100
0000011111010101
0000011111010110
0000011111010111
0000011111011100
0000011111011101
0000011111100010
0000011111100100
0000011111100101
0000011111100110
0000011111101000
0000011111101001
0000011111101100
0000011111101101
0000100100000011
0000100100000111
0000100100001101
0000100100100011
0000100100100110
0000100100101100
0000100100101101
0000100100110000
0000100100110010
0000100100110011
0000100100110100
0000100100110101
0000100100110111
0000100100111100
0000100100111101
0000100101000011
0000100101000110
0000100101000111
0000100101001100
0000100101001101
0000100101010011
0000100101010110
0000100101010111
0000100101011100
0000100101011101
0000100101100010
0000100101100100
0000100101100110
0000100101100111
0000100101101001
0000100101101100
0000100101101101
0000100101110011
0000100101110110
0000100101110111
0000100101111100
0000100101111101
0000100110000011
0000100110000101
0000100110000110
0000100110000111
0000100110001001
0000100110001011
0000100110001100
0000100110001101
0000100110010010
0000100110010011
0000100110010100
0000100110010101
0000100110010110
0000100110010111
0000100110011000
0000100110011001
0000100110011100
0000100110011101
0000100110100011
0000100110100100
0000100110100101
0000100110100110
0000100110100111
0000100110101001
0000100110101011
0000100110101100
0000100110101101
0000100110110000
0000100110110010
0000100110110011
0000100110110100
0000100110110101
0000100110110110
0000100110110111
0000100110111000
0000100110111001
0000100110111100
0000100110111101
0000100111000010
0000100111000011
0000100111000100
0000100111000101
0000100111000110
0000100111000111
0000100111001000
0000100111001001
0000100111001010
0000100111001011
0000100111001100
0000100111001101
0000100111010000
0000100111010010
0000100111010011
0000100111010100
0000100111010101
0000100111010111
0000100111011001
0000100111011100
0000100111011101
0000100111100000
0000100111100010
0000100111100011
0000100111100100
0000100111100101
0000100111100110
0000100111100111
0000100111101000
0000100111101001
0000100111101010
0000100111101011
0000100111101100
0000100111101101
0000101000000111
0000101000001101
0000101000001111
0000101000100111
0000101000101111
0000101000110100
0000101000110101
0000101000110110
0000101000111001
0000101000111100
0000101000111101
0000101000111110
0000101000111111
0000101001000011
0000101001000111
0000101001001011
0000101001001100
0000101001001101
0000101001001110
0000101001010011
0000101001010110
0000101001010111
0000101001011000
0000101001011001
0000101001011100
0000101001011101
0000101001011110
0000101001011111
0000101001100011
0000101001100101
0000101001100110
0000101001100111
0000101001101001
0000101001101011
0000101001101100
0000101001101101
0000101001101110
0000101001101111
0000101001110010
0000101001110100
0000101001110101
0000101001110110
0000101001110111
0000101001111000
0000101001111001
0000101001111100
0000101001111101
0000101001111110
0000101010000111
0000101010001101
0000101010001111
0000101010010011
0000101010010110
0000101010010111
0000101010011001
0000101010011100
0000101010011101
0000101010011110
0000101010011111
0000101010100111
0000101010101111
0000101010110011
0000101010110100
0000101010110111
0000101010111001
0000101010111100
0000101010111101
0000101010111110
0000101010111111
0000101011000011
0000101011000100
0000101011000101
0000101011000110
0000101011000111
0000101011001001
0000101011001011
0000101011001100
0000101011001101
0000101011001110
0000101011001111
0000101011010010
0000101011010011
0000101011010100
0000101011010111
0000101011011001
0000101011011100
0000101011011101
0000101011011110
0000101011011111
0000101011100011
0000101011100100
0000101011100101
0000101011100110
0000101011100111
0000101011101001
0000101011101011
0000101011101100
0000101011101101
0000101011101110
0000101011101111
0000101100000101
0000101100000110
0000101100000111
0000101100001100
0000101100001101
0000101100100100
0000101100100101
0000101100100110
0000101100100111
0000101100101100
0000101100101101
0000101100110000
0000101100110100
0000101100110101
0000101100110110
0000101100110111
0000101101000100
0000101101000101
0000101101000110
0000101101001100
0000101101001101
0000101101010000
0000101101010100
0000101101010111
0000101101100100
0000101101100110
0000101101100111
0000101101101100
0000101101101101
0000101101110000
0000101101110101
0000101101110110
0000101101110111
0000101110000101
0000101110000110
0000101110000111
0000101110001001
0000101110001100
0000101110001101
0000101110010011
0000101110010100
0000101110010101
0000101110010110
0000101110010111
0000101110011100
0000101110011101
0000101110100011
0000101110100100
0000101110100101
0000101110100110
0000101110100111
0000101110101001
0000101110101100
0000101110101101
0000101110110010
0000101110110011
0000101110110100
0000101110110101
0000101110110110
0000101110110111
0000101110111100
0000101110111101
0000101111000010
0000101111000011
0000101111000100
0000101111000101
0000101111000110
0000101111000111
0000101111001000
0000101111001001
0000101111001100
0000101111001101
0000101111010000
0000101111010010
0000101111010011
0000101111010100
0000101111010101
0000101111010110
0000101111010111
0000101111011100
0000101111011101
0000101111100000
0000101111100010
0000101111100011
0000101111100100
0000101111100101
0000101111100110
0000101111100111
0000101111101000
0000101111101001
0000101111101100
0000101111101101
0000110000000110
0000110000001001
0000110000001011
0000110000001101
0000110000100011
0000110000100100
0000110000100101
0000110000100110
0000110000100111
0000110000101001
0000110000101011
0000110000101100
0000110000101101
0000110000101110
0000110000101111
0000110000110010
0000110000110011
0000110000110100
0000110000110101
0000110000110110
0000110000110111
0000110000111000
0000110000111100
0000110000111101
0000110000111110
0000110001000010
0000110001000011
0000110001000110
0000110001000111
0000110001001001
0000110001001010
0000110001001011
0000110001001100
0000110001001101
0000110001001110
0000110001001111
0000110001010010
0000110001010011
0000110001010110
0000110001011000
0000110001011001
0000110001011100
0000110001011101
0000110001011110
0000110001011111
0000110001100010
0000110001100011
0000110001100100
0000110001100101
0000110001100111
0000110001101000
0000110001101001
0000110001101010
0000110001101011
0000110001101100
0000110001101101
0000110001101110
0000110001101111
0000110001110010
0000110001110011
0000110001110100
0000110001110110
0000110001110111
0000110001111000
0000110001111001
0000110001111100
0000110001111101
0000110001111110
0000110010000011
0000110010000101
0000110010000110
0000110010000111
0000110010001001
0000110010001011
0000110010001100
0000110010001101
0000110010001110
0000110010001111
0000110010010010
0000110010010100
0000110010010101
0000110010010110
0000110010010111
0000110010011000
0000110010011001
0000110010011100
0000110010011101
0000110010011110
0000110010011111
0000110010100011
0000110010100100
0000110010100101
0000110010100110
0000110010100111
0000110010101001
0000110010101011
0000110010101100
0000110010101101
0000110010101110
0000110010101111
0000110010110010
0000110010110011
0000110010110100
0000110010110101
0000110010110110
0000110010110111
0000110010111000
0000110010111001
0000110010111100
0000110010111101
0000110010111110
0000110010111111
0000110011000010
0000110011000011
0000110011000100
0000110011000101
0000110011000110
0000110011000111
0000110011001001
0000110011001010
0000110011001011
0000110011001100
0000110011001101
0000110011001110
0000110011001111
0000110011010010
0000110011010011
0000110011010100
0000110011010101
0000110011010110
0000110011010111
0000110011011000
0000110011011001
0000110011011100
0000110011011101
0000110011011110
0000110011011111
0000110011100010
0000110011100011
0000110011100100
0000110011100101
0000110011100110
0000110011100111
0000110011101000
0000110011101001
0000110011101010
0000110011101011
0000110011101100
0000110011101101
0000110011101110
0000110011101111
0000110100000011
0000110100000110
0000110100000111
0000110100001001
0000110100001100
0000110100100010
0000110100100011
0000110100100100
0000110100100101
0000110100100110
0000110100100111
0000110100101000
0000110100101001
0000110100101100
0000110100101101
0000110100110000
0000110100110010
0000110100110011
0000110100110100
0000110100110101
0000110100110110
0000110100110111
0000110100111100
0000110100111101
0000110101000010
0000110101000011
0000110101000110
0000110101000111
0000110101001000
0000110101001100
0000110101001101
0000110101010010
0000110101010011
0000110101010111
0000110101011100
0000110101011101
0000110101100010
0000110101100011
0000110101100100
0000110101100101
0000110101100110
0000110101101000
0000110101101001
0000110101101100
0000110101101101
0000110101110000
0000110101110010
0000110101110011
0000110101110100
0000110101110101
0000110101110111
0000110101111100
0000110101111101
0000110110000011
0000110110000110
0000110110000111
0000110110001001
0000110110001010
0000110110001011
0000110110001100
0000110110001101
0000110110010010
0000110110010011
0000110110010101
0000110110010110
0000110110010111
0000110110011000
0000110110011001
0000110110011100
0000110110011101
0000110110100010
0000110110100100
0000110110100101
0000110110100110
0000110110100111
0000110110101000
0000110110101001
0000110110101010
0000110110101011
0000110110101100
0000110110101101
0000110110110000
0000110110110011
0000110110110100
0000110110110101
0000110110110110
0000110110110111
0000110110111000
0000110110111001
0000110110111100
0000110110111101
0000110111000010
0000110111000011
0000110111000100
0000110111000101
0000110111000110
0000110111000111
0000110111001000
0000110111001001
0000110111001010
0000110111001011
0000110111001100
0000110111001101
0000110111010010
0000110111010011
0000110111010100
0000110111010101
0000110111010110
0000110111010111
0000110111011000
0000110111011001
0000110111011100
0000110111011101
0000110111100010
0000110111100011
0000110111100100
0000110111100101
0000110111100110
0000110111100111
0000110111101000
0000110111101001
0000110111101010
0000110111101011
0000110111101100
0000110111101101
0010001000100111
0010001000101101
0010001000101111
0010001000110100
0010001000110101
0010001000110110
0010001000110111
0010001000111001
0010001000111100
0010001000111101
0010001000111110
0010001000111111
0010001001000011
0010001001000110
0010001001000111
0010001001001011
0010001001001100
0010001001001101
0010001001001110
0010001001001111
0010001001010011
0010001001010110
0010001001010111
0010001001011000
0010001001011001
0010001001011100
0010001001011101
0010001001011110
0010001001011111
0010001001100011
0010001001100100
0010001001100101
0010001001100110
0010001001100111
0010001001101001
0010001001101011
0010001001101100
0010001001101101
0010001001101110
0010001001101111
0010001001110010
0010001001110011
0010001001110100
0010001001110101
0010001001110110
0010001001110111
0010001001111000
0010001001111001
0010001001111100
0010001001111101
0010001001111110
0010001010000111
0010001010001101
0010001010001111
0010001010010011
0010001010010110
0010001010010111
0010001010011001
0010001010011100
0010001010011101
0010001010011110
0010001010011111
0010001010100111
0010001010101111
0010001010110011
0010001010110100
0010001010110110
0010001010110111
0010001010111001
0010001010111100
0010001010111101
0010001010111110
0010001010111111
0010001011000011
0010001011000100
0010001011000101
0010001011000110
0010001011000111
0010001011001001
0010001011001011
0010001011001100
0010001011001101
0010001011001110
0010001011001111
0010001011010010
0010001011010011
0010001011010100
0010001011010110
0010001011010111
0010001011011000
0010001011011001
0010001011011100
0010001011011101
0010001011011110
0010001011011111
0010001011100011
0010001011100100
0010001011100101
0010001011100110
0010001011100111
0010001011101001
0010001011101011
0010001011101100
0010001011101101
0010001011101110
0010001100000111
0010001100001101
0010001100100100
0010001100100101
0010001100100110
0010001100100111
0010001100101100
0010001100101101
0010001100110101
0010001100110110
0010001100110111
0010001101000100
0010001101000101
0010001101000110
0010001101000111
0010001101001100
0010001101001101
0010001101010100
0010001101010110
0010001101010111
0010001101100000
0010001101100100
0010001101100101
0010001101100110
0010001101100111
0010001101101100
0010001101101101
0010001101110000
0010001101110100
0010001101110101
0010001101110110
0010001101110111
0010001110000011
0010001110000101
0010001110000110
0010001110000111
0010001110001001
0010001110001100
0010001110001101
0010001110010010
0010001110010011
0010001110010100
0010001110010101
0010001110010110
0010001110010111
0010001110011100
0010001110011101
0010001110100011
0010001110100100
0010001110100101
0010001110100110
0010001110100111
0010001110101001
0010001110101100
0010001110101101
0010001110110000
0010001110110010
0010001110110011
0010001110110100
0010001110110101
0010001110110110
0010001110110111
0010001110111100
0010001110111101
0010001111000010
0010001111000011
0010001111000100
0010001111000101
0010001111000110
0010001111000111
0010001111001000
0010001111001001
0010001111001100
0010001111001101
0010001111010000
0010001111010010
0010001111010011
0010001111010100
0010001111010110
0010001111010111
0010001111011100
0010001111011101
0010001111100000
0010001111100010
0010001111100011
0010001111100100
0010001111100101
0010001111100110
0010001111100111
0010001111101000
0010001111101001
0010001111101100
0010001111101101
0010010000100011
0010010000100110
0010010000100111
0010010000101011
0010010000101100
0010010000101101
0010010000101110
0010010000101111
0010010000110100
0010010000110101
0010010000110110
0010010000110111
0010010000111000
0010010000111001
0010010000111100
0010010000111101
0010010000111110
0010010000111111
0010010001000110
0010010001000111
0010010001001011
0010010001001100
0010010001001101
0010010001001110
0010010001001111
0010010001010011
0010010001010110
0010010001010111
0010010001011000
0010010001011001
0010010001011100
0010010001011101
0010010001011110
0010010001011111
0010010001100010
0010010001100011
0010010001100100
0010010001100101
0010010001100110
0010010001100111
0010010001101000
0010010001101001
0010010001101010
0010010001101011
0010010001101100
0010010001101101
0010010001101110
0010010001101111
0010010001110010
0010010001110011
0010010001110101
0010010001110110
0010010001110111
0010010001111000
0010010001111001
0010010001111100
0010010001111101
0010010001111110
0010010010000011
0010010010000110
0010010010000111
0010010010001011
0010010010001100
0010010010001101
0010010010001110
0010010010001111
0010010010010011
0010010010010110
0010010010010111
0010010010011000
0010010010011001
0010010010011100
0010010010011101
0010010010011110
0010010010011111
0010010010100011
0010010010100110
0010010010100111
0010010010101100
0010010010101110
0010010010101111
0010010010110010
0010010010110011
0010010010110100
0010010010110110
0010010010110111
0010010010111000
0010010010111001
0010010010111100
0010010010111101
0010010010111110
0010010010111111
0010010011000010
0010010011000011
0010010011000100
0010010011000101
0010010011000110
0010010011000111
0010010011001000
0010010011001001
0010010011001010
0010010011001011
0010010011001100
0010010011001101
0010010011001110
0010010011001111
0010010011010010
0010010011010011
0010010011010100
0010010011010110
0010010011010111
0010010011011000
0010010011011001
0010010011011100
0010010011011101
0010010011011110
0010010011011111
0010010011100010
0010010011100011
0010010011100100
0010010011100101
0010010011100110
0010010011100111
0010010011101000
0010010011101001
0010010011101010
0010010011101011
0010010011101100
0010010011101101
0010010011101110
0010010011101111
0010010100000011
0010010100001101
0010010100100011
0010010100100110
0010010100100111
0010010100101100
0010010100110000
0010010100110010
0010010100110011
0010010100110110
0010010100110111
0010010100111100
0010010101000110
0010010101000111
0010010101001100
0010010101011100
0010010101100000
0010010101100011
0010010101100100
0010010101100110
0010010101100111
0010010101101000
0010010101101100
0010010101110010
0010010101110011
0010010101110100
0010010101110110
0010010101110111
0010010101111100
0010010101111101
0010010110000011
0010010110000101
0010010110000110
0010010110000111
0010010110001001
0010010110001010
0010010110001011
0010010110001100
0010010110001101
0010010110010010
0010010110010011
0010010110010100
0010010110010110
0010010110010111
0010010110011000
0010010110011001
0010010110011100
0010010110011101
0010010110100010
0010010110100011
0010010110100100
0010010110100110
0010010110100111
0010010110101000
0010010110101100
0010010110110000
0010010110110010
0010010110110011
0010010110110100
0010010110110110
0010010110110111
0010010110111000
0010010110111001
0010010110111100
0010010110111101
0010010111000010
0010010111000011
0010010111000100
0010010111000101
0010010111000110
0010010111000111
0010010111001000
0010010111001001
0010010111001010
0010010111001011
0010010111001100
0010010111001101
0010010111010000
0010010111010010
0010010111010011
0010010111010100
0010010111010110
0010010111010111
0010010111011000
0010010111011001
0010010111011100
0010010111011101
0010010111100000
0010010111100010
0010010111100011
0010010111100100
0010010111100101
0010010111100110
0010010111100111
0010010111101000
0010010111101001
0010010111101010
0010010111101011
0010010111101100
0010010111101101
0010011000000011
0010011000000101
0010011000000110
0010011000000111
0010011000001001
0010011000001011
0010011000001100
0010011000001101
0010011000001110
0010011000001111
0010011000100011
0010011000100100
0010011000100101
0010011000100111
0010011000101001
0010011000101011
0010011000101100
0010011000101101
0010011000101110
0010011000101111
0010011000110010
0010011000110011
0010011000110100
0010011000110110
0010011000110111
0010011000111000
0010011000111001
0010011000111100
0010011000111101
0010011000111110
0010011000111111
0010011001000010
0010011001000011
0010011001000101
0010011001000110
0010011001000111
0010011001001000
0010011001001001
0010011001001010
0010011001001011
0010011001001100
0010011001001101
0010011001001110
0010011001001111
0010011001010100
0010011001010110
0010011001010111
0010011001011000
0010011001011001
0010011001011100
0010011001011101
0010011001011110
0010011001011111
0010011001100100
0010011001100101
0010011001100110
0010011001100111
0010011001101000
0010011001101001
0010011001101010
0010011001101011
0010011001101100
0010011001101101
0010011001101110
0010011001101111
0010011001110011
0010011001110100
0010011001110101
0010011001110110
0010011001110111
0010011001111000
0010011001111001
0010011001111100
0010011001111101
0010011001111110
0010011010000011
0010011010000101
0010011010000110
0010011010000111
0010011010001001
0010011010001011
0010011010001100
0010011010001101
0010011010001110
0010011010001111
0010011010010010
0010011010010011
0010011010010100
0010011010010110
0010011010010111
0010011010011000
0010011010011001
0010011010011100
0010011010011101
0010011010011110
0010011010011111
0010011010100011
0010011010100100
0010011010100110
0010011010100111
0010011010101100
0010011010101110
0010011010101111
0010011010110010
0010011010110011
0010011010110100
0010011010110110
0010011010110111
0010011010111000
0010011010111001
0010011010111100
0010011010111101
0010011010111110
0010011010111111
0010011011000010
0010011011000011
0010011011000100
0010011011000101
0010011011000110
0010011011000111
0010011011001000
0010011011001001
0010011011001010
0010011011001011
0010011011001100
0010011011001101
0010011011001110
0010011011001111
0010011011010010
0010011011010011
0010011011010100
0010011011010110
0010011011010111
0010011011011000
0010011011011001
0010011011011100
0010011011011101
0010011011011110
0010011011011111
0010011011100010
0010011011100011
0010011011100100
0010011011100101
0010011011100110
0010011011100111
0010011011101000
0010011011101001
0010011011101010
0010011011101011
0010011011101100
0010011011101101
0010011011101110
0010011011101111
0010011100000101
0010011100000110
0010011100000111
0010011100001100
0010011100001101
0010011100100100
0010011100100101
0010011100100110
0010011100101100
0010011100101101
0010011100110000
0010011100110100
0010011100110101
0010011100110111
0010011101000100
0010011101000110
0010011101000111
0010011101001100
0010011101001101
0010011101010000
0010011101010110
0010011101010111
0010011101100100
0010011101100101
0010011101100110
0010011101100111
0010011101101100
0010011101101101
0010011101110000
0010011101110100
0010011101110101
0010011101110110
0010011101110111
0010011110000011
0010011110000101
0010011110000110
0010011110000111
0010011110001001
0010011110001100
0010011110001101
0010011110010010
0010011110010011
0010011110010100
0010011110010110
0010011110010111
0010011110011100
0010011110011101
0010011110100010
0010011110100011
0010011110100100
0010011110100110
0010011110100111
0010011110101000
0010011110101100
0010011110101101
0010011110110000
0010011110110010
0010011110110011
0010011110110100
0010011110110101
0010011110110110
0010011110110111
0010011110111100
0010011110111101
0010011111000010
0010011111000011
0010011111000100
0010011111000101
0010011111000110
0010011111000111
0010011111001000
0010011111001001
0010011111001100
0010011111001101
0010011111010000
0010011111010010
0010011111010011
0010011111010100
0010011111010110
0010011111010111
0010011111011100
0010011111011101
0010011111100000
0010011111100010
0010011111100011
0010011111100100
0010011111100110
0010011111100111
0010011111101000
0010011111101100
0010011111101101
0010100000100111
0010100000101101
0010100000101111
0010100000110011
0010100000110100
0010100000110101
0010100000110110
0010100000111001
0010100000111100
0010100000111101
0010100000111110
0010100000111111
0010100001000011
0010100001000111
0010100001001011
0010100001001100
0010100001001101
0010100001001110
0010100001001111
0010100001010011
0010100001010110
0010100001010111
0010100001011000
0010100001011001
0010100001011100
0010100001011101
0010100001011110
0010100001011111
0010100001100011
0010100001100101
0010100001100110
0010100001100111
0010100001101001
0010100001101011
0010100001101101
0010100001101110
0010100001101111
0010100001110100
0010100001110101
0010100001110110
0010100001110111
0010100001111000
0010100001111001
0010100001111100
0010100001111101
0010100001111110
0010100010000111
0010100010001101
0010100010001111
0010100010010011
0010100010010110
0010100010010111
0010100010011001
0010100010011100
0010100010011101
0010100010011110
0010100010011111
0010100010100111
0010100010101111
0010100010110011
0010100010110100
0010100010110110
0010100010110111
0010100010111001
0010100010111100
0010100010111101
0010100010111110
0010100010111111
0010100011000011
0010100011000100
0010100011000101
0010100011000110
0010100011000111
0010100011001001
0010100011001011
0010100011001100
0010100011001101
0010100011001110
0010100011001111
0010100011010010
0010100011010011
0010100011010100
0010100011010110
0010100011010111
0010100011011000
0010100011011001
0010100011011100
0010100011011101
0010100011011110
0010100011011111
0010100011100011
0010100011100100
0010100011100101
0010100011100110
0010100011100111
0010100011101001
0010100011101011
0010100011101100
0010100011101101
0010100011101110
0010100011101111
0010100100000011
0010100100000111
0010100100001101
0010100100100011
0010100100100110
0010100100100111
0010100100101100
0010100100110000
0010100100110010
0010100100110011
0010100100110100
0010100100110110
0010100100110111
0010100100111100
0010100101000011
0010100101000110
0010100101001100
0010100101011100
0010100101100000
0010100101100010
0010100101100011
0010100101100100
0010100101100110
0010100101100111
0010100101101000
0010100101101100
0010100101110000
0010100101110010
0010100101110011
0010100101110110
0010100101110111
0010100101111100
0010100101111101
0010100110000101
0010100110000110
0010100110000111
0010100110001001
0010100110001011
0010100110001100
0010100110001101
0010100110010100
0010100110010110
0010100110010111
0010100110011000
0010100110011001
0010100110011100
0010100110011101
0010100110100011
0010100110100100
0010100110100110
0010100110100111
0010100110101100
0010100110110010
0010100110110011
0010100110110100
0010100110110110
0010100110110111
0010100110111000
0010100110111001
0010100110111100
0010100110111101
0010100111000010
0010100111000011
0010100111000100
0010100111000101
0010100111000110
0010100111000111
0010100111001000
0010100111001001
0010100111001010
0010100111001011
0010100111001100
0010100111001101
0010100111010000
0010100111010010
0010100111010011
0010100111010100
0010100111010110
0010100111010111
0010100111011000
0010100111011001
0010100111011100
0010100111011101
0010100111100000
0010100111100010
0010100111100011
0010100111100100
0010100111100110
0010100111100111
0010100111101000
0010100111101011
0010100111101100
0010100111101101
0010101000000111
0010101000001101
0010101000001111
0010101000100111
0010101000101111
0010101000110011
0010101000110100
0010101000110110
0010101000110111
0010101000111100
0010101000111110
0010101001000011
0010101001000110
0010101001000111
0010101001001100
0010101001001110
0010101001011000
0010101001011100
0010101001011110
0010101001011111
0010101001100011
0010101001100100
0010101001100111
0010101001101100
0010101001101110
0010101001101111
0010101001110010
0010101001110011
0010101001110100
0010101001110110
0010101001110111
0010101001111000
0010101001111100
0010101010000111
0010101010011100
0010101010111100
0010101010111110
0010101010111111
0010101011000110
0010101011001100
0010101011001110
0010101011011100
0010101011011110
0010101011011111
0010101011100011
0010101011100110
0010101011100111
0010101011101100
0010101011101110
0010101011101111
0010101100000101
0010101100000110
0010101100000111
0010101100001100
0010101100100100
0010101100100110
0010101100100111
0010101100101100
0010101100110000
0010101100110100
0010101100110110
0010101100110111
0010101101000100
0010101101000110
0010101101000111
0010101101001100
0010101101010000
0010101101100100
0010101101100110
0010101101101100
0010101101110000
0010101101110100
0010101101110111
0010101110000011
0010101110000110
0010101110000111
0010101110001001
0010101110001100
0010101110001101
0010101110010010
0010101110010011
0010101110010110
0010101110010111
0010101110011100
0010101110011101
0010101110100100
0010101110100110
0010101110100111
0010101110101100
0010101110110000
0010101110110100
0010101110110110
0010101110110111
0010101110111100
0010101110111101
0010101111000011
0010101111000100
0010101111000101
0010101111000110
0010101111000111
0010101111001000
0010101111001001
0010101111001100
0010101111001101
0010101111010010
0010101111010011
0010101111010100
0010101111010110
0010101111010111
0010101111011100
0010101111011101
0010101111100000
0010101111100010
0010101111100011
0010101111100100
0010101111100101
0010101111100110
0010101111100111
0010101111101000
0010101111101001
0010101111101100
0010101111101101
0010110000000011
0010110000000101
0010110000000110
0010110000000111
0010110000001001
0010110000001011
0010110000001100
0010110000001101
0010110000001111
0010110000100011
0010110000100100
0010110000100101
0010110000100110
0010110000100111
0010110000101001
0010110000101011
0010110000101101
0010110000101110
0010110000101111
0010110000110010
0010110000110011
0010110000110100
0010110000110101
0010110000110110
0010110000110111
0010110000111000
0010110000111001
0010110000111100
0010110000111101
0010110000111110
0010110000111111
0010110001000010
0010110001000011
0010110001000100
0010110001000101
0010110001000110
0010110001000111
0010110001001000
0010110001001001
0010110001001011
0010110001001100
0010110001001101
0010110001001110
0010110001001111
0010110001010010
0010110001010011
0010110001010100
0010110001010110
0010110001010111
0010110001011000
0010110001011100
0010110001011101
0010110001011110
0010110001011111
0010110001100010
0010110001100011
0010110001100100
0010110001100101
0010110001100110
0010110001100111
0010110001101001
0010110001101010
0010110001101011
0010110001101100
0010110001101101
0010110001101110
0010110001101111
0010110001110010
0010110001110011
0010110001110100
0010110001110101
0010110001110110
0010110001111000
0010110001111001
0010110001111100
0010110001111101
0010110001111110
0010110010000011
0010110010000101
0010110010000111
0010110010001001
0010110010001011
0010110010001100
0010110010001101
0010110010001110
0010110010001111
0010110010010010
0010110010010011
0010110010010100
0010110010010110
0010110010010111
0010110010011000
0010110010011001
0010110010011100
0010110010011101
0010110010011110
0010110010011111
0010110010100011
0010110010100110
0010110010100111
0010110010101100
0010110010101110
0010110010101111
0010110010110100
0010110010110110
0010110010110111
0010110010111000
0010110010111001
0010110010111100
0010110010111101
0010110010111110
0010110010111111
0010110011000100
0010110011000101
0010110011000110
0010110011000111
0010110011001000
0010110011001001
0010110011001010
0010110011001011
0010110011001100
0010110011001101
0010110011001110
0010110011001111
0010110011010011
0010110011010100
0010110011010110
0010110011010111
0010110011011000
0010110011011001
0010110011011100
0010110011011101
0010110011011110
0010110011011111
0010110011100010
0010110011100011
0010110011100100
0010110011100101
0010110011100110
0010110011100111
0010110011101000
0010110011101001
0010110011101010
0010110011101011
0010110011101100
0010110011101101
0010110011101110
0010110011101111
0010110100000011
0010110100000101
0010110100000110
0010110100000111
0010110100001001
0010110100001100
0010110100001101
0010110100100010
0010110100100011
0010110100100110
0010110100100111
0010110100101000
0010110100101100
0010110100110000
0010110100110010
0010110100110011
0010110100110100
0010110100110110
0010110100110111
0010110100111101
0010110101000010
0010110101000011
0010110101000100
0010110101000110
0010110101000111
0010110101001000
0010110101001100
0010110101010000
0010110101011100
0010110101100010
0010110101100011
0010110101100100
0010110101100110
0010110101100111
0010110101101000
0010110101101100
0010110101110000
0010110101110010
0010110101110011
0010110101110100
0010110101110110
0010110101110111
0010110101111100
0010110101111101
0010110110000011
0010110110000101
0010110110000110
0010110110001001
0010110110001010
0010110110001011
0010110110001100
0010110110001101
0010110110010010
0010110110010011
0010110110010100
0010110110010111
0010110110011000
0010110110011001
0010110110011100
0010110110011101
0010110110100010
0010110110100011
0010110110100100
0010110110100110
0010110110100111
0010110110101000
0010110110101100
0010110110110000
0010110110110010
0010110110110011
0010110110110110
0010110110110111
0010110110111000
0010110110111001
0010110110111100
0010110110111101
0010110111000100
0010110111000101
0010110111000110
0010110111000111
0010110111001000
0010110111001001
0010110111001010
0010110111001011
0010110111001100
0010110111001101
0010110111010000
0010110111010100
0010110111010110
0010110111010111
0010110111011000
0010110111011001
0010110111011100
0010110111011101
0010110111100000
0010110111100011
0010110111100100
0010110111100101
0010110111100110
0010110111100111
0010110111101000
0010110111101001
0010110111101010
0010110111101011
0010110111101100
0010110111101101
0011001000100101
0011001000100110
0011001000100111
0011001000101001
0011001000101011
0011001000101100
0011001000101101
0011001000101110
0011001000101111
0011001000110101
0011001000110110
0011001000110111
0011001000111000
0011001000111001
0011001000111100
0011001000111101
0011001000111110
0011001000111111
0011001001000010
0011001001000100
0011001001000101
0011001001000110
0011001001001000
0011001001001001
0011001001001010
0011001001001011
0011001001001100
0011001001001101
0011001001001110
0011001001001111
0011001001010010
0011001001010011
0011001001010100
0011001001010110
0011001001010111
0011001001011000
0011001001011001
0011001001011100
0011001001011101
0011001001011110
0011001001011111
0011001001100010
0011001001100011
0011001001100100
0011001001100101
0011001001100110
0011001001100111
0011001001101000
0011001001101001
0011001001101010
0011001001101011
0011001001101100
0011001001101101
0011001001101110
0011001001101111
0011001001110010
0011001001110011
0011001001110100
0011001001110101
0011001001110110
0011001001110111
0011001001111000
0011001001111001
0011001001111100
0011001001111101
0011001001111110
0011001010000011
0011001010000101
0011001010000110
0011001010000111
0011001010001001
0011001010001011
0011001010001100
0011001010001101
0011001010001110
0011001010001111
0011001010010010
0011001010010011
0011001010010100
0011001010010110
0011001010010111
0011001010011000
0011001010011001
0011001010011100
0011001010011101
0011001010011110
0011001010011111
0011001010100011
0011001010100100
0011001010100110
0011001010100111
0011001010101100
0011001010101110
0011001010101111
0011001010110010
0011001010110011
0011001010110100
0011001010110110
0011001010110111
0011001010111000
0011001010111001
0011001010111100
0011001010111101
0011001010111110
0011001010111111
0011001011000010
0011001011000011
0011001011000100
0011001011000101
0011001011000110
0011001011000111
0011001011001000
0011001011001001
0011001011001010
0011001011001011
0011001011001100
0011001011001101
0011001011001110
0011001011001111
0011001011010010
0011001011010011
0011001011010100
0011001011010110
0011001011010111
0011001011011000
0011001011011001
0011001011011100
0011001011011101
0011001011011110
0011001011011111
0011001011100010
0011001011100011
0011001011100100
0011001011100101
0011001011100110
0011001011100111
0011001011101000
0011001011101001
0011001011101010
0011001011101011
0011001011101100
0011001011101101
0011001011101110
0011001011101111
0011001100000101
0011001100000111
0011001100001101
0011001100100101
0011001100100110
0011001100100111
0011001100101100
0011001100101101
0011001100110101
0011001100110110
0011001100110111
0011001101000101
0011001101000110
0011001101000111
0011001101001100
0011001101001101
0011001101010000
0011001101010100
0011001101010110
0011001101010111
0011001101100100
0011001101100101
0011001101100110
0011001101100111
0011001101101100
0011001101101101
0011001101110000
0011001101110100
0011001101110101
0011001101110110
0011001101110111
0011001110000011
0011001110000101
0011001110000110
0011001110000111
0011001110001001
0011001110001100
0011001110001101
0011001110010010
0011001110010011
0011001110010100
0011001110010101
0011001110010110
0011001110010111
0011001110011100
0011001110011101
0011001110100010
0011001110100011
0011001110100100
0011001110100101
0011001110100110
0011001110100111
0011001110101000
0011001110101001
0011001110101100
0011001110101101
0011001110110000
0011001110110010
0011001110110011
0011001110110100
0011001110110101
0011001110110110
0011001110110111
0011001110111100
0011001110111101
0011001111000010
0011001111000011
0011001111000100
0011001111000101
0011001111000110
0011001111000111
0011001111001000
0011001111001001
0011001111001100
0011001111001101
0011001111010000
0011001111010010
0011001111010011
0011001111010100
0011001111010110
0011001111010111
0011001111011100
0011001111011101
0011001111100000
0011001111100010
0011001111100011
0011001111100100
0011001111100101
0011001111100110
0011001111100111
0011001111101000
0011001111101001
0011001111101100
0011001111101101
0011010000100010
0011010000100100
0011010000100110
0011010000100111
0011010000101000
0011010000101001
0011010000101010
0011010000101011
0011010000101100
0011010000101101
0011010000101110
0011010000101111
0011010000110101
0011010000110110
0011010000110111
0011010000111000
0011010000111001
0011010000111100
0011010000111101
0011010000111110
0011010000111111
0011010001000110
0011010001000111
0011010001001000
0011010001001001
0011010001001010
0011010001001011
0011010001001100
0011010001001101
0011010001001110
0011010001001111
0011010001010110
0011010001010111
0011010001011000
0011010001011001
0011010001011100
0011010001011101
0011010001011110
0011010001011111
0011010001100010
0011010001100011
0011010001100100
0011010001100101
0011010001100110
0011010001100111
0011010001101000
0011010001101001
0011010001101010
0011010001101011
0011010001101100
0011010001101101
0011010001101110
0011010001101111
0011010001110010
0011010001110011
0011010001110100
0011010001110101
0011010001110110
0011010001110111
0011010001111000
0011010001111001
0011010001111100
0011010001111101
0011010001111110
0011010010000011
0011010010000101
0011010010000110
0011010010000111
0011010010001001
0011010010001010
0011010010001011
0011010010001100
0011010010001101
0011010010001110
0011010010001111
0011010010010010
0011010010010011
0011010010010100
0011010010010110
0011010010010111
0011010010011000
0011010010011001
0011010010011100
0011010010011101
0011010010011110
0011010010011111
0011010010100010
0011010010100011
0011010010100100
0011010010100110
0011010010100111
0011010010101000
0011010010101100
0011010010101110
0011010010101111
0011010010110010
0011010010110011
0011010010110100
0011010010110110
0011010010110111
0011010010111000
0011010010111001
0011010010111100
0011010010111101
0011010010111110
0011010010111111
0011010011000010
0011010011000011
0011010011000100
0011010011000101
0011010011000110
0011010011000111
0011010011001000
0011010011001001
0011010011001010
0011010011001011
0011010011001100
0011010011001101
0011010011001110
0011010011001111
0011010011010010
0011010011010011
0011010011010100
0011010011010110
0011010011010111
0011010011011000
0011010011011001
0011010011011100
0011010011011101
0011010011011110
0011010011011111
0011010011100010
0011010011100011
0011010011100100
0011010011100101
0011010011100110
0011010011100111
0011010011101000
0011010011101001
0011010011101010
0011010011101011
0011010011101100
0011010011101101
0011010100000011
0011010100000111
0011010100001001
0011010100001101
0011010100100010
0011010100100011
0011010100100100
0011010100100111
0011010100101000
0011010100101100
0011010100110000
0011010100110010
0011010100110011
0011010100110100
0011010100110110
0011010100110111
0011010100111100
0011010101000010
0011010101000110
0011010101000111
0011010101001000
0011010101001100
0011010101011100
0011010101100100
0011010101100110
0011010101100111
0011010101101000
0011010101101100
0011010101110000
0011010101110010
0011010101110011
0011010101110100
0011010101110110
0011010101110111
0011010101111100
0011010101111101
0011010110000011
0011010110000101
0011010110000110
0011010110000111
0011010110001001
0011010110001010
0011010110001011
0011010110001100
0011010110001101
0011010110010010
0011010110010011
0011010110010100
0011010110010110
0011010110010111
0011010110011000
0011010110011001
0011010110011100
0011010110011101
0011010110100010
0011010110100011
0011010110100100
0011010110100110
0011010110100111
0011010110101000
0011010110101100
0011010110110000
0011010110110010
0011010110110011
0011010110110100
0011010110110110
0011010110110111
0011010110111000
0011010110111001
0011010110111100
0011010110111101
0011010111000010
0011010111000011
0011010111000100
0011010111000101
0011010111000110
0011010111000111
0011010111001000
0011010111001001
0011010111001010
0011010111001011
0011010111001100
0011010111001101
0011010111010000
0011010111010010
0011010111010011
0011010111010100
0011010111010110
0011010111010111
0011010111011000
0011010111011001
0011010111011100
0011010111011101
0011010111100000
0011010111100010
0011010111100011
0011010111100100
0011010111100101
0011010111101000
0011010111101001
0011011000000011
0011011000000101
0011011000000110
0011011000000111
0011011000001010
0011011000001011
0011011000001100
0011011000001101
0011011000001110
0011011000001111
0011011000100010
0011011000100011
0011011000100101
0011011000100110
0011011000101000
0011011000101001
0011011000101010
0011011000101011
0011011000101100
0011011000101101
0011011000101110
0011011000101111
0011011000110010
0011011000110011
0011011000110100
0011011000110101
0011011000110111
0011011000111000
0011011000111001
0011011000111100
0011011000111101
0011011000111110
0011011000111111
0011011001000010
0011011001000011
0011011001000100
0011011001000110
0011011001000111
0011011001001000
0011011001001001
0011011001001010
0011011001001011
0011011001001100
0011011001001101
0011011001001110
0011011001001111
0011011001010010
0011011001010110
0011011001010111
0011011001011000
0011011001011001
0011011001011100
0011011001011101
0011011001011110
0011011001011111
0011011001100101
0011011001100110
0011011001100111
0011011001101000
0011011001101001
0011011001101010
0011011001101011
0011011001101100
0011011001101101
0011011001101110
0011011001101111
0011011001110100
0011011001110101
0011011001110110
0011011001110111
0011011001111000
0011011001111001
0011011001111100
0011011001111101
0011011001111110
0011011010000011
0011011010000101
0011011010000110
0011011010000111
0011011010001001
0011011010001010
0011011010001011
0011011010001100
0011011010001101
0011011010001110
0011011010001111
0011011010010010
0011011010010011
0011011010010100
0011011010010110
0011011010010111
0011011010011000
0011011010011001
0011011010011100
0011011010011101
0011011010011110
0011011010011111
0011011010100010
0011011010100011
0011011010100100
0011011010100110
0011011010100111
0011011010101000
0011011010101100
0011011010101110
0011011010101111
0011011010110010
0011011010110011
0011011010110100
0011011010110110
0011011010110111
0011011010111000
0011011010111001
0011011010111100
0011011010111101
0011011010111110
0011011010111111
0011011011000010
0011011011000011
0011011011000100
0011011011000101
0011011011000110
0011011011000111
0011011011001000
0011011011001001
0011011011001010
0011011011001011
0011011011001100
0011011011001101
0011011011001110
0011011011001111
0011011011010010
0011011011010011
0011011011010100
0011011011010110
0011011011010111
0011011011011001
0011011011011100
0011011011011101
0011011011011110
0011011011011111
0011011011100010
0011011011100011
0011011011100100
0011011011100101
0011011011100110
0011011011100111
0011011011101000
0011011011101001
0011011011101010
0011011011101011
0011011011101100
0011011011101101
0011011100000101
0011011100000110
0011011100000111
0011011100001100
0011011100001101
0011011100100100
0011011100100101
0011011100100110
0011011100100111
0011011100101100
0011011100110000
0011011100110100
0011011100110101
0011011100110110
0011011101000100
0011011101000101
0011011101000111
0011011101001100
0011011101001101
0011011101010000
0011011101010100
0011011101010110
0011011101010111
0011011101100000
0011011101100101
0011011101100110
0011011101100111
0011011101101100
0011011101101101
0011011101110000
0011011101110101
0011011101110110
0011011101110111
0011011110000101
0011011110000110
0011011110000111
0011011110001001
0011011110001100
0011011110001101
0011011110010010
0011011110010011
0011011110010100
0011011110010101
0011011110010110
0011011110010111
0011011110011100
0011011110011101
0011011110100010
0011011110100011
0011011110100100
0011011110100101
0011011110100110
0011011110100111
0011011110101000
0011011110101001
0011011110101100
0011011110101101
0011011110110000
0011011110110010
0011011110110011
0011011110110100
0011011110110101
0011011110110110
0011011110110111
0011011110111100
0011011110111101
0011011111000010
0011011111000011
0011011111000100
0011011111000101
0011011111000110
0011011111000111
0011011111001001
0011011111001100
0011011111001101
0011011111010000
0011011111010010
0011011111010011
0011011111010100
0011011111010110
0011011111010111
0011011111011100
0011011111011101
0011011111100000
0011011111100010
0011011111100011
0011011111100100
0011011111100101
0011011111101000
0011011111101001
0011100000100011
0011100000100100
0011100000100101
0011100000100110
0011100000100111
0011100000101011
0011100000101100
0011100000101101
0011100000101110
0011100000101111
0011100000110010
0011100000110011
0011100000110100
0011100000110101
0011100000110110
0011100000110111
0011100000111001
0011100000111100
0011100000111101
0011100000111110
0011100001000010
0011100001000011
0011100001000100
0011100001000101
0011100001000110
0011100001001000
0011100001001001
0011100001001010
0011100001001011
0011100001001100
0011100001001101
0011100001001110
0011100001001111
0011100001010010
0011100001010011
0011100001010100
0011100001010101
0011100001010111
0011100001011000
0011100001011001
0011100001011100
0011100001011101
0011100001011110
0011100001011111
0011100001100010
0011100001100011
0011100001100100
0011100001100110
0011100001100111
0011100001101000
0011100001101001
0011100001101010
0011100001101011
0011100001101100
0011100001101101
0011100001101110
0011100001101111
0011100001110010
0011100001110101
0011100001110110
0011100001110111
0011100001111000
0011100001111001
0011100001111100
0011100001111101
0011100001111110
0011100010000101
0011100010000110
0011100010000111
0011100010001001
0011100010001011
0011100010001100
0011100010001101
0011100010001110
0011100010001111
0011100010010100
0011100010010101
0011100010010110
0011100010010111
0011100010011000
0011100010011001
0011100010011100
0011100010011101
0011100010011110
0011100010011111
0011100010100011
0011100010100100
0011100010100101
0011100010100110
0011100010100111
0011100010101001
0011100010101011
0011100010101100
0011100010101101
0011100010101110
0011100010101111
0011100010110010
0011100010110011
0011100010110100
0011100010110101
0011100010110110
0011100010110111
0011100010111000
0011100010111001
0011100010111100
0011100010111101
0011100010111110
0011100010111111
0011100011000010
0011100011000011
0011100011000100
0011100011000101
0011100011000110
0011100011000111
0011100011001000
0011100011001001
0011100011001010
0011100011001011
0011100011001100
0011100011001101
0011100011001110
0011100011001111
0011100011010010
0011100011010011
0011100011010110
0011100011010111
0011100011011000
0011100011011001
0011100011011100
0011100011011101
0011100011011110
0011100011011111
0011100011100101
0011100011100110
0011100011100111
0011100011101000
0011100011101001
0011100011101010
0011100011101011
0011100011101100
0011100011101101
0011100011101110
0011100011101111
0011100100000011
0011100100000101
0011100100000111
0011100100001001
0011100100001101
0011100100100010
0011100100100011
0011100100100100
0011100100100101
0011100100100110
0011100100100111
0011100100101000
0011100100101001
0011100100101100
0011100100101101
0011100100110000
0011100100110010
0011100100110011
0011100100110100
0011100100110101
0011100100110110
0011100100110111
0011100100111100
0011100100111101
0011100101000010
0011100101000011
0011100101000100
0011100101000101
0011100101000110
0011100101000111
0011100101001001
0011100101001100
0011100101001101
0011100101010000
0011100101010010
0011100101010011
0011100101010100
0011100101010110
0011100101011100
0011100101011101
0011100101100000
0011100101100010
0011100101100011
0011100101100100
0011100101100101
0011100101100111
0011100101101000
0011100101101001
0011100101101100
0011100101101101
0011100101110000
0011100101110010
0011100101110011
0011100101110100
0011100101110110
0011100101110111
0011100101111100
0011100101111101
0011100110000101
0011100110000110
0011100110000111
0011100110001001
0011100110001010
0011100110001011
0011100110001100
0011100110001101
0011100110010101
0011100110010110
0011100110010111
0011100110011000
0011100110011001
0011100110011100
0011100110011101
0011100110100100
0011100110100101
0011100110100110
0011100110100111
0011100110101000
0011100110101001
0011100110101010
0011100110101011
0011100110101100
0011100110101101
0011100110110000
0011100110110010
0011100110110011
0011100110110100
0011100110110101
0011100110110110
0011100110110111
0011100110111000
0011100110111001
0011100110111100
0011100110111101
0011100111000010
0011100111000011
0011100111000100
0011100111000101
0011100111000110
0011100111000111
0011100111001000
0011100111001001
0011100111001010
0011100111001011
0011100111001100
0011100111001101
0011100111010000
0011100111010010
0011100111010011
0011100111010100
0011100111010110
0011100111010111
0011100111011000
0011100111011001
0011100111011100
0011100111011101
0011100111100000
0011100111100010
0011100111100011
0011100111100100
0011100111100101
0011100111100110
0011100111100111
0011100111101000
0011100111101001
0011100111101010
0011100111101011
0011100111101100
0011100111101101
0011101000000011
0011101000000101
0011101000000110
0011101000000111
0011101000001001
0011101000001011
0011101000001100
0011101000001110
0011101000001111
0011101000100011
0011101000100100
0011101000100101
0011101000100110
0011101000100111
0011101000101001
0011101000101100
0011101000101101
0011101000101110
0011101000101111
0011101000110010
0011101000110011
0011101000110100
0011101000110101
0011101000110110
0011101000110111
0011101000111000
0011101000111001
0011101000111100
0011101000111101
0011101000111110
0011101000111111
0011101001000010
0011101001000011
0011101001000100
0011101001000101
0011101001000110
0011101001000111
0011101001001000
0011101001001010
0011101001001011
0011101001001100
0011101001001101
0011101001001110
0011101001001111
0011101001010010
0011101001010011
0011101001010100
0011101001010110
0011101001010111
0011101001011001
0011101001011100
0011101001011101
0011101001011110
0011101001011111
0011101001100010
0011101001100011
0011101001100100
0011101001100101
0011101001100110
0011101001101000
0011101001101001
0011101001101010
0011101001101011
0011101001101100
0011101001101101
0011101001101110
0011101001101111
0011101001110010
0011101001110011
0011101001110100
0011101001110111
0011101001111000
0011101001111001
0011101001111100
0011101001111110
0011101010000011
0011101010000110
0011101010000111
0011101010001001
0011101010001011
0011101010001100
0011101010001101
0011101010001110
0011101010001111
0011101010010010
0011101010010110
0011101010010111
0011101010011000
0011101010011001
0011101010011100
0011101010011110
0011101010100110
0011101010101100
0011101010101110
0011101010101111
0011101010110100
0011101010110110
0011101010110111
0011101010111000
0011101010111001
0011101010111100
0011101010111101
0011101010111110
0011101010111111
0011101011000010
0011101011000011
0011101011000100
0011101011000101
0011101011000110
0011101011000111
0011101011001000
0011101011001001
0011101011001010
0011101011001011
0011101011001100
0011101011001101
0011101011001110
0011101011001111
0011101011010010
0011101011010011
0011101011010100
0011101011010110
0011101011010111
0011101011011000
0011101011011001
0011101011011100
0011101011011101
0011101011011110
0011101011011111
0011101011100010
0011101011100011
0011101011100100
0011101011100101
0011101011100110
0011101011100111
0011101011101000
0011101011101001
0011101011101010
0011101011101011
0011101011101100
0011101011101101
0011101011101110
0011101011101111
0011101100000101
0011101100000110
0011101100000111
0011101100001100
0011101100001101
0011101100100100
0011101100100101
0011101100100110
0011101100100111
0011101100101101
0011101100110000
0011101100110100
0011101100110101
0011101100110110
0011101100110111
0011101101000100
0011101101000101
0011101101000110
0011101101000111
0011101101001100
0011101101001101
0011101101010000
0011101101010100
0011101101010110
0011101101010111
0011101101100000
0011101101100100
0011101101100101
0011101101100110
0011101101100111
0011101101101100
0011101101101101
0011101101110000
0011101101110100
0011101101110101
0011101101110110
0011101110000011
0011101110000101
0011101110000111
0011101110001001
0011101110001100
0011101110001101
0011101110010010
0011101110010011
0011101110010100
0011101110010110
0011101110010111
0011101110011100
0011101110011101
0011101110100010
0011101110100101
0011101110100110
0011101110100111
0011101110101000
0011101110101001
0011101110101100
0011101110101101
0011101110110000
0011101110110101
0011101110110110
0011101110110111
0011101110111100
0011101110111101
0011101111000100
0011101111000101
0011101111000110
0011101111000111
0011101111001000
0011101111001001
0011101111001100
0011101111001101
0011101111010000
0011101111010010
0011101111010011
0011101111010100
0011101111010110
0011101111010111
0011101111011100
0011101111011101
0011101111100010
0011101111100011
0011101111100100
0011101111100101
0011101111100110
0011101111100111
0011101111101000
0011101111101001
0011101111101100
0011101111101101
0011110000000101
0011110000000110
0011110000001001
0011110000001010
0011110000001011
0011110000001100
0011110000001101
0011110000001110
0011110000100010
0011110000100011
0011110000100100
0011110000100101
0011110000100110
0011110000100111
0011110000101000
0011110000101001
0011110000101010
0011110000101011
0011110000101100
0011110000101110
0011110000101111
0011110000110010
0011110000110011
0011110000110100
0011110000110101
0011110000110110
0011110000110111
0011110000111000
0011110000111001
0011110000111101
0011110000111110
0011110001000010
0011110001000011
0011110001000100
0011110001000101
0011110001000110
0011110001000111
0011110001001000
0011110001001001
0011110001001010
0011110001001100
0011110001001101
0011110001001110
0011110001001111
0011110001010010
0011110001010011
0011110001010100
0011110001010110
0011110001010111
0011110001011000
0011110001011001
0011110001011100
0011110001011101
0011110001011110
0011110001011111
0011110001100010
0011110001100011
0011110001100100
0011110001100101
0011110001100110
0011110001100111
0011110001101000
0011110001101010
0011110001101011
0011110001101100
0011110001101101
0011110001101110
0011110001101111
0011110001110010
0011110001110011
0011110001110100
0011110001110101
0011110001110110
0011110001110111
0011110001111001
0011110001111100
0011110001111101
0011110001111110
0011110010000011
0011110010000101
0011110010000110
0011110010001001
0011110010001010
0011110010001011
0011110010001100
0011110010001101
0011110010001110
0011110010001111
0011110010010010
0011110010010011
0011110010010100
0011110010010111
0011110010011000
0011110010011001
0011110010011100
0011110010011101
0011110010011110
0011110010011111
0011110010100010
0011110010100011
0011110010100100
0011110010100110
0011110010100111
0011110010101000
0011110010101011
0011110010101100
0011110010101101
0011110010101110
0011110010101111
0011110010110010
0011110010110101
0011110010110110
0011110010110111
0011110010111000
0011110010111001
0011110010111100
0011110010111101
0011110010111110
0011110010111111
0011110011000101
0011110011000110
0011110011000111
0011110011001000
0011110011001001
0011110011001010
0011110011001011
0011110011001100
0011110011001101
0011110011001110
0011110011001111
0011110011010100
0011110011010110
0011110011010111
0011110011011000
0011110011011001
0011110011011100
0011110011011101
0011110011011110
0011110011011111
0011110011100010
0011110011100011
0011110011100100
0011110011100101
0011110011100110
0011110011100111
0011110011101000
0011110011101001
0011110011101010
0011110011101011
0011110011101100
0011110011101101
0011110100000011
0011110100000101
0011110100000110
0011110100000111
0011110100001001
0011110100001100
0011110100001101
0011110100100010
0011110100100011
0011110100100100
0011110100100110
0011110100100111
0011110100101000
0011110100101100
0011110100101101
0011110100110000
0011110100110010
0011110100110011
0011110100110100
0011110100110110
0011110100110111
0011110100111100
0011110101000010
0011110101000011
0011110101000100
0011110101000110
0011110101000111
0011110101001000
0011110101010000
0011110101100000
0011110101100010
0011110101100011
0011110101100100
0011110101100101
0011110101100110
0011110101100111
0011110101101000
0011110101101001
0011110101101100
0011110101101101
0011110101110000
0011110101110010
0011110101110011
0011110101110100
0011110101110101
0011110101110110
0011110101110111
0011110101111100
0011110101111101
0011110110000011
0011110110000101
0011110110000110
0011110110000111
0011110110001001
0011110110001010
0011110110001011
0011110110001100
0011110110001101
0011110110010010
0011110110010011
0011110110010100
0011110110010101
0011110110010110
0011110110011000
0011110110011001
0011110110011100
0011110110011101
0011110110100010
0011110110100011
0011110110100100
0011110110100101
0011110110100111
0011110110101000
0011110110101001
0011110110101010
0011110110101011
0011110110101100
0011110110101101
0011110110110000
0011110110110010
0011110110110011
0011110110110100
0011110110110110
0011110110110111
0011110110111000
0011110110111001
0011110110111100
0011110110111101
0011110111000010
0011110111000101
0011110111000110
0011110111000111
0011110111001000
0011110111001001
0011110111001010
0011110111001011
0011110111001100
0011110111001101
0011110111010000
0011110111010110
0011110111010111
0011110111011000
0011110111011001
0011110111011100
0011110111011101
0011110111100100
0011110111100101
0011110111101000
0011110111101001
0110000000110010
0110000000110100
0110000000110101
0110000000110110
0110000000110111
0110000000111000
0110000000111001
0110000000111100
0110000000111101
0110000000111110
0110000001010010
0110000001010011
0110000001010111
0110000001011001
0110000001011100
0110000001011101
0110000001011110
0110000001011111
0110000001100010
0110000001100011
0110000001100100
0110000001100101
0110000001100110
0110000001100111
0110000001101000
0110000001101001
0110000001101010
0110000001101011
0110000001101100
0110000001101101
0110000001101110
0110000001101111
0110000001110010
0110000001110011
0110000001110100
0110000001110101
0110000001110110
0110000001110111
0110000001111000
0110000001111001
0110000001111100
0110000001111101
0110000001111110
0110000010010010
0110000010010011
0110000010010100
0110000010010101
0110000010010110
0110000010010111
0110000010011000
0110000010011001
0110000010011100
0110000010011101
0110000010011110
0110000010011111
0110000010100011
0110000010100100
0110000010100101
0110000010100110
0110000010100111
0110000010101001
0110000010101101
0110000010101110
0110000010101111
0110000010110010
0110000010110011
0110000010110100
0110000010110101
0110000010110110
0110000010110111
0110000010111000
0110000010111001
0110000010111100
0110000010111101
0110000010111110
0110000010111111
0110000011000010
0110000011000011
0110000011000100
0110000011000101
0110000011000110
0110000011000111
0110000011001000
0110000011001001
0110000011001010
0110000011001011
0110000011001100
0110000011001101
0110000011001110
0110000011001111
0110000011010010
0110000011010011
0110000011010100
0110000011010101
0110000011010110
0110000011010111
0110000011011000
0110000011011001
0110000011011100
0110000011011101
0110000011011110
0110000011011111
0110000011100010
0110000011100011
0110000011100100
0110000011100101
0110000011100110
0110000011100111
0110000011101000
0110000011101001
0110000011101010
0110000011101011
0110000011101100
0110000011101101
0110000011101110
0110000011101111
0110001000100011
0110001000100100
0110001000101001
0110001000101011
0110001000101100
0110001000101101
0110001000101110
0110001000101111
0110001000110010
0110001000110011
0110001000110100
0110001000110111
0110001000111000
0110001000111001
0110001000111100
0110001000111101
0110001000111110
0110001000111111
0110001001000010
0110001001000011
0110001001000101
0110001001000110
0110001001000111
0110001001001000
0110001001001001
0110001001001010
0110001001001011
0110001001001100
0110001001001101
0110001001001110
0110001001001111
0110001001010010
0110001001010100
0110001001010110
0110001001010111
0110001001011000
0110001001011001
0110001001011100
0110001001011101
0110001001011110
0110001001011111
0110001001100011
0110001001100100
0110001001100101
0110001001100110
0110001001100111
0110001001101000
0110001001101001
0110001001101010
0110001001101011
0110001001101100
0110001001101101
0110001001101110
0110001001101111
0110001001110010
0110001001110011
0110001001110100
0110001001110101
0110001001110110
0110001001110111
0110001001111000
0110001001111001
0110001001111100
0110001001111101
0110001001111110
0110001010000011
0110001010000101
0110001010000110
0110001010000111
0110001010001001
0110001010001011
0110001010001100
0110001010001101
0110001010001110
0110001010001111
0110001010010010
0110001010010011
0110001010010100
0110001010010110
0110001010010111
0110001010011000
0110001010011001
0110001010011100
0110001010011101
0110001010011110
0110001010011111
0110001010100011
0110001010100100
0110001010100110
0110001010100111
0110001010101110
0110001010101111
0110001010110010
0110001010110011
0110001010110100
0110001010110110
0110001010110111
0110001010111000
0110001010111001
0110001010111100
0110001010111101
0110001010111110
0110001011000100
0110001011000101
0110001011000110
0110001011000111
0110001011001000
0110001011001001
0110001011001010
0110001011001011
0110001011001100
0110001011001101
0110001011001110
0110001011001111
0110001011010010
0110001011010011
0110001011010100
0110001011010110
0110001011010111
0110001011011000
0110001011011001
0110001011011100
0110001011011101
0110001011011110
0110001011011111
0110001011100010
0110001011100011
0110001011100100
0110001011100101
0110001011100110
0110001011100111
0110001011101000
0110001011101001
0110001011101010
0110001011101011
0110001011101100
0110001011101101
0110001011101110
0110001011101111
0110001100000101
0110001100000110
0110001100000111
0110001100001100
0110001100001101
0110001100100100
0110001100100101
0110001100101100
0110001100101101
0110001100110000
0110001100110100
0110001101000100
0110001101000111
0110001101001100
0110001101001101
0110001101010000
0110001101010110
0110001101010111
0110001101100000
0110001101100100
0110001101100101
0110001101100110
0110001101100111
0110001101101100
0110001101101101
0110001101110000
0110001101110100
0110001101110101
0110001101110110
0110001101110111
0110001110000011
0110001110000101
0110001110000110
0110001110000111
0110001110001001
0110001110001100
0110001110001101
0110001110100010
0110001110100011
0110001110100100
0110001110100101
0110001110100110
0110001110100111
0110001110101000
0110001110101001
0110001110101100
0110001110101101
0110001110110000
0110001110110010
0110001110110011
0110001110110100
0110001110110101
0110001110110110
0110001110110111
0110001110111100
0110001110111101
0110001111000010
0110001111000011
0110001111000100
0110001111000101
0110001111000110
0110001111000111
0110001111001000
0110001111001001
0110001111001100
0110001111001101
0110001111010000
0110001111010010
0110001111010011
0110001111010100
0110001111010101
0110001111010110
0110001111010111
0110001111011100
0110001111011101
0110001111100000
0110001111100010
0110001111100011
0110001111100100
0110001111100101
0110001111100110
0110001111100111
0110001111101000
0110001111101001
0110001111101100
0110001111101101
0110010000100010
0110010000100011
0110010000100100
0110010000100101
0110010000100110
0110010000100111
0110010000101001
0110010000101010
0110010000101011
0110010000101100
0110010000101101
0110010000101110
0110010000101111
0110010000110010
0110010000110011
0110010000110100
0110010000110101
0110010000111000
0110010000111001
0110010000111100
0110010000111101
0110010000111110
0110010000111111
0110010001000010
0110010001000011
0110010001001000
0110010001001001
0110010001001010
0110010001001011
0110010001001100
0110010001001101
0110010001001110
0110010001001111
0110010001010010
0110010001010011
0110010001010111
0110010001011000
0110010001011001
0110010001011100
0110010001011101
0110010001011110
0110010001011111
0110010001100010
0110010001100011
0110010001100101
0110010001100110
0110010001100111
0110010001101001
0110010001101010
0110010001101011
0110010001101100
0110010001101101
0110010001101110
0110010001101111
0110010001110010
0110010001110100
0110010001110101
0110010001110110
0110010001110111
0110010001111000
0110010001111001
0110010001111100
0110010001111101
0110010001111110
0110010010000011
0110010010000101
0110010010000110
0110010010000111
0110010010001001
0110010010001010
0110010010001011
0110010010001101
0110010010001110
0110010010001111
0110010010010010
0110010010010011
0110010010010100
0110010010010110
0110010010010111
0110010010011000
0110010010011001
0110010010011100
0110010010011101
0110010010011110
0110010010011111
0110010010100010
0110010010100011
0110010010100100
0110010010100110
0110010010100111
0110010010101000
0110010010101100
0110010010101110
0110010010101111
0110010010110010
0110010010110011
0110010010110100
0110010010110110
0110010010110111
0110010010111000
0110010010111001
0110010010111100
0110010010111101
0110010010111110
0110010010111111
0110010011000010
0110010011000011
0110010011000100
0110010011000101
0110010011000110
0110010011000111
0110010011001000
0110010011001001
0110010011001010
0110010011001011
0110010011001100
0110010011001101
0110010011001110
0110010011001111
0110010011010010
0110010011010011
0110010011010100
0110010011010110
0110010011010111
0110010011011000
0110010011011001
0110010011011100
0110010011011101
0110010011011110
0110010011011111
0110010011100010
0110010011100011
0110010011100100
0110010011100101
0110010011100110
0110010011100111
0110010011101000
0110010011101001
0110010011101010
0110010011101011
0110010011101100
0110010011101101
0110010011101110
0110010011101111
0110010100000011
0110010100000110
0110010100000111
0110010100001001
0110010100001100
0110010100001101
0110010100100010
0110010100100011
0110010100100100
0110010100100110
0110010100100111
0110010100101000
0110010100101100
0110010100110000
0110010100110010
0110010100110011
0110010100110100
0110010100110110
0110010100110111
0110010100111100
0110010100111101
0110010101000010
0110010101000011
0110010101001000
0110010101001100
0110010101011100
0110010101100010
0110010101100011
0110010101100100
0110010101101000
0110010101101100
0110010101110000
0110010101110010
0110010101110011
0110010101110111
0110010101111100
0110010101111101
0110010110000101
0110010110000110
0110010110000111
0110010110001001
0110010110001010
0110010110001011
0110010110001100
0110010110001101
0110010110010011
0110010110010100
0110010110010110
0110010110010111
0110010110011000
0110010110011001
0110010110011100
0110010110011101
0110010110100010
0110010110100011
0110010110100100
0110010110100110
0110010110100111
0110010110101000
0110010110101100
0110010110110010
0110010110110011
0110010110110100
0110010110110110
0110010110110111
0110010110111001
0110010110111100
0110010110111101
0110010111000010
0110010111000011
0110010111000100
0110010111000101
0110010111000110
0110010111000111
0110010111001000
0110010111001001
0110010111001010
0110010111001011
0110010111001100
0110010111001101
0110010111010000
0110010111010010
0110010111010011
0110010111010100
0110010111010110
0110010111010111
0110010111011000
0110010111011001
0110010111011100
0110010111011101
0110010111100000
0110010111100010
0110010111100011
0110010111100100
0110010111100101
0110010111100110
0110010111100111
0110010111101000
0110010111101001
0110010111101010
0110010111101011
0110010111101100
0110010111101101
0110011000000011
0110011000000101
0110011000000110
0110011000000111
0110011000001001
0110011000001010
0110011000001011
0110011000001101
0110011000001110
0110011000001111
0110011000100010
0110011000100011
0110011000100100
0110011000100101
0110011000100110
0110011000100111
0110011000101000
0110011000101001
0110011000101011
0110011000101100
0110011000101101
0110011000101110
0110011000101111
0110011000110010
0110011000110011
0110011000110100
0110011000110101
0110011000110110
0110011000110111
0110011000111000
0110011000111100
0110011000111101
0110011000111110
0110011000111111
0110011001000010
0110011001000011
0110011001000100
0110011001000101
0110011001000110
0110011001000111
0110011001001001
0110011001001010
0110011001001011
0110011001001100
0110011001001101
0110011001001110
0110011001001111
0110011001010010
0110011001010011
0110011001010100
0110011001011000
0110011001011001
0110011001011100
0110011001011101
0110011001011110
0110011001011111
0110011001100010
0110011001100011
0110011001100100
0110011001101001
0110011001101010
0110011001101011
0110011001101100
0110011001101101
0110011001101110
0110011001101111
0110011001110010
0110011001110100
0110011001111000
0110011001111100
0110011001111110
0110011010000011
0110011010000101
0110011010000110
0110011010000111
0110011010001001
0110011010001010
0110011010001011
0110011010001100
0110011010001101
0110011010001110
0110011010001111
0110011010010010
0110011010010100
0110011010010110
0110011010010111
0110011010011000
0110011010011001
0110011010011100
0110011010011101
0110011010011110
0110011010011111
0110011010100011
0110011010100100
0110011010100110
0110011010100111
0110011010101000
0110011010101100
0110011010101110
0110011010101111
0110011010110010
0110011010110100
0110011010110110
0110011010111000
0110011010111100
0110011010111110
0110011011000010
0110011011000011
0110011011000100
0110011011000101
0110011011000110
0110011011000111
0110011011001000
0110011011001001
0110011011001010
0110011011001011
0110011011001100
0110011011001101
0110011011001110
0110011011001111
0110011011010010
0110011011010100
0110011011010110
0110011011011000
0110011011011100
0110011011011110
0110011011100010
0110011011100100
0110011011100110
0110011011101000
0110011011101010
0110011011101100
0110011011101110
0110011100000101
0110011100000110
0110011100000111
0110011100001100
0110011100100100
0110011100100101
0110011100100110
0110011100100111
0110011100101100
0110011100101101
0110011100110000
0110011100110100
0110011100110101
0110011100110110
0110011100110111
0110011101000100
0110011101000101
0110011101000110
0110011101000111
0110011101001100
0110011101001101
0110011101010000
0110011101010100
0110011101010111
0110011101100000
0110011101100100
0110011101101100
0110011101101101
0110011101110000
0110011101110100
0110011110000011
0110011110001001
0110011110001100
0110011110001101
0110011110010010
0110011110010011
0110011110010101
0110011110010110
0110011110010111
0110011110011100
0110011110011101
0110011110100010
0110011110100100
0110011110100101
0110011110100110
0110011110100111
0110011110101000
0110011110101001
0110011110101100
0110011110101101
0110011110110000
0110011110110100
0110011110110110
0110011110111100
0110011111000010
0110011111000011
0110011111000100
0110011111000101
0110011111000110
0110011111000111
0110011111001000
0110011111001001
0110011111001100
0110011111001101
0110011111010010
0110011111010100
0110011111010110
0110011111011100
0110011111100000
0110011111100010
0110011111100100
0110011111100110
0110011111101000
0110011111101100
0110100000100011
0110100000100100
0110100000100101
0110100000100110
0110100000100111
0110100000101001
0110100000101011
0110100000101101
0110100000101110
0110100000101111
0110100000110010
0110100000110011
0110100000110100
0110100000110101
0110100000110110
0110100000110111
0110100000111000
0110100000111001
0110100000111100
0110100000111101
0110100000111110
0110100000111111
0110100001000010
0110100001000011
0110100001000100
0110100001000101
0110100001000110
0110100001000111
0110100001001000
0110100001001001
0110100001001011
0110100001001100
0110100001001101
0110100001001110
0110100001001111
0110100001010010
0110100001010011
0110100001010100
0110100001010110
0110100001010111
0110100001011000
0110100001011100
0110100001011101
0110100001011110
0110100001011111
0110100001100010
0110100001100011
0110100001100100
0110100001100101
0110100001100110
0110100001100111
0110100001101001
0110100001101010
0110100001101011
0110100001101100
0110100001101101
0110100001101110
0110100001101111
0110100001110010
0110100001110011
0110100001110100
0110100001110101
0110100001111000
0110100001111001
0110100001111100
0110100001111101
0110100001111110
0110100010000011
0110100010001001
0110100010001011
0110100010001100
0110100010001101
0110100010001110
0110100010001111
0110100010010010
0110100010010011
0110100010010100
0110100010010111
0110100010011000
0110100010011001
0110100010011100
0110100010011101
0110100010011110
0110100010011111
0110100010100011
0110100010100110
0110100010100111
0110100010101100
0110100010101110
0110100010101111
0110100010110010
0110100010110100
0110100010110110
0110100010110111
0110100010111000
0110100010111001
0110100010111100
0110100010111101
0110100010111110
0110100010111111
0110100011000011
0110100011000100
0110100011000101
0110100011000110
0110100011000111
0110100011001000
0110100011001001
0110100011001010
0110100011001011
0110100011001100
0110100011001101
0110100011001110
0110100011001111
0110100011010010
0110100011010011
0110100011010100
0110100011010110
0110100011010111
0110100011011000
0110100011011001
0110100011011100
0110100011011101
0110100011011110
0110100011011111
0110100011100010
0110100011100011
0110100011100100
0110100011100101
0110100011100110
0110100011100111
0110100011101000
0110100011101001
0110100011101010
0110100011101011
0110100011101100
0110100011101101
0110100011101110
0110100011101111
0110100100000011
0110100100000101
0110100100000110
0110100100000111
0110100100001001
0110100100001100
0110100100001101
0110100100100010
0110100100100011
0110100100100100
0110100100100110
0110100100100111
0110100100101000
0110100100101100
0110100100110000
0110100100110010
0110100100110011
0110100100110100
0110100100110110
0110100100110111
0110100100111101
0110100101000010
0110100101000011
0110100101000100
0110100101000110
0110100101000111
0110100101001000
0110100101001100
0110100101010000
0110100101011100
0110100101100000
0110100101100010
0110100101100011
0110100101100100
0110100101100110
0110100101100111
0110100101101000
0110100101101100
0110100101110000
0110100101110010
0110100101110011
0110100101110100
0110100101110110
0110100101110111
0110100101111100
0110100101111101
0110100110000011
0110100110000101
0110100110001001
0110100110001010
0110100110001011
0110100110001100
0110100110001101
0110100110010010
0110100110010011
0110100110010100
0110100110011000
0110100110011001
0110100110011100
0110100110011101
0110100110100010
0110100110100011
0110100110100100
0110100110100111
0110100110101000
0110100110101100
0110100110110000
0110100110110010
0110100110110011
0110100110110110
0110100110110111
0110100110111000
0110100110111001
0110100110111100
0110100110111101
0110100111000010
0110100111000100
0110100111000101
0110100111000110
0110100111000111
0110100111001000
0110100111001001
0110100111001010
0110100111001011
0110100111001100
0110100111001101
0110100111010000
0110100111010011
0110100111010100
0110100111010110
0110100111010111
0110100111011000
0110100111011001
0110100111011100
0110100111011101
0110100111100000
0110100111100010
0110100111100011
0110100111100100
0110100111100101
0110100111100110
0110100111100111
0110100111101000
0110100111101001
0110100111101010
0110100111101011
0110100111101100
0110100111101101
0110101000000011
0110101000000101
0110101000000110
0110101000000111
0110101000001001
0110101000001011
0110101000001100
0110101000001101
0110101000001110
0110101000001111
0110101000100011
0110101000100100
0110101000100110
0110101000100111
0110101000101100
0110101000101111
0110101000110010
0110101000110011
0110101000110100
0110101000110110
0110101000110111
0110101000111000
0110101000111001
0110101000111100
0110101000111110
0110101000111111
0110101001000010
0110101001000011
0110101001000100
0110101001000110
0110101001000111
0110101001001000
0110101001001110
0110101001001111
0110101001011000
0110101001011100
0110101001011110
0110101001011111
0110101001100010
0110101001100011
0110101001100100
0110101001100110
0110101001100111
0110101001101000
0110101001101100
0110101001101110
0110101001101111
0110101001110010
0110101001110100
0110101001110110
0110101001111000
0110101001111100
0110101001111110
0110101010000011
0110101010000110
0110101010000111
0110101010001100
0110101010001110
0110101010001111
0110101010011000
0110101010011100
0110101010011110
0110101010111100
0110101010111110
0110101011000010
0110101011000011
0110101011000110
0110101011000111
0110101011001000
0110101011001100
0110101011001110
0110101011001111
0110101011011100
0110101011011110
0110101011100100
0110101011100110
0110101011101000
0110101011101100
0110101011101110
0110101100000101
0110101100000110
0110101100000111
0110101100001100
0110101100001101
0110101100100100
0110101100100110
0110101100100111
0110101100101100
0110101100110000
0110101100110100
0110101100110110
0110101100110111
0110101101000100
0110101101000110
0110101101000111
0110101101001100
0110101101010000
0110101101100100
0110101101100110
0110101101100111
0110101101101100
0110101101110000
0110101101110100
0110101101110110
0110101110000011
0110101110000101
0110101110000110
0110101110000111
0110101110001100
0110101110001101
0110101110010010
0110101110010011
0110101110010100
0110101110010110
0110101110010111
0110101110011100
0110101110011101
0110101110100010
0110101110100011
0110101110100100
0110101110101000
0110101110101100
0110101110110000
0110101110110010
0110101110110100
0110101110111100
0110101111000010
0110101111000011
0110101111000100
0110101111000111
0110101111001000
0110101111001001
0110101111001100
0110101111001101
0110101111010000
0110101111010010
0110101111010110
0110101111011100
0110101111100000
0110101111100010
0110101111100100
0110101111100110
0110101111101000
0110101111101100
0110110000000011
0110110000000101
0110110000000110
0110110000000111
0110110000001001
0110110000001010
0110110000001011
0110110000001100
0110110000001101
0110110000001110
0110110000001111
0110110000100010
0110110000100011
0110110000100100
0110110000100101
0110110000100110
0110110000100111
0110110000101000
0110110000101001
0110110000101010
0110110000101011
0110110000101100
0110110000101101
0110110000101110
0110110000101111
0110110000110010
0110110000110011
0110110000110100
0110110000110101
0110110000110110
0110110000110111
0110110000111000
0110110000111001
0110110000111100
0110110000111101
0110110000111110
0110110001000010
0110110001000011
0110110001000100
0110110001000101
0110110001000110
0110110001000111
0110110001001001
0110110001001010
0110110001001011
0110110001001100
0110110001001101
0110110001001111
0110110001010010
0110110001010011
0110110001010100
0110110001010110
0110110001010111
0110110001011000
0110110001011001
0110110001011100
0110110001011110
0110110001011111
0110110001100010
0110110001100011
0110110001100100
0110110001100101
0110110001100110
0110110001100111
0110110001101000
0110110001101001
0110110001101010
0110110001101011
0110110001101101
0110110001101110
0110110001101111
0110110001110010
0110110001110100
0110110001110110
0110110001111000
0110110001111100
0110110001111110
0110110010000011
0110110010000101
0110110010000110
0110110010000111
0110110010001001
0110110010001011
0110110010001100
0110110010001101
0110110010001110
0110110010001111
0110110010010010
0110110010010011
0110110010010100
0110110010010110
0110110010010111
0110110010011000
0110110010011100
0110110010011101
0110110010011110
0110110010011111
0110110010100010
0110110010100011
0110110010100100
0110110010100110
0110110010100111
0110110010101100
0110110010101110
0110110010101111
0110110010110010
0110110010110100
0110110010111000
0110110010111100
0110110010111110
0110110011000010
0110110011000011
0110110011000100
0110110011001000
0110110011001001
0110110011001010
0110110011001011
0110110011001100
0110110011001101
0110110011001110
0110110011001111
0110110011010010
0110110011010100
0110110011011000
0110110011011100
0110110011011110
0110110011100010
0110110011100110
0110110011101000
0110110011101010
0110110011101100
0110110011101110
0110110100000011
0110110100000101
0110110100000110
0110110100000111
0110110100001001
0110110100001100
0110110100001101
0110110100100010
0110110100100011
0110110100100100
0110110100100110
0110110100100111
0110110100101000
0110110100101100
0110110100110000
0110110100110010
0110110100110011
0110110100110100
0110110100110110
0110110100110111
0110110100111100
0110110100111101
0110110101000010
0110110101000011
0110110101000100
0110110101000110
0110110101000111
0110110101001000
0110110101001100
0110110101010000
0110110101011100
0110110101100010
0110110101100011
0110110101100100
0110110101100110
0110110101100111
0110110101101000
0110110101101100
0110110101110000
0110110101110010
0110110101110100
0110110101110110
0110110110000011
0110110110000101
0110110110000110
0110110110000111
0110110110001001
0110110110001010
0110110110001100
0110110110001101
0110110110010010
0110110110010011
0110110110010100
0110110110010110
0110110110010111
0110110110011000
0110110110011001
0110110110011100
0110110110011101
0110110110100010
0110110110100011
0110110110100100
0110110110100110
0110110110100111
0110110110101000
0110110110101100
0110110110110010
0110110110110100
0110110110110110
0110110110111100
0110110111000010
0110110111000011
0110110111000100
0110110111000101
0110110111001000
0110110111001001
0110110111001010
0110110111001011
0110110111001100
0110110111001101
0110110111010000
0110110111010010
0110110111010100
0110110111011000
0110110111011100
0110110111100000
0110110111100010
0110110111100100
0110110111101000
0110110111101010
0110110111101100
0111000000110010
0111000000110011
0111000000110101
0111000000110110
0111000000110111
0111000000111001
0111000000111100
0111000000111101
0111000000111110
0111000001010011
0111000001010110
0111000001010111
0111000001011000
0111000001011001
0111000001011100
0111000001011101
0111000001011110
0111000001011111
0111000001100010
0111000001100011
0111000001100100
0111000001100101
0111000001100110
0111000001100111
0111000001101000
0111000001101001
0111000001101010
0111000001101011
0111000001101100
0111000001101101
0111000001101110
0111000001101111
0111000001110010
0111000001110011
0111000001110100
0111000001110101
0111000001110110
0111000001110111
0111000001111000
0111000001111001
0111000001111100
0111000001111101
0111000001111110
0111000010010010
0111000010010011
0111000010010100
0111000010010101
0111000010010110
0111000010010111
0111000010011000
0111000010011001
0111000010011100
0111000010011101
0111000010011110
0111000010011111
0111000010100010
0111000010100011
0111000010100100
0111000010100101
0111000010100110
0111000010100111
0111000010101000
0111000010101001
0111000010101010
0111000010101011
0111000010101100
0111000010101101
0111000010101110
0111000010101111
0111000010110010
0111000010110011
0111000010110100
0111000010110101
0111000010110110
0111000010110111
0111000010111000
0111000010111001
0111000010111100
0111000010111101
0111000010111110
0111000010111111
0111000011000010
0111000011000011
0111000011000100
0111000011000101
0111000011000110
0111000011000111
0111000011001000
0111000011001001
0111000011001010
0111000011001011
0111000011001100
0111000011001101
0111000011001110
0111000011001111
0111000011010010
0111000011010011
0111000011010100
0111000011010101
0111000011010110
0111000011010111
0111000011011000
0111000011011001
0111000011011100
0111000011011101
0111000011011110
0111000011011111
0111000011100010
0111000011100011
0111000011100100
0111000011100101
0111000011100110
0111000011100111
0111000011101000
0111000011101001
0111000011101010
0111000011101011
0111000011101100
0111000011101101
0111000011101110
0111000011101111
0111001000100010
0111001000100011
0111001000100100
0111001000100101
0111001000101001
0111001000101010
0111001000101011
0111001000101100
0111001000101101
0111001000101110
0111001000101111
0111001000110010
0111001000110011
0111001000110100
0111001000110101
0111001000111000
0111001000111001
0111001000111100
0111001000111101
0111001000111110
0111001000111111
0111001001000010
0111001001000011
0111001001000100
0111001001000110
0111001001000111
0111001001001000
0111001001001001
0111001001001010
0111001001001011
0111001001001100
0111001001001101
0111001001001110
0111001001001111
0111001001010010
0111001001010110
0111001001010111
0111001001011000
0111001001011001
0111001001011100
0111001001011101
0111001001011110
0111001001011111
0111001001100010
0111001001100100
0111001001100101
0111001001100110
0111001001100111
0111001001101000
0111001001101001
0111001001101010
0111001001101011
0111001001101100
0111001001101101
0111001001101110
0111001001101111
0111001001110011
0111001001110100
0111001001110101
0111001001110110
0111001001110111
0111001001111000
0111001001111001
0111001001111100
0111001001111101
0111001001111110
0111001010000011
0111001010000101
0111001010000110
0111001010000111
0111001010001001
0111001010001010
0111001010001011
0111001010001100
0111001010001101
0111001010001110
0111001010001111
0111001010010010
0111001010010011
0111001010010100
0111001010010110
0111001010010111
0111001010011000
0111001010011001
0111001010011100
0111001010011101
0111001010011110
0111001010011111
0111001010100010
0111001010100011
0111001010100100
0111001010100110
0111001010100111
0111001010101000
0111001010101100
0111001010101110
0111001010101111
0111001010110010
0111001010110011
0111001010110100
0111001010110110
0111001010110111
0111001010111000
0111001010111001
0111001010111100
0111001010111101
0111001010111110
0111001010111111
0111001011000010
0111001011000011
0111001011000100
0111001011000101
0111001011000110
0111001011000111
0111001011001000
0111001011001001
0111001011001010
0111001011001011
0111001011001100
0111001011001101
0111001011001110
0111001011001111
0111001011010010
0111001011010011
0111001011010100
0111001011010110
0111001011010111
0111001011011001
0111001011011100
0111001011011101
0111001011011110
0111001011011111
0111001011100010
0111001011100011
0111001011100100
0111001011100101
0111001011100110
0111001011100111
0111001011101000
0111001011101001
0111001011101010
0111001011101011
0111001011101100
0111001011101101
0111001011101110
0111001011101111
0111001100000101
0111001100000110
0111001100000111
0111001100001100
0111001100001101
0111001100100100
0111001100100101
0111001100100110
0111001100101100
0111001100101101
0111001100110000
0111001100110100
0111001100110101
0111001101000100
0111001101000101
0111001101001100
0111001101001101
0111001101010000
0111001101010100
0111001101010110
0111001101010111
0111001101100000
0111001101100101
0111001101100110
0111001101100111
0111001101101100
0111001101101101
0111001101110000
0111001101110100
0111001101110101
0111001101110110
0111001101110111
0111001110000011
0111001110000101
0111001110000110
0111001110000111
0111001110001001
0111001110001100
0111001110001101
0111001110010010
0111001110010011
0111001110010100
0111001110010101
0111001110010110
0111001110010111
0111001110011100
0111001110011101
0111001110100010
0111001110100011
0111001110100100
0111001110100101
0111001110100110
0111001110100111
0111001110101000
0111001110101001
0111001110101100
0111001110101101
0111001110110000
0111001110110010
0111001110110011
0111001110110100
0111001110110101
0111001110110110
0111001110110111
0111001110111100
0111001110111101
0111001111000010
0111001111000011
0111001111000100
0111001111000101
0111001111000110
0111001111000111
0111001111001001
0111001111001101
0111001111010000
0111001111010010
0111001111010011
0111001111010100
0111001111010110
0111001111010111
0111001111011100
0111001111011101
0111001111100000
0111001111100010
0111001111100011
0111001111100100
0111001111100101
0111001111100110
0111001111100111
0111001111101000
0111001111101001
0111001111101100
0111001111101101
0111010000100010
0111010000100011
0111010000100100
0111010000100101
0111010000100110
0111010000100111
0111010000101000
0111010000101010
0111010000101011
0111010000101100
0111010000101101
0111010000101110
0111010000101111
0111010000110010
0111010000110011
0111010000110100
0111010000110101
0111010000110110
0111010000111001
0111010000111100
0111010000111101
0111010000111110
0111010000111111
0111010001000010
0111010001000011
0111010001001001
0111010001001010
0111010001001011
0111010001001100
0111010001001101
0111010001001110
0111010001001111
0111010001010010
0111010001010011
0111010001011000
0111010001011001
0111010001011100
0111010001011101
0111010001011110
0111010001011111
0111010001100010
0111010001100011
0111010001100100
0111010001100110
0111010001100111
0111010001101000
0111010001101001
0111010001101010
0111010001101011
0111010001101100
0111010001101101
0111010001101110
0111010001101111
0111010001110010
0111010001110011
0111010001110101
0111010001110110
0111010001110111
0111010001111000
0111010001111001
0111010001111100
0111010001111101
0111010001111110
0111010010000101
0111010010000110
0111010010000111
0111010010001001
0111010010001010
0111010010001011
0111010010001100
0111010010001101
0111010010001110
0111010010001111
0111010010010011
0111010010010100
0111010010010110
0111010010010111
0111010010011000
0111010010011001
0111010010011100
0111010010011101
0111010010011110
0111010010011111
0111010010100010
0111010010100011
0111010010100100
0111010010100110
0111010010100111
0111010010101000
0111010010101100
0111010010101110
0111010010101111
0111010010110010
0111010010110011
0111010010110100
0111010010110110
0111010010110111
0111010010111000
0111010010111001
0111010010111100
0111010010111101
0111010010111110
0111010010111111
0111010011000010
0111010011000011
0111010011000100
0111010011000101
0111010011000110
0111010011000111
0111010011001000
0111010011001001
0111010011001010
0111010011001100
0111010011001101
0111010011001110
0111010011001111
0111010011010010
0111010011010011
0111010011010100
0111010011010110
0111010011010111
0111010011011000
0111010011011001
0111010011011100
0111010011011101
0111010011011110
0111010011011111
0111010011100010
0111010011100011
0111010011100100
0111010011100101
0111010011100110
0111010011100111
0111010011101000
0111010011101001
0111010011101010
0111010011101011
0111010011101100
0111010011101101
0111010100000011
0111010100000110
0111010100000111
0111010100001001
0111010100001101
0111010100100010
0111010100100011
0111010100100100
0111010100100110
0111010100100111
0111010100101000
0111010100101100
0111010100110000
0111010100110010
0111010100110011
0111010100110100
0111010100110110
0111010100110111
0111010100111100
0111010101000010
0111010101000011
0111010101000110
0111010101001100
0111010101011100
0111010101100010
0111010101100011
0111010101100100
0111010101101000
0111010101101100
0111010101110000
0111010101110010
0111010101110011
0111010101110100
0111010101110110
0111010101111100
0111010110000011
0111010110000101
0111010110000110
0111010110000111
0111010110001001
0111010110001010
0111010110001011
0111010110001100
0111010110001101
0111010110010010
0111010110010100
0111010110010110
0111010110010111
0111010110011000
0111010110011001
0111010110011100
0111010110011101
0111010110100011
0111010110100100
0111010110100110
0111010110100111
0111010110101000
0111010110101100
0111010110110000
0111010110110010
0111010110110011
0111010110110100
0111010110110110
0111010110110111
0111010110111000
0111010110111001
0111010110111100
0111010110111101
0111010111000010
0111010111000011
0111010111000100
0111010111000101
0111010111000110
0111010111000111
0111010111001000
0111010111001001
0111010111001010
0111010111001011
0111010111001100
0111010111001101
0111010111010000
0111010111010010
0111010111010011
0111010111010100
0111010111010110
0111010111011000
0111010111011001
0111010111011100
0111010111100000
0111010111100010
0111010111100011
0111010111100100
0111010111100101
0111010111101000
0111010111101001
0111011000000011
0111011000000101
0111011000000110
0111011000000111
0111011000001001
0111011000001010
0111011000001011
0111011000001100
0111011000001110
0111011000001111
0111011000100010
0111011000100011
0111011000100100
0111011000100101
0111011000100110
0111011000100111
0111011000101001
0111011000101010
0111011000101100
0111011000101101
0111011000101111
0111011000110010
0111011000110011
0111011000110100
0111011000110101
0111011000110110
0111011000110111
0111011000111000
0111011000111001
0111011000111100
0111011000111101
0111011000111110
0111011000111111
0111011001000010
0111011001000011
0111011001000100
0111011001000101
0111011001000110
0111011001000111
0111011001001000
0111011001001010
0111011001001011
0111011001001100
0111011001001101
0111011001001110
0111011001001111
0111011001010010
0111011001010011
0111011001010100
0111011001011001
0111011001011100
0111011001011101
0111011001011110
0111011001011111
0111011001100010
0111011001100011
0111011001100100
0111011001101001
0111011001101010
0111011001101011
0111011001101100
0111011001101101
0111011001101110
0111011001101111
0111011001110010
0111011001110100
0111011001111100
0111011001111110
0111011010000011
0111011010000110
0111011010001001
0111011010001010
0111011010001011
0111011010001100
0111011010001101
0111011010001110
0111011010001111
0111011010010010
0111011010010011
0111011010010110
0111011010010111
0111011010011001
0111011010011100
0111011010011101
0111011010011110
0111011010011111
0111011010100010
0111011010100100
0111011010100110
0111011010100111
0111011010101000
0111011010101100
0111011010101110
0111011010101111
0111011010110100
0111011010110110
0111011010111000
0111011010111100
0111011010111110
0111011011000010
0111011011000011
0111011011000100
0111011011000101
0111011011000110
0111011011000111
0111011011001000
0111011011001001
0111011011001010
0111011011001011
0111011011001100
0111011011001101
0111011011001110
0111011011001111
0111011011010010
0111011011010100
0111011011010110
0111011011011000
0111011011011100
0111011011011110
0111011011100010
0111011011100100
0111011011100110
0111011011101000
0111011011101010
0111011011101100
0111011100000101
0111011100000110
0111011100000111
0111011100001100
0111011100001101
0111011100100100
0111011100100101
0111011100100110
0111011100100111
0111011100101101
0111011100110000
0111011100110100
0111011100110101
0111011100110110
0111011100110111
0111011101000100
0111011101000101
0111011101000110
0111011101000111
0111011101001100
0111011101001101
0111011101010000
0111011101010100
0111011101010110
0111011101100000
0111011101100100
0111011101100101
0111011101101100
0111011101101101
0111011101110000
0111011101110100
0111011110000011
0111011110000101
0111011110001001
0111011110001100
0111011110001101
0111011110010010
0111011110010110
0111011110010111
0111011110011100
0111011110011101
0111011110100010
0111011110100011
0111011110100101
0111011110100110
0111011110100111
0111011110101000
0111011110101001
0111011110101100
0111011110101101
0111011110110000
0111011110110010
0111011110110100
0111011110110110
0111011110111100
0111011111000011
0111011111000100
0111011111000101
0111011111000110
0111011111000111
0111011111001000
0111011111001001
0111011111001100
0111011111001101
0111011111010000
0111011111010010
0111011111010100
0111011111010110
0111011111011100
0111011111100010
0111011111100100
0111011111101000
0111100000100010
0111100000100011
0111100000100100
0111100000100101
0111100000100110
0111100000100111
0111100000101000
0111100000101001
0111100000101010
0111100000101011
0111100000101100
0111100000101110
0111100000101111
0111100000110010
0111100000110011
0111100000110100
0111100000110101
0111100000110110
0111100000110111
0111100000111000
0111100000111001
0111100000111101
0111100000111110
0111100001000010
0111100001000011
0111100001000100
0111100001000101
0111100001000110
0111100001000111
0111100001001000
0111100001001001
0111100001001010
0111100001001100
0111100001001101
0111100001001110
0111100001001111
0111100001010010
0111100001010011
0111100001010100
0111100001010101
0111100001010110
0111100001010111
0111100001011000
0111100001011001
0111100001011100
0111100001011101
0111100001011110
0111100001011111
0111100001100010
0111100001100011
0111100001100100
0111100001100101
0111100001100110
0111100001101000
0111100001101010
0111100001101011
0111100001101100
0111100001101101
0111100001101110
0111100001101111
0111100001110010
0111100001110011
0111100001110100
0111100001110101
0111100001111001
0111100001111100
0111100001111101
0111100001111110
0111100010000011
0111100010000101
0111100010001010
0111100010001011
0111100010001100
0111100010001101
0111100010001110
0111100010001111
0111100010010010
0111100010010011
0111100010010100
0111100010010101
0111100010011001
0111100010011100
0111100010011101
0111100010011110
0111100010011111
0111100010100010
0111100010100011
0111100010100100
0111100010100110
0111100010100111
0111100010101001
0111100010101010
0111100010101011
0111100010101100
0111100010101101
0111100010101110
0111100010101111
0111100010110010
0111100010110011
0111100010110101
0111100010110110
0111100010110111
0111100010111000
0111100010111001
0111100010111100
0111100010111101
0111100010111110
0111100010111111
0111100011000010
0111100011000100
0111100011000101
0111100011000110
0111100011000111
0111100011001000
0111100011001001
0111100011001010
0111100011001011
0111100011001100
0111100011001101
0111100011001110
0111100011001111
0111100011010011
0111100011010100
0111100011010101
0111100011010110
0111100011010111
0111100011011000
0111100011011001
0111100011011100
0111100011011101
0111100011011110
0111100011011111
0111100011100010
0111100011100011
0111100011100100
0111100011100101
0111100011100110
0111100011100111
0111100011101000
0111100011101001
0111100011101010
0111100011101011
0111100011101100
0111100011101101
0111100011101110
0111100011101111
0111100100000011
0111100100000101
0111100100000110
0111100100000111
0111100100001001
0111100100001100
0111100100001101
0111100100100010
0111100100100011
0111100100100100
0111100100100101
0111100100100110
0111100100100111
0111100100101000
0111100100101001
0111100100101100
0111100100101101
0111100100110000
0111100100110010
0111100100110011
0111100100110100
0111100100110101
0111100100110110
0111100100110111
0111100100111100
0111100101000010
0111100101000011
0111100101000100
0111100101000101
0111100101000110
0111100101000111
0111100101001000
0111100101001001
0111100101001101
0111100101010000
0111100101010010
0111100101010011
0111100101010100
0111100101010110
0111100101010111
0111100101011100
0111100101011101
0111100101100000
0111100101100010
0111100101100011
0111100101100100
0111100101100101
0111100101100110
0111100101100111
0111100101101001
0111100101101100
0111100101101101
0111100101110000
0111100101110010
0111100101110011
0111100101110100
0111100101110101
0111100101110110
0111100101110111
0111100101111100
0111100101111101
0111100110000011
0111100110000101
0111100110000110
0111100110001001
0111100110001010
0111100110001011
0111100110001100
0111100110001101
0111100110010010
0111100110010011
0111100110010100
0111100110010101
0111100110011001
0111100110011100
0111100110011101
0111100110100010
0111100110100011
0111100110100100
0111100110100101
0111100110101000
0111100110101001
0111100110101010
0111100110101011
0111100110101100
0111100110101101
0111100110110000
0111100110110010
0111100110110011
0111100110110100
0111100110110110
0111100110110111
0111100110111000
0111100110111001
0111100110111100
0111100110111101
0111100111000010
0111100111000011
0111100111000101
0111100111000110
0111100111000111
0111100111001000
0111100111001001
0111100111001010
0111100111001011
0111100111001100
0111100111001101
0111100111010000
0111100111010010
0111100111010100
0111100111010110
0111100111010111
0111100111011000
0111100111011001
0111100111011100
0111100111011101
0111100111100011
0111100111100100
0111100111100101
0111100111100110
0111100111100111
0111100111101001
0111100111101010
0111100111101011
0111100111101100
0111100111101101
0111101000000011
0111101000000101
0111101000000110
0111101000000111
0111101000001010
0111101000001011
0111101000001100
0111101000001101
0111101000001110
0111101000001111
0111101000100010
0111101000100011
0111101000100100
0111101000100101
0111101000100110
0111101000100111
0111101000101000
0111101000101001
0111101000101010
0111101000101011
0111101000101100
0111101000101101
0111101000101110
0111101000110010
0111101000110011
0111101000110100
0111101000110101
0111101000110110
0111101000110111
0111101000111000
0111101000111001
0111101000111100
0111101000111101
0111101000111111
0111101001000010
0111101001000011
0111101001000100
0111101001000101
0111101001000110
0111101001000111
0111101001001000
0111101001001001
0111101001001010
0111101001001011
0111101001001100
0111101001001110
0111101001001111
0111101001010010
0111101001010011
0111101001010100
0111101001010110
0111101001010111
0111101001011001
0111101001011101
0111101001011110
0111101001011111
0111101001100010
0111101001100011
0111101001100100
0111101001100101
0111101001100110
0111101001100111
0111101001101000
0111101001101001
0111101001101010
0111101001101100
0111101001101101
0111101001101110
0111101001101111
0111101001110010
0111101001110100
0111101001110110
0111101001111000
0111101001111100
0111101001111110
0111101010000011
0111101010000101
0111101010000110
0111101010000111
0111101010001010
0111101010001011
0111101010001100
0111101010001101
0111101010001110
0111101010001111
0111101010010010
0111101010010011
0111101010010100
0111101010010110
0111101010011001
0111101010011100
0111101010011110
0111101010100010
0111101010100011
0111101010100100
0111101010101100
0111101010101110
0111101010101111
0111101010110010
0111101010110100
0111101011011100
0111101011011110
0111101011100010
0111101011100100
0111101011100110
0111101011101000
0111101011101010
0111101011101100
0111101011101110
0111101100000101
0111101100000110
0111101100000111
0111101100001101
0111101100100100
0111101100100101
0111101100100110
0111101100100111
0111101100101100
0111101100101101
0111101100110000
0111101100110100
0111101100110101
0111101100110110
0111101100110111
0111101101000100
0111101101000101
0111101101000110
0111101101000111
0111101101001100
0111101101001101
0111101101010000
0111101101010100
0111101101010110
0111101101010111
0111101101100000
0111101101100100
0111101101100101
0111101101100110
0111101101100111
0111101101101101
0111101101110000
0111101101110100
0111101101110110
0111101110000011
0111101110000101
0111101110000110
0111101110000111
0111101110001001
0111101110001100
0111101110001101
0111101110010010
0111101110010011
0111101110010100
0111101110010101
0111101110010110
0111101110010111
0111101110011100
0111101110011101
0111101110100010
0111101110100011
0111101110100100
0111101110100101
0111101110100110
0111101110101001
0111101110101100
0111101110101101
0111101110110000
0111101110110010
0111101110110100
0111101110111100
0111101111000010
0111101111000011
0111101111000100
0111101111000101
0111101111001000
0111101111001001
0111101111001100
0111101111001101
0111101111010000
0111101111010010
0111101111010100
0111101111010110
0111101111011100
0111101111100010
0111101111100110
0111101111101000
0111101111101100
0111110000000101
0111110000000110
0111110000001001
0111110000001010
0111110000001011
0111110000001100
0111110000001101
0111110000001110
0111110000100010
0111110000100011
0111110000100100
0111110000100101
0111110000100110
0111110000100111
0111110000101000
0111110000101001
0111110000101010
0111110000101011
0111110000101100
0111110000101101
0111110000101110
0111110000101111
0111110000110010
0111110000110011
0111110000110100
0111110000110101
0111110000110110
0111110000110111
0111110000111000
0111110000111001
0111110000111100
0111110000111101
0111110000111110
0111110001000010
0111110001000011
0111110001000100
0111110001000101
0111110001000110
0111110001000111
0111110001001000
0111110001001001
0111110001001010
0111110001001011
0111110001001100
0111110001001101
0111110001001110
0111110001010010
0111110001010011
0111110001010100
0111110001010110
0111110001010111
0111110001011001
0111110001011100
0111110001011101
0111110001011111
0111110001100010
0111110001100011
0111110001100100
0111110001100101
0111110001100110
0111110001100111
0111110001101000
0111110001101001
0111110001101010
0111110001101011
0111110001101100
0111110001101110
0111110001101111
0111110001110010
0111110001110100
0111110001110110
0111110001111000
0111110001111110
0111110010000011
0111110010000101
0111110010000110
0111110010000111
0111110010001001
0111110010001010
0111110010001100
0111110010001101
0111110010001110
0111110010001111
0111110010010010
0111110010010011
0111110010010100
0111110010010110
0111110010010111
0111110010011000
0111110010011001
0111110010011100
0111110010011101
0111110010011110
0111110010011111
0111110010100010
0111110010100011
0111110010100100
0111110010100110
0111110010100111
0111110010101000
0111110010101011
0111110010101100
0111110010101101
0111110010101110
0111110010101111
0111110010110010
0111110010110100
0111110011000100
0111110011000101
0111110011001001
0111110011001010
0111110011001011
0111110011001100
0111110011001101
0111110011001110
0111110011001111
0111110011010010
0111110011010100
0111110011011000
0111110011011100
0111110011011110
0111110011100010
0111110011100100
0111110011100110
0111110011101000
0111110011101010
0111110011101100
0111110100000011
0111110100000101
0111110100000111
0111110100001001
0111110100001100
0111110100001101
0111110100100010
0111110100100011
0111110100100100
0111110100100110
0111110100100111
0111110100101100
0111110100101101
0111110100110000
0111110100110010
0111110100110011
0111110100110100
0111110100110110
0111110100110111
0111110100111100
0111110101000010
0111110101000011
0111110101000100
0111110101000110
0111110101000111
0111110101001000
0111110101001100
0111110101010000
0111110101010110
0111110101011100
0111110101100000
0111110101100010
0111110101100011
0111110101100100
0111110101100101
0111110101100110
0111110101100111
0111110101101000
0111110101101001
0111110101101100
0111110101101101
0111110101110000
0111110101110010
0111110101110100
0111110101110110
0111110101111100
0111110110000011
0111110110000101
0111110110000110
0111110110000111
0111110110001001
0111110110001010
0111110110001011
0111110110001101
0111110110010010
0111110110010011
0111110110010100
0111110110010101
0111110110010110
0111110110010111
0111110110011000
0111110110011001
0111110110011100
0111110110011101
0111110110100010
0111110110100011
0111110110100100
0111110110100101
0111110110100110
0111110110100111
0111110110101000
0111110110101001
0111110110101011
0111110110101100
0111110110101101
0111110110110000
0111110110110010
0111110110110100
0111110110110110
0111110110111000
0111110110111100
0111110111000010
0111110111000011
0111110111000100
0111110111000101
0111110111000110
0111110111001001
0111110111001010
0111110111001011
0111110111001100
0111110111001101
0111110111010000
0111110111010010
0111110111010100
0111110111011100
0111110111100000
0111110111100010
0111110111100100
0111110111101000
1000001000101101
1000001000101111
1000001000110011
1000001000110100
1000001000110101
1000001000110110
1000001000111100
1000001000111101
1000001000111110
1000001000111111
1000001001000011
1000001001000111
1000001001001100
1000001001001101
1000001001001110
1000001001001111
1000001001010011
1000001001010110
1000001001010111
1000001001011100
1000001001011101
1000001001011110
1000001001011111
1000001001100011
1000001001100101
1000001001100110
1000001001100111
1000001001101001
1000001001101100
1000001001101101
1000001001101110
1000001001101111
1000001001110010
1000001001110100
1000001001110101
1000001001110110
1000001001110111
1000001001111100
1000001001111101
1000001001111110
1000001010000111
1000001010001101
1000001010001111
1000001010010011
1000001010010110
1000001010010111
1000001010011100
1000001010011101
1000001010011110
1000001010011111
1000001010100111
1000001010101101
1000001010101111
1000001010110011
1000001010110100
1000001010110101
1000001010110110
1000001010110111
1000001010111100
1000001010111101
1000001010111110
1000001010111111
1000001011000011
1000001011000100
1000001011000101
1000001011000110
1000001011000111
1000001011001001
1000001011001100
1000001011001101
1000001011001110
1000001011001111
1000001011010010
1000001011010011
1000001011010100
1000001011010101
1000001011010110
1000001011010111
1000001011011100
1000001011011101
1000001011011110
1000001011011111
1000001011100011
1000001011100100
1000001011100101
1000001011100110
1000001011100111
1000001011101001
1000001011101100
1000001011101101
1000001011101110
1000001011101111
1000001110000101
1000001110001100
1000001110001101
1000001110010100
1000001110010101
1000001110100100
1000001110100101
1000001110101100
1000001110101101
1000001110110100
1000001110110101
1000001111000100
1000001111000101
1000001111001100
1000001111001101
1000001111010000
1000001111010100
1000001111010101
1000001111100100
1000001111100101
1000001111101100
1000001111101101
1000010000100011
1000010000100110
1000010000100111
1000010000101100
1000010000101101
1000010000101110
1000010000101111
1000010000110010
1000010000110011
1000010000110100
1000010000110101
1000010000110110
1000010000110111
1000010000111100
1000010000111101
1000010000111110
1000010000111111
1000010001000011
1000010001000110
1000010001001100
1000010001001101
1000010001001110
1000010001001111
1000010001010011
1000010001010110
1000010001011100
1000010001011101
1000010001011110
1000010001011111
1000010001100010
1000010001100011
1000010001100100
1000010001100101
1000010001100111
1000010001101000
1000010001101001
1000010001101100
1000010001101101
1000010001101110
1000010001101111
1000010001110010
1000010001110011
1000010001110100
1000010001110110
1000010001110111
1000010001111100
1000010001111101
1000010001111110
1000010010000011
1000010010000110
1000010010000111
1000010010001100
1000010010001101
1000010010001110
1000010010001111
1000010010010110
1000010010010111
1000010010011100
1000010010011101
1000010010011110
1000010010011111
1000010010100011
1000010010100110
1000010010100111
1000010010101100
1000010010101101
1000010010101110
1000010010101111
1000010010110010
1000010010110011
1000010010110100
1000010010110101
1000010010110110
1000010010110111
1000010010111100
1000010010111101
1000010010111110
1000010010111111
1000010011000010
1000010011000011
1000010011000100
1000010011000101
1000010011000110
1000010011000111
1000010011001000
1000010011001001
1000010011001100
1000010011001101
1000010011001110
1000010011001111
1000010011010010
1000010011010011
1000010011010100
1000010011010101
1000010011010110
1000010011010111
1000010011011100
1000010011011101
1000010011011110
1000010011011111
1000010011100010
1000010011100011
1000010011100101
1000010011100110
1000010011100111
1000010011101000
1000010011101001
1000010011101100
1000010011101101
1000010011101110
1000010011101111
1000010101001100
1000010101001101
1000010101100100
1000010101100101
1000010101101100
1000010101101101
1000010101110000
1000010101110100
1000010101110101
1000010110001001
1000010110001100
1000010110001101
1000010110010101
1000010110011100
1000010110011101
1000010110100100
1000010110100101
1000010110101000
1000010110101001
1000010110101100
1000010110101101
1000010110110000
1000010110110100
1000010110110101
1000010110111100
1000010110111101
1000010111000100
1000010111000101
1000010111001000
1000010111001001
1000010111001100
1000010111001101
1000010111010100
1000010111010101
1000010111011100
1000010111011101
1000010111100100
1000010111100101
1000010111101000
1000010111101001
1000010111101100
1000010111101101
1000011000000011
1000011000000101
1000011000000110
1000011000000111
1000011000001001
1000011000001100
1000011000001101
1000011000001111
1000011000100011
1000011000100100
1000011000100101
1000011000100110
1000011000100111
1000011000101001
1000011000101101
1000011000101110
1000011000101111
1000011000110010
1000011000110011
1000011000110100
1000011000110101
1000011000110110
1000011000110111
1000011000111100
1000011000111101
1000011000111110
1000011000111111
1000011001000010
1000011001000011
1000011001000100
1000011001000101
1000011001000110
1000011001000111
1000011001001000
1000011001001001
1000011001001100
1000011001001101
1000011001001110
1000011001001111
1000011001010010
1000011001010011
1000011001010100
1000011001010101
1000011001010110
1000011001010111
1000011001011100
1000011001011101
1000011001011110
1000011001011111
1000011001100010
1000011001100011
1000011001100100
1000011001100101
1000011001100110
1000011001101100
1000011001101101
1000011001101110
1000011001101111
1000011001110010
1000011001110011
1000011001110100
1000011001110101
1000011001110110
1000011001111100
1000011001111101
1000011001111110
1000011010000011
1000011010000101
1000011010000111
1000011010001001
1000011010001100
1000011010001101
1000011010001110
1000011010001111
1000011010010010
1000011010010011
1000011010010100
1000011010010110
1000011010010111
1000011010011100
1000011010011101
1000011010011110
1000011010011111
1000011010100011
1000011010100101
1000011010100110
1000011010100111
1000011010101001
1000011010101100
1000011010101101
1000011010101110
1000011010101111
1000011010110010
1000011010110100
1000011010110101
1000011010110110
1000011010110111
1000011010111100
1000011010111101
1000011010111110
1000011010111111
1000011011000011
1000011011000100
1000011011000101
1000011011000110
1000011011000111
1000011011001000
1000011011001001
1000011011001100
1000011011001101
1000011011001110
1000011011001111
1000011011010010
1000011011010011
1000011011010100
1000011011010101
1000011011010110
1000011011010111
1000011011011100
1000011011011101
1000011011011110
1000011011011111
1000011011100010
1000011011100011
1000011011100100
1000011011100101
1000011011100110
1000011011100111
1000011011101000
1000011011101001
1000011011101100
1000011011101101
1000011011101110
1000011011101111
1000011110000101
1000011110001100
1000011110001101
1000011110010100
1000011110010101
1000011110100100
1000011110101100
1000011110101101
1000011110110000
1000011110110101
1000011111000100
1000011111000101
1000011111001100
1000011111001101
1000011111010000
1000011111010100
1000011111100100
1000011111100101
1000011111101100
1000011111101101
1000100000100111
1000100000101101
1000100000101111
1000100000110011
1000100000110100
1000100000110101
1000100000110110
1000100000110111
1000100000111100
1000100000111110
1000100000111111
1000100001000011
1000100001000110
1000100001000111
1000100001001101
1000100001001110
1000100001001111
1000100001010011
1000100001010110
1000100001010111
1000100001011100
1000100001011101
1000100001011110
1000100001011111
1000100001100011
1000100001100100
1000100001100101
1000100001100110
1000100001100111
1000100001101001
1000100001101100
1000100001101101
1000100001101110
1000100001101111
1000100001110010
1000100001110011
1000100001110100
1000100001110101
1000100001110110
1000100001111100
1000100001111101
1000100001111110
1000100010001101
1000100010001111
1000100010010011
1000100010010110
1000100010011100
1000100010011101
1000100010011110
1000100010011111
1000100010100111
1000100010101101
1000100010101111
1000100010110011
1000100010110100
1000100010110110
1000100010111110
1000100010111111
1000100011000011
1000100011000101
1000100011000110
1000100011000111
1000100011001001
1000100011001100
1000100011001101
1000100011001110
1000100011001111
1000100011010010
1000100011010100
1000100011010101
1000100011010110
1000100011010111
1000100011011100
1000100011011101
1000100011011110
1000100011011111
1000100011100011
1000100011100100
1000100011100101
1000100011100110
1000100011100111
1000100011101001
1000100011101100
1000100011101101
1000100011101110
1000100011101111
1000100100001101
1000100100101100
1000100100101101
1000100100110000
1000100100110100
1000100100110101
1000100101001100
1000100101100000
1000100101100100
1000100101100101
1000100101101100
1000100101101101
1000100101110000
1000100101110100
1000100101110101
1000100110000101
1000100110001100
1000100110001101
1000100110010100
1000100110010101
1000100110011100
1000100110011101
1000100110100100
1000100110100101
1000100110101100
1000100110101101
1000100110110000
1000100110110100
1000100110110101
1000100110111100
1000100110111101
1000100111000100
1000100111001000
1000100111001001
1000100111001100
1000100111001101
1000100111011100
1000100111011101
1000100111100000
1000100111100100
1000100111100101
1000100111101000
1000100111101001
1000100111101100
1000100111101101
1000101000000111
1000101000001101
1000101000001111
1000101000100111
1000101000101101
1000101000101111
1000101000110011
1000101000110100
1000101000110101
1000101000110110
1000101000110111
1000101000111100
1000101000111101
1000101000111110
1000101001000011
1000101001000110
1000101001000111
1000101001001100
1000101001001101
1000101001001111
1000101001010011
1000101001010111
1000101001011100
1000101001011111
1000101001100011
1000101001100100
1000101001100101
1000101001100110
1000101001100111
1000101001101001
1000101001101101
1000101001101110
1000101001101111
1000101001110010
1000101001110011
1000101001110100
1000101001110110
1000101001110111
1000101001111100
1000101001111110
1000101010000111
1000101010001101
1000101010001111
1000101010010011
1000101010010111
1000101010011100
1000101010011110
1000101010101111
1000101010110011
1000101010111100
1000101010111101
1000101010111110
1000101010111111
1000101011000011
1000101011000100
1000101011000101
1000101011000111
1000101011001001
1000101011001100
1000101011001101
1000101011001110
1000101011001111
1000101011010011
1000101011010111
1000101011011100
1000101011011101
1000101011011110
1000101011011111
1000101011100011
1000101011100101
1000101011100110
1000101011100111
1000101011101001
1000101011101100
1000101011101101
1000101011101110
1000101011101111
1000101110000101
1000101110001100
1000101110001101
1000101110010100
1000101110010101
1000101110100100
1000101110100101
1000101110101100
1000101110101101
1000101110110000
1000101110110100
1000101110110101
1000101111000100
1000101111000101
1000101111001100
1000101111001101
1000101111010000
1000101111010100
1000101111010101
1000101111100000
1000101111100100
1000101111101100
1000101111101101
1000110000000011
1000110000000101
1000110000000110
1000110000000111
1000110000001001
1000110000001100
1000110000001101
1000110000001110
1000110000001111
1000110000100011
1000110000100100
1000110000100101
1000110000100110
1000110000100111
1000110000101001
1000110000101100
1000110000101101
1000110000101110
1000110000101111
1000110000110010
1000110000110011
1000110000110100
1000110000110101
1000110000110110
1000110000110111
1000110000111100
1000110000111101
1000110000111110
1000110000111111
1000110001000010
1000110001000011
1000110001000100
1000110001000101
1000110001000111
1000110001001000
1000110001001001
1000110001001100
1000110001001101
1000110001001110
1000110001001111
1000110001010010
1000110001010011
1000110001010100
1000110001010101
1000110001010110
1000110001010111
1000110001011100
1000110001011101
1000110001011110
1000110001100010
1000110001100011
1000110001100100
1000110001100101
1000110001100110
1000110001100111
1000110001101000
1000110001101001
1000110001101100
1000110001101101
1000110001101111
1000110001110010
1000110001110011
1000110001110100
1000110001110101
1000110001110110
1000110001110111
1000110001111100
1000110001111110
1000110010000011
1000110010000101
1000110010000110
1000110010000111
1000110010001001
1000110010001101
1000110010001110
1000110010001111
1000110010010010
1000110010010011
1000110010010100
1000110010010101
1000110010010110
1000110010010111
1000110010011100
1000110010011101
1000110010011110
1000110010011111
1000110010100011
1000110010100100
1000110010100101
1000110010100110
1000110010100111
1000110010101001
1000110010101100
1000110010101101
1000110010101110
1000110010101111
1000110010110010
1000110010110011
1000110010110100
1000110010110101
1000110010110110
1000110010110111
1000110010111100
1000110010111101
1000110010111110
1000110010111111
1000110011000010
1000110011000011
1000110011000101
1000110011000110
1000110011001100
1000110011001101
1000110011001110
1000110011001111
1000110011010010
1000110011010011
1000110011010100
1000110011010101
1000110011010110
1000110011011100
1000110011011101
1000110011011110
1000110011011111
1000110011100010
1000110011100011
1000110011100100
1000110011100101
1000110011100111
1000110011101000
1000110011101001
1000110011101100
1000110011101101
1000110011101110
1000110011101111
1000110100000101
1000110100001100
1000110100001101
1000110100100100
1000110100100101
1000110100101100
1000110100101101
1000110100110000
1000110100110100
1000110100110101
1000110101000100
1000110101000101
1000110101001100
1000110101001101
1000110101010000
1000110101100000
1000110101100100
1000110101100101
1000110101101100
1000110101101101
1000110101110000
1000110101110100
1000110101110101
1000110110000101
1000110110001001
1000110110001100
1000110110010100
1000110110010101
1000110110011101
1000110110100100
1000110110100101
1000110110101000
1000110110101001
1000110110101100
1000110110101101
1000110110110000
1000110110110100
1000110110110101
1000110110111100
1000110110111101
1000110111000100
1000110111000101
1000110111001100
1000110111001101
1000110111010000
1000110111010100
1000110111010101
1000110111011100
1000110111011101
1000110111100000
1000110111100100
1000110111100101
1000110111101001
1000110111101100
1000110111101101
1001001000100011
1001001000100110
1001001000100111
1001001000101100
1001001000101101
1001001000101110
1001001000101111
1001001000110010
1001001000110011
1001001000110100
1001001000110101
1001001000110110
1001001000110111
1001001000111100
1001001000111101
1001001000111110
1001001000111111
1001001001000011
1001001001000110
1001001001001100
1001001001001101
1001001001001110
1001001001001111
1001001001010011
1001001001010111
1001001001011100
1001001001011101
1001001001011110
1001001001011111
1001001001100010
1001001001100011
1001001001100100
1001001001100110
1001001001100111
1001001001101000
1001001001101001
1001001001101100
1001001001101101
1001001001101110
1001001001101111
1001001001110010
1001001001110011
1001001001110110
1001001001110111
1001001001111100
1001001001111110
1001001010000110
1001001010000111
1001001010001100
1001001010001101
1001001010001110
1001001010001111
1001001010010011
1001001010010111
1001001010011100
1001001010011110
1001001010100011
1001001010101111
1001001010110011
1001001010110111
1001001010111100
1001001010111101
1001001010111110
1001001010111111
1001001011000010
1001001011000011
1001001011000100
1001001011000101
1001001011000110
1001001011000111
1001001011001000
1001001011001001
1001001011001100
1001001011001101
1001001011001110
1001001011001111
1001001011010011
1001001011010111
1001001011011100
1001001011011101
1001001011011110
1001001011011111
1001001011100010
1001001011100011
1001001011100100
1001001011100101
1001001011100110
1001001011100111
1001001011101000
1001001011101001
1001001011101100
1001001011101101
1001001011101110
1001001011101111
1001001110000101
1001001110001100
1001001110001101
1001001110010100
1001001110100100
1001001110101100
1001001110101101
1001001110110000
1001001110110100
1001001110110101
1001001111000100
1001001111000101
1001001111001100
1001001111001101
1001001111010000
1001001111010100
1001001111100000
1001001111100100
1001001111101100
1001001111101101
1001010000100011
1001010000101110
1001010000101111
1001010000110010
1001010000110011
1001010000110100
1001010000110101
1001010000110110
1001010000110111
1001010000111100
1001010000111101
1001010000111110
1001010000111111
1001010001000011
1001010001000110
1001010001000111
1001010001001100
1001010001001101
1001010001001110
1001010001001111
1001010001010011
1001010001010111
1001010001011100
1001010001011101
1001010001011110
1001010001011111
1001010001100010
1001010001100011
1001010001100100
1001010001100101
1001010001100110
1001010001101000
1001010001101001
1001010001101100
1001010001101101
1001010001101110
1001010001101111
1001010001110010
1001010001110011
1001010001110100
1001010001110111
1001010001111100
1001010001111110
1001010010000011
1001010010000110
1001010010000111
1001010010001100
1001010010001101
1001010010001110
1001010010001111
1001010010010011
1001010010010111
1001010010011100
1001010010011110
1001010010101111
1001010010110011
1001010010110111
1001010010111100
1001010010111101
1001010010111110
1001010010111111
1001010011000010
1001010011000011
1001010011000100
1001010011000101
1001010011000110
1001010011000111
1001010011001000
1001010011001001
1001010011001100
1001010011001101
1001010011001110
1001010011001111
1001010011010011
1001010011010111
1001010011011100
1001010011011101
1001010011011110
1001010011011111
1001010011100010
1001010011100011
1001010011100100
1001010011100110
1001010011100111
1001010011101000
1001010011101100
1001010011101101
1001010011101110
1001010011101111
1001010100001101
1001010100110000
1001010101110000
1001010110000101
1001010110001001
1001010110001100
1001010110001101
1001010110011100
1001010110011101
1001010110110000
1001010110111100
1001010110111101
1001010111000100
1001010111000101
1001010111001000
1001010111001001
1001010111001100
1001010111001101
1001010111010000
1001010111011100
1001010111011101
1001010111100100
1001010111100101
1001010111101000
1001010111101001
1001010111101100
1001010111101101
1001011000000011
1001011000000101
1001011000000110
1001011000000111
1001011000001001
1001011000001110
1001011000100010
1001011000100011
1001011000100100
1001011000100101
1001011000100110
1001011000100111
1001011000101000
1001011000101001
1001011000101100
1001011000101110
1001011000101111
1001011000110010
1001011000110011
1001011000110100
1001011000110110
1001011000110111
1001011000111101
1001011000111110
1001011000111111
1001011001000010
1001011001000011
1001011001000100
1001011001000101
1001011001000110
1001011001000111
1001011001001000
1001011001001001
1001011001001100
1001011001001101
1001011001001110
1001011001010111
1001011001011100
1001011001011101
1001011001011110
1001011001011111
1001011001100010
1001011001100011
1001011001100100
1001011001100101
1001011001100110
1001011001100111
1001011001101100
1001011001101101
1001011001101110
1001011001101111
1001011001110010
1001011001110011
1001011001110100
1001011001110101
1001011001110110
1001011001111110
1001011010000011
1001011010000101
1001011010000110
1001011010001001
1001011010001100
1001011010001101
1001011010001110
1001011010001111
1001011010010011
1001011010010111
1001011010011100
1001011010011101
1001011010011110
1001011010011111
1001011010100011
1001011010100111
1001011010101111
1001011010110011
1001011010110111
1001011010111100
1001011010111101
1001011010111110
1001011010111111
1001011011000010
1001011011000100
1001011011000101
1001011011000110
1001011011000111
1001011011001000
1001011011001001
1001011011001100
1001011011001101
1001011011001110
1001011011001111
1001011011010011
1001011011010111
1001011011011100
1001011011011101
1001011011011110
1001011011011111
1001011011100010
1001011011100011
1001011011100100
1001011011100101
1001011011100110
1001011011100111
1001011011101000
1001011011101001
1001011011101100
1001011011101101
1001011011101110
1001011011101111
1001011110000101
1001011110001100
1001011110001101
1001011110010100
1001011110010101
1001011110100100
1001011110100101
1001011110101100
1001011110101101
1001011110110000
1001011110110100
1001011111000101
1001011111001100
1001011111001101
1001011111010000
1001011111010100
1001011111100100
1001011111100101
1001011111101100
1001011111101101
1001100000100011
1001100000100100
1001100000100101
1001100000100110
1001100000100111
1001100000101001
1001100000101100
1001100000101101
1001100000101110
1001100000110010
1001100000110011
1001100000110100
1001100000110101
1001100000110110
1001100000110111
1001100000111100
1001100000111101
1001100000111111
1001100001000010
1001100001000011
1001100001000100
1001100001000101
1001100001000110
1001100001000111
1001100001001000
1001100001001001
1001100001001100
1001100001001110
1001100001001111
1001100001010010
1001100001010011
1001100001010100
1001100001010101
1001100001010110
1001100001010111
1001100001011101
1001100001011110
1001100001011111
1001100001100010
1001100001100011
1001100001100100
1001100001100101
1001100001100110
1001100001100111
1001100001101000
1001100001101001
1001100001101100
1001100001101101
1001100001101110
1001100001101111
1001100001110010
1001100001110011
1001100001110100
1001100001110101
1001100001110110
1001100001110111
1001100001111100
1001100001111101
1001100001111110
1001100010000011
1001100010000101
1001100010000110
1001100010001100
1001100010001101
1001100010001110
1001100010001111
1001100010010010
1001100010010011
1001100010010101
1001100010010110
1001100010010111
1001100010011100
1001100010011101
1001100010011110
1001100010011111
1001100010100011
1001100010100100
1001100010100101
1001100010100110
1001100010101100
1001100010101101
1001100010101110
1001100010101111
1001100010110010
1001100010110011
1001100010110100
1001100010110101
1001100010110111
1001100010111100
1001100010111101
1001100010111110
1001100010111111
1001100011000010
1001100011000011
1001100011000100
1001100011000110
1001100011000111
1001100011001000
1001100011001001
1001100011001100
1001100011001101
1001100011001110
1001100011001111
1001100011010010
1001100011010011
1001100011010101
1001100011010110
1001100011010111
1001100011011100
1001100011011101
1001100011011110
1001100011011111
1001100011100010
1001100011100100
1001100011100101
1001100011100110
1001100011100111
1001100011101000
1001100011101001
1001100011101100
1001100011101101
1001100011101110
1001100011101111
1001100100000101
1001100100001101
1001100100100100
1001100100100101
1001100100101100
1001100100101101
1001100100110000
1001100100110100
1001100100110101
1001100101000100
1001100101000101
1001100101001100
1001100101001101
1001100101010000
1001100101100000
1001100101100100
1001100101101101
1001100101110000
1001100101110100
1001100101110101
1001100110000101
1001100110001100
1001100110001101
1001100110010100
1001100110010101
1001100110011100
1001100110011101
1001100110100100
1001100110100101
1001100110101100
1001100110101101
1001100110110000
1001100110110100
1001100110110101
1001100110111100
1001100110111101
1001100111000100
1001100111000101
1001100111001000
1001100111001001
1001100111001100
1001100111001101
1001100111010000
1001100111010100
1001100111011100
1001100111011101
1001100111100000
1001100111100101
1001100111101000
1001100111101001
1001100111101100
1001100111101101
1001101000000011
1001101000000101
1001101000000110
1001101000000111
1001101000001001
1001101000001100
1001101000001101
1001101000001110
1001101000001111
1001101000100011
1001101000100100
1001101000100101
1001101000100110
1001101000100111
1001101000101001
1001101000101100
1001101000101101
1001101000101110
1001101000101111
1001101000110010
1001101000110011
1001101000110100
1001101000110101
1001101000110110
1001101000111100
1001101000111101
1001101000111110
1001101000111111
1001101001000010
1001101001000011
1001101001000100
1001101001000101
1001101001000110
1001101001000111
1001101001001000
1001101001001001
1001101001001100
1001101001001101
1001101001001110
1001101001010011
1001101001010111
1001101001011100
1001101001011101
1001101001011111
1001101001100010
1001101001100011
1001101001100100
1001101001100101
1001101001100110
1001101001100111
1001101001101000
1001101001101001
1001101001101100
1001101001101110
1001101001101111
1001101001110010
1001101001110011
1001101001110100
1001101001110110
1001101001110111
1001101001111110
1001101010000011
1001101010000101
1001101010000110
1001101010000111
1001101010001100
1001101010001101
1001101010001110
1001101010001111
1001101010010011
1001101010010111
1001101010011100
1001101010011110
1001101010100011
1001101010101111
1001101010110111
1001101010111100
1001101010111101
1001101010111110
1001101010111111
1001101011000010
1001101011000011
1001101011000100
1001101011000101
1001101011000110
1001101011001000
1001101011001001
1001101011001100
1001101011001101
1001101011001110
1001101011001111
1001101011010011
1001101011010111
1001101011011100
1001101011011101
1001101011011110
1001101011011111
1001101011100010
1001101011100011
1001101011100100
1001101011100110
1001101011100111
1001101011101000
1001101011101001
1001101011101100
1001101011101101
1001101011101110
1001101011101111
1001101110000101
1001101110001101
1001101110010100
1001101110010101
1001101110100100
1001101110100101
1001101110101100
1001101110101101
1001101110110000
1001101110110100
1001101110110101
1001101111000100
1001101111000101
1001101111001100
1001101111001101
1001101111010000
1001101111010100
1001101111100000
1001101111100100
1001101111100101
1001101111101100
1001101111101101
1001110000000011
1001110000000101
1001110000000110
1001110000000111
1001110000001001
1001110000001100
1001110000001101
1001110000001110
1001110000001111
1001110000100010
1001110000100011
1001110000100100
1001110000100101
1001110000100110
1001110000100111
1001110000101000
1001110000101001
1001110000101100
1001110000101101
1001110000101110
1001110000101111
1001110000110010
1001110000110011
1001110000110100
1001110000110101
1001110000110110
1001110000110111
1001110000111100
1001110000111101
1001110000111110
1001110000111111
1001110001000010
1001110001000011
1001110001000100
1001110001000101
1001110001000110
1001110001000111
1001110001001000
1001110001001001
1001110001001100
1001110001001101
1001110001001110
1001110001001111
1001110001010010
1001110001010011
1001110001010100
1001110001010110
1001110001010111
1001110001011100
1001110001011101
1001110001011110
1001110001011111
1001110001100010
1001110001100011
1001110001100100
1001110001100101
1001110001100110
1001110001100111
1001110001101001
1001110001101100
1001110001101101
1001110001101110
1001110001110010
1001110001110011
1001110001110100
1001110001110101
1001110001110110
1001110001110111
1001110001111100
1001110001111101
1001110010000011
1001110010000101
1001110010000110
1001110010000111
1001110010001001
1001110010001100
1001110010001110
1001110010001111
1001110010010010
1001110010010011
1001110010010100
1001110010010110
1001110010010111
1001110010011101
1001110010011110
1001110010011111
1001110010100010
1001110010100011
1001110010100100
1001110010100110
1001110010100111
1001110010101000
1001110010101100
1001110010101101
1001110010101110
1001110010101111
1001110010110010
1001110010110011
1001110010110100
1001110010110101
1001110010110110
1001110010110111
1001110010111100
1001110010111101
1001110010111110
1001110010111111
1001110011000010
1001110011000011
1001110011000100
1001110011000101
1001110011000110
1001110011000111
1001110011001100
1001110011001101
1001110011001110
1001110011001111
1001110011010010
1001110011010011
1001110011010100
1001110011010110
1001110011010111
1001110011011100
1001110011011101
1001110011011110
1001110011011111
1001110011100010
1001110011100011
1001110011100100
1001110011100101
1001110011100110
1001110011101000
1001110011101001
1001110011101100
1001110011101101
1001110011101110
1001110100000101
1001110100001100
1001110100001101
1001110100100100
1001110100101100
1001110100101101
1001110100110000
1001110100110100
1001110101000100
1001110101001100
1001110101010000
1001110101100000
1001110101100100
1001110101100101
1001110101101100
1001110101101101
1001110101110000
1001110110001001
1001110110001100
1001110110001101
1001110110010100
1001110110010101
1001110110011100
1001110110100100
1001110110100101
1001110110101000
1001110110101001
1001110110101101
1001110110110000
1001110110110100
1001110110110101
1001110110111100
1001110110111101
1001110111000100
1001110111000101
1001110111001100
1001110111001101
1001110111010000
1001110111010100
1001110111011100
1001110111011101
1001110111100000
1001110111100100
1001110111100101
1001110111101100
1001110111101101
1010001000100111
1010001000101101
1010001000101111
1010001000110011
1010001000110100
1010001000110101
1010001000110110
1010001000110111
1010001000111100
1010001000111101
1010001000111110
1010001000111111
1010001001000011
1010001001000110
1010001001000111
1010001001001100
1010001001001101
1010001001001110
1010001001001111
1010001001010011
1010001001011100
1010001001011101
1010001001011110
1010001001011111
1010001001100011
1010001001100100
1010001001100101
1010001001100111
1010001001101001
1010001001101101
1010001001101110
1010001001101111
1010001001110010
1010001001110011
1010001001110100
1010001001110110
1010001001110111
1010001001111100
1010001001111110
1010001010000111
1010001010001101
1010001010001111
1010001010010111
1010001010011100
1010001010011110
1010001010101111
1010001010110011
1010001010110111
1010001010111100
1010001010111101
1010001010111110
1010001010111111
1010001011000011
1010001011000100
1010001011000101
1010001011000110
1010001011000111
1010001011001001
1010001011001100
1010001011001101
1010001011001110
1010001011001111
1010001011010011
1010001011010111
1010001011011100
1010001011011101
1010001011011110
1010001011011111
1010001011100011
1010001011100100
1010001011100101
1010001011100110
1010001011100111
1010001011101001
1010001011101100
1010001011101101
1010001011101110
1010001011101111
1010001110001100
1010001110001101
1010001110100100
1010001110101100
1010001110101101
1010001110110000
1010001110110100
1010001110110101
1010001111000100
1010001111000101
1010001111001100
1010001111001101
1010001111010100
1010001111100000
1010001111100100
1010001111101100
1010001111101101
1010010000100011
1010010000100110
1010010000100111
1010010000101101
1010010000101110
1010010000101111
1010010000110010
1010010000110011
1010010000110100
1010010000110101
1010010000110110
1010010000110111
1010010000111100
1010010000111101
1010010000111110
1010010000111111
1010010001000011
1010010001000110
1010010001000111
1010010001001100
1010010001001101
1010010001001110
1010010001001111
1010010001010011
1010010001010111
1010010001011100
1010010001011101
1010010001011110
1010010001011111
1010010001100010
1010010001100011
1010010001100100
1010010001100101
1010010001100110
1010010001100111
1010010001101001
1010010001101100
1010010001101101
1010010001101110
1010010001101111
1010010001110010
1010010001110011
1010010001110100
1010010001110110
1010010001111100
1010010001111110
1010010010000011
1010010010000111
1010010010001100
1010010010001101
1010010010001110
1010010010001111
1010010010010011
1010010010010111
1010010010011100
1010010010011110
1010010010100011
1010010010101111
1010010010110111
1010010010111100
1010010010111101
1010010010111110
1010010010111111
1010010011000011
1010010011000100
1010010011000101
1010010011000110
1010010011000111
1010010011001000
1010010011001001
1010010011001100
1010010011001101
1010010011001110
1010010011001111
1010010011010011
1010010011010111
1010010011011100
1010010011011101
1010010011011110
1010010011011111
1010010011100010
1010010011100011
1010010011100100
1010010011100110
1010010011100111
1010010011101000
1010010011101100
1010010011101101
1010010011101110
1010010011101111
1010010100001101
1010010100110000
1010010101110000
1010010110000101
1010010110001001
1010010110001100
1010010110001101
1010010110011100
1010010110011101
1010010110110000
1010010110111100
1010010110111101
1010010111000100
1010010111000101
1010010111001000
1010010111001001
1010010111001100
1010010111001101
1010010111010000
1010010111011100
1010010111011101
1010010111100000
1010010111100100
1010010111100101
1010010111101000
1010010111101001
1010010111101100
1010010111101101
1010011000000011
1010011000000101
1010011000000110
1010011000000111
1010011000001001
1010011000001100
1010011000001101
1010011000001110
1010011000001111
1010011000100011
1010011000100100
1010011000100101
1010011000100110
1010011000100111
1010011000101001
1010011000101100
1010011000101101
1010011000101111
1010011000110010
1010011000110011
1010011000110100
1010011000110101
1010011000110110
1010011000110111
1010011000111100
1010011000111110
1010011000111111
1010011001000010
1010011001000011
1010011001000100
1010011001000101
1010011001000110
1010011001000111
1010011001001000
1010011001001001
1010011001001101
1010011001001110
1010011001001111
1010011001010011
1010011001010111
1010011001011100
1010011001011101
1010011001011110
1010011001011111
1010011001100010
1010011001100011
1010011001100100
1010011001100101
1010011001100110
1010011001100111
1010011001101000
1010011001101100
1010011001101101
1010011001101110
1010011001101111
1010011001110010
1010011001110011
1010011001110100
1010011001110110
1010011001110111
1010011001111100
1010011001111110
1010011010000011
1010011010000101
1010011010000110
1010011010000111
1010011010001001
1010011010001100
1010011010001101
1010011010001110
1010011010001111
1010011010010011
1010011010011100
1010011010011110
1010011010100011
1010011010101111
1010011010110011
1010011010110111
1010011010111100
1010011010111101
1010011010111110
1010011010111111
1010011011000010
1010011011000011
1010011011000101
1010011011000110
1010011011000111
1010011011001000
1010011011001001
1010011011001100
1010011011001101
1010011011001110
1010011011001111
1010011011010111
1010011011011100
1010011011011101
1010011011011110
1010011011011111
1010011011100011
1010011011100100
1010011011100101
1010011011100110
1010011011100111
1010011011101000
1010011011101001
1010011011101100
1010011011101101
1010011011101110
1010011011101111
1010011110000101
1010011110001100
1010011110001101
1010011110100100
1010011110101100
1010011110101101
1010011110110000
1010011110110100
1010011111000100
1010011111001100
1010011111010000
1010011111100000
1010011111100100
1010011111101100
1010100000100111
1010100000101101
1010100000101111
1010100000110011
1010100000110100
1010100000110101
1010100000110110
1010100000110111
1010100000111100
1010100000111101
1010100000111110
1010100001000011
1010100001000110
1010100001000111
1010100001001100
1010100001001101
1010100001001111
1010100001010011
1010100001010111
1010100001011100
1010100001011110
1010100001011111
1010100001100011
1010100001100100
1010100001100101
1010100001100110
1010100001100111
1010100001101001
1010100001101101
1010100001101110
1010100001101111
1010100001110010
1010100001110011
1010100001110100
1010100001110110
1010100001110111
1010100001111100
1010100001111110
1010100010000111
1010100010001101
1010100010001111
1010100010010011
1010100010010111
1010100010011100
1010100010011110
1010100010101111
1010100010110011
1010100010111100
1010100010111101
1010100010111110
1010100010111111
1010100011000011
1010100011000100
1010100011000101
1010100011000111
1010100011001001
1010100011001100
1010100011001101
1010100011001110
1010100011001111
1010100011010011
1010100011010111
1010100011011100
1010100011011101
1010100011011110
1010100011011111
1010100011100011
1010100011100110
1010100011100111
1010100011101100
1010100011101101
1010100011101110
1010100011101111
1010100100001101
1010100100110000
1010100101110000
1010100110000101
1010100110001100
1010100110001101
1010100110011100
1010100110110000
1010100110111100
1010100111000100
1010100111001000
1010100111001100
1010100111010000
1010100111011100
1010100111100000
1010100111100100
1010100111101000
1010100111101100
1010101000000111
1010101000001101
1010101000001111
1010101000101111
1010101000110011
1010101000110111
1010101000111100
1010101001000011
1010101001100011
1010101011000111
1010101011001111
1010101011011111
1010101011100011
1010101011100111
1010101110000101
1010101110001100
1010101111000100
1010101111000101
1010101111001100
1010101111001101
1010101111010000
1010101111100000
1010101111100100
1010101111100101
1010101111101100
1010101111101101
1010110000000101
1010110000000111
1010110000001001
1010110000001101
1010110000001110
1010110000001111
1010110000100011
1010110000100100
1010110000100101
1010110000100110
1010110000100111
1010110000101001
1010110000101101
1010110000101110
1010110000101111
1010110000110010
1010110000110011
1010110000110100
1010110000110101
1010110000110110
1010110000110111
1010110000111100
1010110000111101
1010110000111110
1010110000111111
1010110001000010
1010110001000011
1010110001000101
1010110001000110
1010110001000111
1010110001001000
1010110001001001
1010110001001100
1010110001001101
1010110001001110
1010110001001111
1010110001010011
1010110001010111
1010110001011100
1010110001011101
1010110001011110
1010110001011111
1010110001100010
1010110001100011
1010110001100100
1010110001100101
1010110001100110
1010110001100111
1010110001101000
1010110001101001
1010110001101100
1010110001101101
1010110001101110
1010110001101111
1010110001110010
1010110001110011
1010110001110100
1010110001110101
1010110001110110
1010110001110111
1010110001111100
1010110001111101
1010110001111110
1010110010000011
1010110010000101
1010110010000110
1010110010000111
1010110010001001
1010110010001100
1010110010001101
1010110010001111
1010110010010011
1010110010010111
1010110010011100
1010110010011110
1010110010011111
1010110010100011
1010110010100111
1010110010101111
1010110010110011
1010110010110111
1010110010111100
1010110010111101
1010110010111110
1010110010111111
1010110011000010
1010110011000011
1010110011000100
1010110011000101
1010110011000110
1010110011000111
1010110011001000
1010110011001100
1010110011001101
1010110011001110
1010110011001111
1010110011010011
1010110011010111
1010110011011100
1010110011011101
1010110011011110
1010110011100010
1010110011100011
1010110011100100
1010110011100101
1010110011100110
1010110011100111
1010110011101001
1010110011101100
1010110011101101
1010110100000101
1010110100001100
1010110100001101
1010110100110000
1010110110000101
1010110110001001
1010110110001100
1010110110001101
1010110110011100
1010110110011101
1010110110111101
1010110111000100
1010110111000101
1010110111001000
1010110111001001
1010110111001100
1010110111001101
1010110111010000
1010110111011100
1010110111011101
1010110111100000
1010110111100100
1010110111100101
1010110111101100
1011001000100011
1011001000100100
1011001000100101
1011001000100110
1011001000100111
1011001000101001
1011001000101101
1011001000101110
1011001000101111
1011001000110010
1011001000110011
1011001000110100
1011001000110101
1011001000110110
1011001000110111
1011001000111100
1011001000111101
1011001000111110
1011001000111111
1011001001000010
1011001001000011
1011001001000100
1011001001000101
1011001001000110
1011001001000111
1011001001001000
1011001001001100
1011001001001101
1011001001001110
1011001001001111
1011001001010011
1011001001010111
1011001001011100
1011001001011101
1011001001011110
1011001001011111
1011001001100010
1011001001100011
1011001001100100
1011001001100101
1011001001100110
1011001001101000
1011001001101001
1011001001101100
1011001001101101
1011001001101110
1011001001101111
1011001001110010
1011001001110011
1011001001110100
1011001001110101
1011001001110111
1011001001111100
1011001001111101
1011001001111110
1011001010000011
1011001010000110
1011001010000111
1011001010001001
1011001010001100
1011001010001101
1011001010001110
1011001010001111
1011001010010011
1011001010010111
1011001010011100
1011001010011101
1011001010011110
1011001010011111
1011001010100111
1011001010101111
1011001010110011
1011001010110111
1011001010111100
1011001010111101
1011001010111110
1011001010111111
1011001011000010
1011001011000011
1011001011000100
1011001011000101
1011001011000110
1011001011000111
1011001011001000
1011001011001001
1011001011001100
1011001011001101
1011001011001110
1011001011001111
1011001011010011
1011001011010111
1011001011011100
1011001011011101
1011001011011110
1011001011011111
1011001011100010
1011001011100011
1011001011100100
1011001011101000
1011001011101001
1011001011101100
1011001011101101
1011001011101110
1011001011101111
1011001110000101
1011001110001100
1011001110001101
1011001110010100
1011001110100101
1011001110101100
1011001110101101
1011001110110000
1011001110110100
1011001110110101
1011001111000100
1011001111000101
1011001111001100
1011001111001101
1011001111010000
1011001111010100
1011001111010101
1011001111100100
1011001111100101
1011001111101100
1011001111101101
1011010000100010
1011010000100011
1011010000100100
1011010000100101
1011010000100110
1011010000100111
1011010000101000
1011010000101001
1011010000101100
1011010000101110
1011010000101111
1011010000110010
1011010000110011
1011010000110100
1011010000110101
1011010000110110
1011010000110111
1011010000111101
1011010000111110
1011010000111111
1011010001000010
1011010001000011
1011010001000100
1011010001000101
1011010001000110
1011010001000111
1011010001001000
1011010001001001
1011010001001101
1011010001001110
1011010001001111
1011010001010011
1011010001010111
1011010001011100
1011010001011101
1011010001011110
1011010001011111
1011010001100010
1011010001100011
1011010001100100
1011010001100101
1011010001100110
1011010001100111
1011010001101000
1011010001101100
1011010001101101
1011010001101110
1011010001101111
1011010001110010
1011010001110011
1011010001110100
1011010001110101
1011010001110110
1011010001110111
1011010001111100
1011010001111101
1011010001111110
1011010010000011
1011010010000101
1011010010000110
1011010010001001
1011010010001100
1011010010001101
1011010010001110
1011010010010011
1011010010010111
1011010010011100
1011010010011101
1011010010011110
1011010010011111
1011010010100011
1011010010100111
1011010010101111
1011010010110011
1011010010110111
1011010010111100
1011010010111101
1011010010111110
1011010010111111
1011010011000010
1011010011000100
1011010011000101
1011010011000110
1011010011000111
1011010011001000
1011010011001001
1011010011001100
1011010011001101
1011010011001110
1011010011001111
1011010011010011
1011010011010111
1011010011011100
1011010011011101
1011010011011110
1011010011011111
1011010011100010
1011010011100011
1011010011100100
1011010011100101
1011010011100110
1011010011100111
1011010011101001
1011010011101100
1011010011101101
1011010100000101
1011010100001101
1011010100110000
1011010110000101
1011010110001001
1011010110001100
1011010110001101
1011010110011100
1011010110011101
1011010110111100
1011010110111101
1011010111000101
1011010111001000
1011010111001001
1011010111001100
1011010111001101
1011010111010000
1011010111011100
1011010111011101
1011010111100000
1011010111100100
1011010111100101
1011010111101000
1011010111101001
1011011000000011
1011011000000101
1011011000000110
1011011000000111
1011011000001100
1011011000001101
1011011000001110
1011011000001111
1011011000100010
1011011000100011
1011011000100100
1011011000100101
1011011000100110
1011011000100111
1011011000101000
1011011000101001
1011011000101100
1011011000101101
1011011000101110
1011011000110010
1011011000110011
1011011000110100
1011011000110101
1011011000110110
1011011000110111
1011011000111100
1011011000111101
1011011000111111
1011011001000010
1011011001000011
1011011001000100
1011011001000101
1011011001000110
1011011001000111
1011011001001000
1011011001001001
1011011001001100
1011011001001110
1011011001001111
1011011001010011
1011011001010111
1011011001011101
1011011001011110
1011011001011111
1011011001100010
1011011001100011
1011011001100100
1011011001100101
1011011001100110
1011011001100111
1011011001101000
1011011001101001
1011011001101101
1011011001101110
1011011001101111
1011011001110010
1011011001110011
1011011001110100
1011011001110101
1011011001110110
1011011001110111
1011011001111100
1011011001111101
1011011001111110
1011011010000011
1011011010000101
1011011010000110
1011011010000111
1011011010001100
1011011010001101
1011011010001110
1011011010001111
1011011010010011
1011011010010111
1011011010011100
1011011010011101
1011011010011110
1011011010011111
1011011010100011
1011011010101111
1011011010110011
1011011010110111
1011011010111100
1011011010111101
1011011010111110
1011011010111111
1011011011000010
1011011011000011
1011011011000100
1011011011000110
1011011011000111
1011011011001000
1011011011001001
1011011011001100
1011011011001101
1011011011001110
1011011011001111
1011011011010011
1011011011010111
1011011011011100
1011011011011101
1011011011011110
1011011011011111
1011011011100010
1011011011100100
1011011011100101
1011011011100110
1011011011100111
1011011011101000
1011011011101001
1011011011101100
1011011011101101
1011011110000101
1011011110001100
1011011110001101
1011011110010100
1011011110010101
1011011110100100
1011011110100101
1011011110101100
1011011110101101
1011011110110000
1011011110110100
1011011110110101
1011011111000100
1011011111000101
1011011111001100
1011011111001101
1011011111010000
1011011111010100
1011011111100000
1011011111100101
1011100000100011
1011100000100100
1011100000100101
1011100000100110
1011100000100111
1011100000101001
1011100000101100
1011100000101101
1011100000101110
1011100000101111
1011100000110010
1011100000110011
1011100000110100
1011100000110101
1011100000110110
1011100000110111
1011100000111100
1011100000111101
1011100000111110
1011100000111111
1011100001000010
1011100001000011
1011100001000100
1011100001000101
1011100001000110
1011100001000111
1011100001001000
1011100001001001
1011100001001100
1011100001001101
1011100001001110
1011100001010010
1011100001010011
1011100001010100
1011100001010101
1011100001010110
1011100001010111
1011100001011100
1011100001011101
1011100001011111
1011100001100010
1011100001100011
1011100001100100
1011100001100101
1011100001100110
1011100001100111
1011100001101000
1011100001101001
1011100001101100
1011100001101110
1011100001101111
1011100001110010
1011100001110011
1011100001110100
1011100001110101
1011100001110110
1011100001110111
1011100001111101
1011100001111110
1011100010000011
1011100010000101
1011100010000110
1011100010000111
1011100010001001
1011100010001101
1011100010001110
1011100010001111
1011100010010011
1011100010010100
1011100010010101
1011100010010110
1011100010010111
1011100010011100
1011100010011101
1011100010011110
1011100010011111
1011100010100011
1011100010100100
1011100010100101
1011100010100110
1011100010100111
1011100010101100
1011100010101101
1011100010101110
1011100010101111
1011100010110010
1011100010110011
1011100010110100
1011100010110101
1011100010110110
1011100010110111
1011100010111100
1011100010111101
1011100010111110
1011100010111111
1011100011000010
1011100011000011
1011100011000100
1011100011000101
1011100011000110
1011100011001000
1011100011001001
1011100011001100
1011100011001101
1011100011001110
1011100011001111
1011100011010010
1011100011010011
1011100011010100
1011100011010101
1011100011010111
1011100011011100
1011100011011101
1011100011011110
1011100011011111
1011100011100010
1011100011100011
1011100011100100
1011100011100110
1011100011100111
1011100011101000
1011100011101001
1011100011101100
1011100011101101
1011100011101110
1011100011101111
1011100100000101
1011100100001101
1011100100100100
1011100100100101
1011100100101100
1011100100101101
1011100100110000
1011100100110100
1011100100110101
1011100101000100
1011100101000101
1011100101001100
1011100101001101
1011100101010000
1011100101100000
1011100101100100
1011100101100101
1011100101101100
1011100101101101
1011100101110000
1011100101110100
1011100101110101
1011100110000101
1011100110001001
1011100110001101
1011100110010100
1011100110010101
1011100110011101
1011100110100100
1011100110100101
1011100110101000
1011100110101001
1011100110101100
1011100110101101
1011100110110000
1011100110110100
1011100110110101
1011100110111100
1011100110111101
1011100111000100
1011100111000101
1011100111001001
1011100111001100
1011100111001101
1011100111010000
1011100111010100
1011100111010101
1011100111011100
1011100111011101
1011100111100000
1011100111100100
1011100111100101
1011100111101000
1011100111101001
1011100111101100
1011100111101101
1011101000000011
1011101000000101
1011101000000110
1011101000000111
1011101000001001
1011101000001100
1011101000001101
1011101000001110
1011101000001111
1011101000100011
1011101000100100
1011101000100101
1011101000100110
1011101000100111
1011101000101001
1011101000101100
1011101000101101
1011101000101110
1011101000101111
1011101000110010
1011101000110011
1011101000110100
1011101000110101
1011101000110110
1011101000110111
1011101000111100
1011101000111101
1011101000111110
1011101000111111
1011101001000010
1011101001000011
1011101001000100
1011101001000101
1011101001000110
1011101001000111
1011101001001000
1011101001001001
1011101001001100
1011101001001101
1011101001001110
1011101001001111
1011101001010011
1011101001010111
1011101001011100
1011101001011101
1011101001011110
1011101001011111
1011101001100010
1011101001100011
1011101001100100
1011101001100101
1011101001100110
1011101001100111
1011101001101000
1011101001101001
1011101001101100
1011101001101101
1011101001101110
1011101001110010
1011101001110011
1011101001110100
1011101001110101
1011101001110110
1011101001110111
1011101001111100
1011101001111101
1011101010000011
1011101010000101
1011101010000110
1011101010000111
1011101010001001
1011101010001100
1011101010001110
1011101010001111
1011101010010011
1011101010010111
1011101010011101
1011101010011110
1011101010011111
1011101010100011
1011101010100111
1011101010110011
1011101010110111
1011101010111101
1011101011000010
1011101011000011
1011101011000100
1011101011000101
1011101011000110
1011101011000111
1011101011001000
1011101011001100
1011101011001101
1011101011001110
1011101011001111
1011101011010011
1011101011010111
1011101011011100
1011101011011101
1011101011011110
1011101011011111
1011101011100010
1011101011100011
1011101011100100
1011101011100101
1011101011100110
1011101011101000
1011101011101001
1011101011101100
1011101011101101
1011101110000101
1011101110001100
1011101110001101
1011101110010100
1011101110010101
1011101110100100
1011101110100101
1011101110101101
1011101110110100
1011101110110101
1011101111000100
1011101111000101
1011101111001101
1011101111010000
1011101111010100
1011101111010101
1011101111100000
1011101111100100
1011101111100101
1011101111101100
1011101111101101
1011110000000011
1011110000000101
1011110000000110
1011110000000111
1011110000001001
1011110000001100
1011110000001101
1011110000001110
1011110000001111
1011110000100010
1011110000100011
1011110000100100
1011110000100101
1011110000100110
1011110000100111
1011110000101000
1011110000101001
1011110000101100
1011110000101101
1011110000101110
1011110000101111
1011110000110010
1011110000110011
1011110000110100
1011110000110101
1011110000110110
1011110000110111
1011110000111100
1011110000111101
1011110000111110
1011110000111111
1011110001000010
1011110001000011
1011110001000100
1011110001000101
1011110001000110
1011110001000111
1011110001001000
1011110001001001
1011110001001100
1011110001001101
1011110001001110
1011110001001111
1011110001010010
1011110001010011
1011110001010100
1011110001010101
1011110001010110
1011110001010111
1011110001011100
1011110001011101
1011110001011110
1011110001011111
1011110001100010
1011110001100011
1011110001100100
1011110001100101
1011110001100110
1011110001100111
1011110001101000
1011110001101001
1011110001101100
1011110001101101
1011110001101110
1011110001101111
1011110001110010
1011110001110011
1011110001110100
1011110001110101
1011110001110110
1011110001110111
1011110001111100
1011110001111101
1011110001111110
1011110010000011
1011110010000101
1011110010000110
1011110010000111
1011110010001001
1011110010001100
1011110010001101
1011110010001110
1011110010010010
1011110010010011
1011110010010100
1011110010010101
1011110010010110
1011110010010111
1011110010011100
1011110010011101
1011110010011111
1011110010100010
1011110010100011
1011110010100100
1011110010100101
1011110010100110
1011110010100111
1011110010101000
1011110010101001
1011110010101110
1011110010101111
1011110010110010
1011110010110011
1011110010110100
1011110010110101
1011110010110110
1011110010110111
1011110010111101
1011110010111110
1011110010111111
1011110011000010
1011110011000011
1011110011000100
1011110011000101
1011110011000110
1011110011000111
1011110011001000
1011110011001001
1011110011001110
1011110011010010
1011110011010011
1011110011010100
1011110011010101
1011110011010110
1011110011010111
1011110011011101
1011110011100010
1011110011100011
1011110011100100
1011110011100101
1011110011100110
1011110011100111
1011110011101100
1011110100000101
1011110100001100
1011110100001101
1011110100100100
1011110100100101
1011110100101100
1011110100101101
1011110100110000
1011110100110100
1011110100110101
1011110101000100
1011110101000101
1011110101001100
1011110101001101
1011110101010000
1011110101100000
1011110101100100
1011110101100101
1011110101101100
1011110101101101
1011110101110000
1011110101110100
1011110101110101
1011110110000101
1011110110001001
1011110110001100
1011110110001101
1011110110010100
1011110110010101
1011110110011100
1011110110011101
1011110110100100
1011110110100101
1011110110101000
1011110110101001
1011110110101100
1011110110101101
1011110110110000
1011110110110100
1011110110110101
1011110110111100
1011110111000100
1011110111000101
1011110111001000
1011110111001001
1011110111001101
1011110111010000
1011110111010100
1011110111010101
1011110111100000
1011110111100100
1011110111100101
1011110111101000
1011110111101001
1100000000110010
1100000000110011
1100000000110100
1100000000110101
1100000000110110
1100000000110111
1100000000111101
1100000001010010
1100000001010011
1100000001011001
1100000001011100
1100000001011101
1100000001011110
1100000001011111
1100000001100010
1100000001100011
1100000001100100
1100000001100101
1100000001100111
1100000001101000
1100000001101001
1100000001101010
1100000001101011
1100000001101100
1100000001101101
1100000001101110
1100000001101111
1100000001110010
1100000001110011
1100000001110100
1100000001110110
1100000001110111
1100000001111001
1100000001111101
1100000010010010
1100000010010100
1100000010010101
1100000010010110
1100000010010111
1100000010011000
1100000010011001
1100000010011100
1100000010011101
1100000010011110
1100000010011111
1100000010100011
1100000010100100
1100000010100101
1100000010100110
1100000010100111
1100000010101001
1100000010101101
1100000010101110
1100000010101111
1100000010110010
1100000010110011
1100000010110100
1100000010110101
1100000010110110
1100000010110111
1100000010111000
1100000010111001
1100000010111100
1100000010111101
1100000010111110
1100000010111111
1100000011000010
1100000011000011
1100000011000100
1100000011000101
1100000011000110
1100000011000111
1100000011001000
1100000011001001
1100000011001010
1100000011001011
1100000011001100
1100000011001101
1100000011001110
1100000011001111
1100000011010010
1100000011010011
1100000011010100
1100000011010101
1100000011010110
1100000011010111
1100000011011000
1100000011011001
1100000011011100
1100000011011101
1100000011011110
1100000011011111
1100000011100010
1100000011100011
1100000011100100
1100000011100101
1100000011100110
1100000011100111
1100000011101000
1100000011101001
1100000011101010
1100000011101011
1100000011101100
1100000011101101
1100000011101110
1100000011101111
1100001000100011
1100001000100100
1100001000100101
1100001000100110
1100001000100111
1100001000101001
1100001000101110
1100001000101111
1100001000110010
1100001000110011
1100001000110100
1100001000110101
1100001000110110
1100001000110111
1100001000111000
1100001000111001
1100001000111101
1100001000111110
1100001000111111
1100001001000010
1100001001000011
1100001001000100
1100001001000101
1100001001000110
1100001001000111
1100001001001000
1100001001001001
1100001001001011
1100001001001100
1100001001001101
1100001001001110
1100001001001111
1100001001010010
1100001001010011
1100001001010100
1100001001010101
1100001001010110
1100001001010111
1100001001011000
1100001001011100
1100001001011101
1100001001011110
1100001001011111
1100001001100010
1100001001100011
1100001001100100
1100001001100101
1100001001100110
1100001001100111
1100001001101001
1100001001101010
1100001001101011
1100001001101100
1100001001101101
1100001001101110
1100001001101111
1100001001110010
1100001001110011
1100001001110100
1100001001110101
1100001001110110
1100001001111000
1100001001111001
1100001001111100
1100001001111101
1100001001111110
1100001010000011
1100001010000101
1100001010000111
1100001010001001
1100001010001011
1100001010001100
1100001010001101
1100001010001110
1100001010001111
1100001010010010
1100001010010011
1100001010010100
1100001010010110
1100001010010111
1100001010011000
1100001010011001
1100001010011100
1100001010011101
1100001010011110
1100001010011111
1100001010100011
1100001010100101
1100001010100110
1100001010100111
1100001010101001
1100001010101101
1100001010101110
1100001010101111
1100001010110010
1100001010110100
1100001010110101
1100001010110110
1100001010110111
1100001010111000
1100001010111001
1100001010111100
1100001010111101
1100001010111110
1100001010111111
1100001011000011
1100001011000100
1100001011000101
1100001011000110
1100001011000111
1100001011001000
1100001011001001
1100001011001010
1100001011001011
1100001011001100
1100001011001101
1100001011001110
1100001011001111
1100001011010010
1100001011010011
1100001011010100
1100001011010101
1100001011010110
1100001011010111
1100001011011000
1100001011011001
1100001011011100
1100001011011101
1100001011011110
1100001011011111
1100001011100010
1100001011100011
1100001011100100
1100001011100101
1100001011100110
1100001011100111
1100001011101001
1100001011101010
1100001011101011
1100001011101100
1100001011101101
1100001011101110
1100001011101111
1100001100000101
1100001100001100
1100001100001101
1100001100100100
1100001100100101
1100001100110000
1100001100110100
1100001100110101
1100001101000100
1100001101000101
1100001101001101
1100001101010000
1100001101010100
1100001101010101
1100001101100000
1100001101100100
1100001101100101
1100001101101100
1100001101101101
1100001101110000
1100001101110100
1100001101110101
1100001110000101
1100001110001001
1100001110001100
1100001110001101
1100001110010100
1100001110010101
1100001110011100
1100001110011101
1100001110100100
1100001110101000
1100001110101001
1100001110101100
1100001110101101
1100001110110000
1100001110110101
1100001110111100
1100001110111101
1100001111000100
1100001111000101
1100001111001000
1100001111001001
1100001111001100
1100001111001101
1100001111010000
1100001111010100
1100001111010101
1100001111011100
1100001111011101
1100001111100100
1100001111100101
1100001111101000
1100001111101001
1100001111101100
1100001111101101
1100010000100010
1100010000100011
1100010000100100
1100010000100101
1100010000100110
1100010000100111
1100010000101000
1100010000101001
1100010000101010
1100010000101011
1100010000101100
1100010000101101
1100010000101111
1100010000110010
1100010000110011
1100010000110100
1100010000110101
1100010000110110
1100010000110111
1100010000111001
1100010000111110
1100010000111111
1100010001000010
1100010001000011
1100010001000110
1100010001000111
1100010001001000
1100010001001001
1100010001001010
1100010001001110
1100010001001111
1100010001010010
1100010001010011
1100010001010110
1100010001010111
1100010001011000
1100010001011001
1100010001011101
1100010001011110
1100010001011111
1100010001100010
1100010001100011
1100010001100100
1100010001100101
1100010001100110
1100010001100111
1100010001101000
1100010001101001
1100010001101011
1100010001101100
1100010001101101
1100010001101110
1100010001101111
1100010001110010
1100010001110011
1100010001110100
1100010001110101
1100010001110110
1100010001110111
1100010001111000
1100010001111100
1100010001111101
1100010001111110
1100010010000011
1100010010000101
1100010010000110
1100010010000111
1100010010001001
1100010010001010
1100010010001011
1100010010001100
1100010010001101
1100010010001110
1100010010001111
1100010010010010
1100010010010011
1100010010010100
1100010010010101
1100010010010110
1100010010011000
1100010010011001
1100010010011100
1100010010011101
1100010010011110
1100010010011111
1100010010100010
1100010010100011
1100010010100100
1100010010100101
1100010010100111
1100010010101000
1100010010101001
1100010010101011
1100010010101100
1100010010101101
1100010010101110
1100010010101111
1100010010110010
1100010010110011
1100010010110100
1100010010110110
1100010010110111
1100010010111000
1100010010111001
1100010010111100
1100010010111101
1100010010111110
1100010010111111
1100010011000010
1100010011000011
1100010011000101
1100010011000110
1100010011000111
1100010011001000
1100010011001001
1100010011001010
1100010011001011
1100010011001100
1100010011001101
1100010011001110
1100010011001111
1100010011010010
1100010011010100
1100010011010101
1100010011010110
1100010011010111
1100010011011000
1100010011011001
1100010011011100
1100010011011101
1100010011011110
1100010011011111
1100010011100011
1100010011100100
1100010011100101
1100010011100110
1100010011100111
1100010011101000
1100010011101001
1100010011101010
1100010011101011
1100010011101100
1100010011101101
1100010011101110
1100010011101111
1100010100001001
1100010100001100
1100010100001101
1100010100100100
1100010100100101
1100010100101000
1100010100101001
1100010100101100
1100010100101101
1100010100110000
1100010100110100
1100010100110101
1100010100111100
1100010100111101
1100010101001000
1100010101001001
1100010101100100
1100010101100101
1100010101101000
1100010101101001
1100010101101101
1100010101110000
1100010101110100
1100010101111100
1100010101111101
1100010110000101
1100010110001100
1100010110001101
1100010110010100
1100010110010101
1100010110011001
1100010110011100
1100010110011101
1100010110100100
1100010110100101
1100010110101000
1100010110101001
1100010110101100
1100010110101101
1100010110110000
1100010110110100
1100010110110101
1100010110111000
1100010110111001
1100010110111100
1100010110111101
1100010111000100
1100010111001000
1100010111001001
1100010111001100
1100010111001101
1100010111010000
1100010111010101
1100010111011000
1100010111011001
1100010111011100
1100010111011101
1100010111100000
1100010111100100
1100010111100101
1100010111101000
1100010111101001
1100010111101100
1100010111101101
1100011000000011
1100011000000101
1100011000000110
1100011000000111
1100011000001001
1100011000001010
1100011000001011
1100011000001100
1100011000001101
1100011000001110
1100011000001111
1100011000100010
1100011000100011
1100011000100100
1100011000100101
1100011000100110
1100011000100111
1100011000101000
1100011000101001
1100011000101010
1100011000101011
1100011000101100
1100011000101101
1100011000101110
1100011000101111
1100011000110010
1100011000110011
1100011000110100
1100011000110101
1100011000110110
1100011000110111
1100011000111000
1100011000111001
1100011000111100
1100011000111101
1100011000111110
1100011001000010
1100011001000011
1100011001000100
1100011001000101
1100011001000110
1100011001000111
1100011001001001
1100011001001010
1100011001001011
1100011001001100
1100011001001101
1100011001001111
1100011001010010
1100011001010011
1100011001010100
1100011001010101
1100011001010110
1100011001010111
1100011001011000
1100011001011001
1100011001011110
1100011001011111
1100011001100010
1100011001100011
1100011001100100
1100011001100101
1100011001100110
1100011001100111
1100011001101000
1100011001101001
1100011001101010
1100011001101110
1100011001101111
1100011001110010
1100011001110100
1100011001110110
1100011001111000
1100011001111110
1100011010000011
1100011010000101
1100011010000110
1100011010000111
1100011010001001
1100011010001011
1100011010001100
1100011010001101
1100011010001110
1100011010001111
1100011010010010
1100011010010011
1100011010010100
1100011010010101
1100011010010110
1100011010010111
1100011010011000
1100011010011100
1100011010011101
1100011010011110
1100011010011111
1100011010100010
1100011010100011
1100011010100100
1100011010100101
1100011010100110
1100011010100111
1100011010101001
1100011010101011
1100011010101100
1100011010101101
1100011010101110
1100011010101111
1100011010110010
1100011010110100
1100011010110110
1100011010111000
1100011010111100
1100011010111110
1100011011000010
1100011011000011
1100011011000100
1100011011000101
1100011011000111
1100011011001000
1100011011001001
1100011011001010
1100011011001011
1100011011001100
1100011011001101
1100011011001110
1100011011001111
1100011011010010
1100011011010100
1100011011010110
1100011011011000
1100011011011100
1100011011011110
1100011011100010
1100011011100110
1100011011101000
1100011011101010
1100011011101100
1100011011101110
1100011100000101
1100011100001100
1100011100001101
1100011100100100
1100011100100101
1100011100101100
1100011100101101
1100011100110000
1100011100110100
1100011100110101
1100011101000100
1100011101000101
1100011101001100
1100011101001101
1100011101010000
1100011101010100
1100011101100000
1100011101100100
1100011101100101
1100011101110000
1100011101110100
1100011110000101
1100011110001001
1100011110001101
1100011110010100
1100011110010101
1100011110011100
1100011110011101
1100011110100100
1100011110100101
1100011110101000
1100011110101100
1100011110101101
1100011110110000
1100011110110100
1100011110111100
1100011111000100
1100011111000101
1100011111001000
1100011111001001
1100011111001100
1100011111001101
1100011111010000
1100011111010100
1100011111011100
1100011111100100
1100011111101000
1100011111101100
1100100000100011
1100100000100100
1100100000100101
1100100000100110
1100100000100111
1100100000101001
1100100000101011
1100100000101100
1100100000101101
1100100000101110
1100100000101111
1100100000110010
1100100000110011
1100100000110100
1100100000110101
1100100000110110
1100100000110111
1100100000111000
1100100000111001
1100100000111100
1100100000111101
1100100000111110
1100100000111111
1100100001000010
1100100001000011
1100100001000100
1100100001000101
1100100001000110
1100100001000111
1100100001001000
1100100001001001
1100100001001010
1100100001001011
1100100001001100
1100100001001101
1100100001001110
1100100001001111
1100100001010010
1100100001010011
1100100001010100
1100100001010101
1100100001010110
1100100001010111
1100100001011000
1100100001011001
1100100001011100
1100100001011101
1100100001011110
1100100001100010
1100100001100011
1100100001100101
1100100001100110
1100100001100111
1100100001101000
1100100001101001
1100100001101010
1100100001101011
1100100001101100
1100100001101101
1100100001101111
1100100001110010
1100100001110011
1100100001110100
1100100001110101
1100100001110110
1100100001110111
1100100001111000
1100100001111001
1100100001111110
1100100010000011
1100100010000101
1100100010000110
1100100010000111
1100100010001001
1100100010001110
1100100010001111
1100100010010010
1100100010010011
1100100010010100
1100100010010101
1100100010010110
1100100010010111
1100100010011000
1100100010011001
1100100010011101
1100100010011110
1100100010011111
1100100010100011
1100100010100100
1100100010100101
1100100010100110
1100100010100111
1100100010101001
1100100010101011
1100100010101100
1100100010101101
1100100010101110
1100100010101111
1100100010110010
1100100010110011
1100100010110100
1100100010110101
1100100010110110
1100100010110111
1100100010111000
1100100010111100
1100100010111101
1100100010111110
1100100010111111
1100100011000010
1100100011000011
1100100011000100
1100100011000101
1100100011000110
1100100011000111
1100100011001001
1100100011001010
1100100011001011
1100100011001100
1100100011001101
1100100011001110
1100100011001111
1100100011010010
1100100011010011
1100100011010100
1100100011010101
1100100011010110
1100100011011000
1100100011011001
1100100011011100
1100100011011101
1100100011011110
1100100011011111
1100100011100010
1100100011100011
1100100011100100
1100100011100101
1100100011100111
1100100011101000
1100100011101001
1100100011101010
1100100011101011
1100100011101100
1100100011101101
1100100011101110
1100100011101111
1100100100000101
1100100100001001
1100100100001100
1100100100001101
1100100100100100
1100100100100101
1100100100101000
1100100100101001
1100100100101100
1100100100101101
1100100100110000
1100100100110100
1100100100110101
1100100100111100
1100100100111101
1100100101000100
1100100101000101
1100100101001000
1100100101001001
1100100101001100
1100100101001101
1100100101010000
1100100101011100
1100100101011101
1100100101100000
1100100101100100
1100100101100101
1100100101101000
1100100101101001
1100100101101100
1100100101101101
1100100101110000
1100100101110100
1100100101110101
1100100101111100
1100100101111101
1100100110000101
1100100110001001
1100100110010100
1100100110010101
1100100110011000
1100100110011001
1100100110100100
1100100110100101
1100100110101000
1100100110101001
1100100110101101
1100100110110000
1100100110110100
1100100110110101
1100100110111000
1100100110111001
1100100110111100
1100100110111101
1100100111000100
1100100111000101
1100100111001000
1100100111001101
1100100111010000
1100100111010100
1100100111011001
1100100111011100
1100100111011101
1100100111100000
1100100111100100
1100100111100101
1100100111101000
1100100111101001
1100100111101100
1100100111101101
1100101000000110
1100101000000111
1100101000001011
1100101000001100
1100101000001101
1100101000001110
1100101000001111
1100101000100011
1100101000100100
1100101000100101
1100101000100110
1100101000100111
1100101000101001
1100101000101011
1100101000101100
1100101000101101
1100101000101110
1100101000101111
1100101000110010
1100101000110011
1100101000110100
1100101000110101
1100101000110110
1100101000110111
1100101000111000
1100101000111001
1100101000111100
1100101000111101
1100101000111110
1100101000111111
1100101001000010
1100101001000011
1100101001000100
1100101001000101
1100101001000110
1100101001000111
1100101001001000
1100101001001001
1100101001001011
1100101001001100
1100101001001101
1100101001001110
1100101001001111
1100101001010011
1100101001010111
1100101001011000
1100101001011001
1100101001011100
1100101001011101
1100101001011110
1100101001011111
1100101001100010
1100101001100011
1100101001100100
1100101001100101
1100101001100110
1100101001100111
1100101001101000
1100101001101001
1100101001101011
1100101001101100
1100101001101101
1100101001101110
1100101001101111
1100101001110010
1100101001110100
1100101001110110
1100101001111000
1100101001111100
1100101001111110
1100101010000011
1100101010000101
1100101010000110
1100101010000111
1100101010001001
1100101010001011
1100101010001100
1100101010001101
1100101010001111
1100101010010011
1100101010010111
1100101010011000
1100101010011001
1100101010100011
1100101010101111
1100101010111000
1100101010111110
1100101011000010
1100101011000011
1100101011000100
1100101011000101
1100101011000110
1100101011000111
1100101011001000
1100101011001001
1100101011001011
1100101011001100
1100101011001101
1100101011001110
1100101011001111
1100101011011000
1100101011011100
1100101011011110
1100101011100010
1100101011100100
1100101011100110
1100101011101100
1100101100000101
1100101100001100
1100101100001101
1100101100100100
1100101100100101
1100101100101100
1100101100101101
1100101100110000
1100101100110100
1100101100110101
1100101101000100
1100101101000101
1100101101001100
1100101101001101
1100101101010000
1100101101100000
1100101101100100
1100101101100101
1100101101101100
1100101101101101
1100101101110100
1100101110000101
1100101110001001
1100101110001100
1100101110001101
1100101110010100
1100101110010101
1100101110011100
1100101110011101
1100101110100100
1100101110100101
1100101110101000
1100101110101001
1100101110110000
1100101110110100
1100101111000100
1100101111000101
1100101111001000
1100101111001001
1100101111010000
1100101111010100
1100101111100000
1100101111100100
1100101111101100
1100110000000011
1100110000000101
1100110000000110
1100110000000111
1100110000001001
1100110000001010
1100110000001011
1100110000001100
1100110000001101
1100110000001110
1100110000001111
1100110000100010
1100110000100011
1100110000100100
1100110000100101
1100110000100110
1100110000100111
1100110000101000
1100110000101001
1100110000101010
1100110000101011
1100110000101100
1100110000101101
1100110000101110
1100110000101111
1100110000110010
1100110000110011
1100110000110100
1100110000110101
1100110000110110
1100110000110111
1100110000111000
1100110000111001
1100110000111100
1100110000111101
1100110000111110
1100110000111111
1100110001000010
1100110001000011
1100110001000100
1100110001000101
1100110001000110
1100110001000111
1100110001001000
1100110001001001
1100110001001010
1100110001001011
1100110001001100
1100110001001101
1100110001001110
1100110001001111
1100110001010010
1100110001010011
1100110001010100
1100110001010101
1100110001010110
1100110001010111
1100110001011000
1100110001011001
1100110001011100
1100110001011101
1100110001011110
1100110001011111
1100110001100010
1100110001100011
1100110001100100
1100110001100101
1100110001100110
1100110001100111
1100110001101000
1100110001101001
1100110001101010
1100110001101011
1100110001101100
1100110001101101
1100110001101110
1100110001101111
1100110001110010
1100110001111000
1100110001111100
1100110001111110
1100110010000011
1100110010000101
1100110010000110
1100110010000111
1100110010001001
1100110010001010
1100110010001011
1100110010001100
1100110010001101
1100110010001110
1100110010001111
1100110010010010
1100110010010011
1100110010010100
1100110010010101
1100110010010110
1100110010010111
1100110010011000
1100110010011001
1100110010011100
1100110010011101
1100110010011110
1100110010100010
1100110010100011
1100110010100100
1100110010100101
1100110010100110
1100110010100111
1100110010101000
1100110010101001
1100110010101011
1100110010101100
1100110010101101
1100110010101111
1100110010110010
1100110010110100
1100110010110110
1100110010111000
1100110011000010
1100110011000011
1100110011000100
1100110011000101
1100110011000110
1100110011000111
1100110011001000
1100110011001001
1100110011001010
1100110011010010
1100110011010100
1100110011010110
1100110011100010
1100110011100100
1100110011100110
1100110011101000
1100110100000101
1100110100001001
1100110100001100
1100110100001101
1100110100100100
1100110100100101
1100110100101000
1100110100101001
1100110100101100
1100110100101101
1100110100110000
1100110100110100
1100110100110101
1100110100111100
1100110100111101
1100110101000100
1100110101000101
1100110101001000
1100110101001001
1100110101001100
1100110101001101
1100110101010000
1100110101011100
1100110101011101
1100110101100000
1100110101100100
1100110101100101
1100110101101000
1100110101101001
1100110101101100
1100110101101101
1100110101110000
1100110101110100
1100110101111100
1100110110000101
1100110110001001
1100110110001100
1100110110001101
1100110110010100
1100110110010101
1100110110011000
1100110110011001
1100110110011100
1100110110011101
1100110110100100
1100110110100101
1100110110101000
1100110110101001
1100110110101100
1100110110101101
1100110110110000
1100110110110100
1100110110111000
1100110111000100
1100110111000101
1100110111001000
1100110111001001
1100110111010000
1100110111010100
1100110111011000
1100110111100000
1100110111100100
1100110111101000
1101000000110010
1101000000110011
1101000000110100
1101000000110101
1101000000110110
1101000000110111
1101000000111000
1101000000111001
1101000000111100
1101000000111101
1101000000111110
1101000000111111
1101000001010010
1101000001010011
1101000001010110
1101000001010111
1101000001011001
1101000001011100
1101000001011101
1101000001011110
1101000001011111
1101000001100010
1101000001100011
1101000001100100
1101000001100101
1101000001100110
1101000001101001
1101000001101010
1101000001101011
1101000001101100
1101000001101101
1101000001101110
1101000001101111
1101000001110010
1101000001110011
1101000001110100
1101000001110101
1101000001110111
1101000001111000
1101000001111001
1101000001111100
1101000001111101
1101000001111110
1101000010010010
1101000010010011
1101000010010101
1101000010010110
1101000010010111
1101000010011000
1101000010011001
1101000010011100
1101000010011101
1101000010011110
1101000010011111
1101000010100010
1101000010100100
1101000010100101
1101000010100110
1101000010100111
1101000010101000
1101000010101001
1101000010101011
1101000010101100
1101000010101101
1101000010101110
1101000010101111
1101000010110011
1101000010110100
1101000010110101
1101000010110110
1101000010110111
1101000010111000
1101000010111001
1101000010111100
1101000010111101
1101000010111110
1101000010111111
1101000011000010
1101000011000011
1101000011000100
1101000011000101
1101000011000110
1101000011000111
1101000011001000
1101000011001001
1101000011001010
1101000011001011
1101000011001100
1101000011001101
1101000011001110
1101000011001111
1101000011010010
1101000011010011
1101000011010101
1101000011010110
1101000011010111
1101000011011000
1101000011011001
1101000011011100
1101000011011101
1101000011011110
1101000011011111
1101000011100011
1101000011100100
1101000011100101
1101000011100110
1101000011100111
1101000011101000
1101000011101001
1101000011101010
1101000011101100
1101000011101101
1101000011101110
1101000011101111
1101001000100010
1101001000100011
1101001000100100
1101001000100101
1101001000100110
1101001000100111
1101001000101000
1101001000101001
1101001000101011
1101001000101111
1101001000110010
1101001000110011
1101001000110100
1101001000110101
1101001000110110
1101001000110111
1101001000111000
1101001000111001
1101001000111110
1101001000111111
1101001001000010
1101001001000011
1101001001000100
1101001001000101
1101001001000110
1101001001000111
1101001001001000
1101001001001001
1101001001001100
1101001001001101
1101001001001110
1101001001001111
1101001001010011
1101001001010111
1101001001011000
1101001001011001
1101001001011100
1101001001011101
1101001001011110
1101001001011111
1101001001100010
1101001001100011
1101001001100100
1101001001100101
1101001001100110
1101001001100111
1101001001101000
1101001001101011
1101001001101100
1101001001101101
1101001001101110
1101001001101111
1101001001110010
1101001001110011
1101001001110100
1101001001110110
1101001001110111
1101001001111001
1101001001111100
1101001001111110
1101001010000011
1101001010000101
1101001010000110
1101001010001001
1101001010001011
1101001010001100
1101001010001101
1101001010001110
1101001010001111
1101001010010011
1101001010010111
1101001010011000
1101001010011001
1101001010011100
1101001010011110
1101001010100011
1101001010101111
1101001010110011
1101001010110111
1101001010111000
1101001010111001
1101001010111100
1101001010111101
1101001010111110
1101001010111111
1101001011000010
1101001011000100
1101001011000101
1101001011000110
1101001011000111
1101001011001000
1101001011001001
1101001011001011
1101001011001100
1101001011001101
1101001011001110
1101001011001111
1101001011010011
1101001011010111
1101001011011000
1101001011011001
1101001011011100
1101001011011101
1101001011011110
1101001011011111
1101001011100010
1101001011100011
1101001011100100
1101001011100101
1101001011100110
1101001011100111
1101001011101000
1101001011101001
1101001011101011
1101001011101100
1101001011101101
1101001011101110
1101001011101111
1101001100000101
1101001100001100
1101001100001101
1101001100100100
1101001100100101
1101001100101100
1101001100110000
1101001100110100
1101001100110101
1101001101000100
1101001101000101
1101001101010000
1101001101100000
1101001101100100
1101001101100101
1101001101101100
1101001101101101
1101001101110000
1101001101110100
1101001101110101
1101001110000101
1101001110001001
1101001110001100
1101001110001101
1101001110010100
1101001110011100
1101001110011101
1101001110101000
1101001110101100
1101001110101101
1101001110110000
1101001110110100
1101001110111100
1101001110111101
1101001111000101
1101001111001000
1101001111001001
1101001111001100
1101001111001101
1101001111010000
1101001111010100
1101001111011100
1101001111011101
1101001111100000
1101001111100100
1101001111101000
1101001111101100
1101001111101101
1101010000100010
1101010000100011
1101010000100100
1101010000100101
1101010000100110
1101010000100111
1101010000101000
1101010000101001
1101010000101011
1101010000101100
1101010000101101
1101010000101110
1101010000110010
1101010000110011
1101010000110100
1101010000110101
1101010000110110
1101010000110111
1101010000111000
1101010000111001
1101010000111100
1101010000111111
1101010001000010
1101010001000011
1101010001000110
1101010001000111
1101010001001000
1101010001001001
1101010001001011
1101010001001111
1101010001010011
1101010001010111
1101010001011000
1101010001011001
1101010001011110
1101010001011111
1101010001100010
1101010001100011
1101010001100100
1101010001100101
1101010001100110
1101010001100111
1101010001101000
1101010001101001
1101010001101100
1101010001101101
1101010001101110
1101010001101111
1101010001110010
1101010001110011
1101010001110100
1101010001110110
1101010001110111
1101010001111000
1101010001111001
1101010001111100
1101010001111110
1101010010000011
1101010010000101
1101010010000110
1101010010000111
1101010010001011
1101010010001100
1101010010001101
1101010010001110
1101010010001111
1101010010010011
1101010010010111
1101010010011001
1101010010011100
1101010010011110
1101010010100011
1101010010101111
1101010010110011
1101010010110111
1101010010111000
1101010010111001
1101010010111100
1101010010111101
1101010010111110
1101010010111111
1101010011000010
1101010011000011
1101010011000100
1101010011000110
1101010011000111
1101010011001000
1101010011001001
1101010011001011
1101010011001100
1101010011001101
1101010011001110
1101010011001111
1101010011010011
1101010011010111
1101010011011000
1101010011011001
1101010011011100
1101010011011101
1101010011011110
1101010011011111
1101010011100010
1101010011100100
1101010011100110
1101010011100111
1101010011101000
1101010011101011
1101010011101100
1101010011101101
1101010011101110
1101010011101111
1101010100001001
1101010100001100
1101010100001101
1101010100110000
1101010100111100
1101010101111100
1101010110000101
1101010110001001
1101010110001100
1101010110001101
1101010110011000
1101010110011100
1101010110011101
1101010110111000
1101010110111001
1101010110111100
1101010110111101
1101010111000100
1101010111000101
1101010111001000
1101010111001001
1101010111001100
1101010111001101
1101010111010000
1101010111011000
1101010111011001
1101010111011100
1101010111100000
1101010111100101
1101010111101000
1101010111101001
1101010111101100
1101010111101101
1101011000000011
1101011000000101
1101011000000110
1101011000000111
1101011000001001
1101011000001010
1101011000001011
1101011000001100
1101011000001101
1101011000001110
1101011000001111
1101011000100010
1101011000100011
1101011000100100
1101011000100101
1101011000100110
1101011000100111
1101011000101000
1101011000101001
1101011000101011
1101011000101100
1101011000101101
1101011000101110
1101011000101111
1101011000110010
1101011000110011
1101011000110100
1101011000110101
1101011000110110
1101011000110111
1101011000111000
1101011000111001
1101011000111100
1101011000111101
1101011000111110
1101011000111111
1101011001000010
1101011001000011
1101011001000100
1101011001000101
1101011001000110
1101011001000111
1101011001001000
1101011001001001
1101011001001011
1101011001001100
1101011001001101
1101011001001110
1101011001010011
1101011001010111
1101011001011000
1101011001011001
1101011001011100
1101011001011111
1101011001100010
1101011001100011
1101011001100100
1101011001100101
1101011001100110
1101011001100111
1101011001101000
1101011001101001
1101011001101011
1101011001101111
1101011001110010
1101011001110100
1101011001110110
1101011001111000
1101011001111110
1101011010000011
1101011010000101
1101011010000110
1101011010000111
1101011010001001
1101011010001100
1101011010001101
1101011010001110
1101011010001111
1101011010010011
1101011010010111
1101011010011000
1101011010011001
1101011010011100
1101011010011101
1101011010011110
1101011010011111
1101011010100011
1101011010100111
1101011010101111
1101011010111100
1101011010111110
1101011011000010
1101011011000011
1101011011000100
1101011011000101
1101011011000110
1101011011001000
1101011011001001
1101011011001011
1101011011001100
1101011011001101
1101011011001110
1101011011001111
1101011011011000
1101011011011100
1101011011011110
1101011011100010
1101011011100100
1101011011100110
1101011011101000
1101011011101100
1101011011101110
1101011100000101
1101011100001100
1101011100001101
1101011100100100
1101011100100101
1101011100101100
1101011100101101
1101011100110000
1101011100110100
1101011100110101
1101011101000100
1101011101000101
1101011101001100
1101011101001101
1101011101010000
1101011101100000
1101011101100100
1101011101100101
1101011101101100
1101011101110000
1101011101110100
1101011110000101
1101011110001001
1101011110010100
1101011110010101
1101011110011100
1101011110011101
1101011110100100
1101011110100101
1101011110101000
1101011110101001
1101011110101100
1101011110101101
1101011110110000
1101011110110100
1101011110111100
1101011111000100
1101011111000101
1101011111001001
1101011111001100
1101011111001101
1101011111010000
1101011111010100
1101011111011100
1101011111100000
1101011111100100
1101011111101000
1101011111101100
1101100000100010
1101100000100011
1101100000100100
1101100000100101
1101100000100110
1101100000100111
1101100000101000
1101100000101001
1101100000101010
1101100000101011
1101100000101100
1101100000101101
1101100000101110
1101100000101111
1101100000110010
1101100000110011
1101100000110100
1101100000110101
1101100000110110
1101100000110111
1101100000111000
1101100000111001
1101100000111100
1101100000111101
1101100000111110
1101100000111111
1101100001000010
1101100001000011
1101100001000100
1101100001000101
1101100001000110
1101100001000111
1101100001001000
1101100001001001
1101100001001010
1101100001001011
1101100001001100
1101100001001101
1101100001001110
1101100001001111
1101100001010010
1101100001010011
1101100001010100
1101100001010101
1101100001010110
1101100001010111
1101100001011000
1101100001011001
1101100001011100
1101100001011101
1101100001011110
1101100001011111
1101100001100010
1101100001100011
1101100001100100
1101100001100101
1101100001100110
1101100001100111
1101100001101000
1101100001101001
1101100001101010
1101100001101011
1101100001101100
1101100001101101
1101100001101110
1101100001110010
1101100001110011
1101100001110100
1101100001110101
1101100001110110
1101100001110111
1101100001111000
1101100001111001
1101100001111100
1101100010000011
1101100010000101
1101100010000110
1101100010000111
1101100010001001
1101100010001010
1101100010001011
1101100010001111
1101100010010010
1101100010010011
1101100010010100
1101100010010101
1101100010010110
1101100010010111
1101100010011000
1101100010011001
1101100010011110
1101100010011111
1101100010100010
1101100010100011
1101100010100100
1101100010100101
1101100010100110
1101100010100111
1101100010101000
1101100010101001
1101100010101100
1101100010101101
1101100010101110
1101100010101111
1101100010110010
1101100010110011
1101100010110100
1101100010110101
1101100010110110
1101100010110111
1101100010111000
1101100010111001
1101100010111100
1101100010111101
1101100010111110
1101100010111111
1101100011000010
1101100011000011
1101100011000100
1101100011000101
1101100011000110
1101100011000111
1101100011001000
1101100011001010
1101100011001011
1101100011001100
1101100011001101
1101100011001110
1101100011001111
1101100011010010
1101100011010011
1101100011010100
1101100011010101
1101100011010110
1101100011010111
1101100011011001
1101100011011100
1101100011011101
1101100011011110
1101100011011111
1101100011100010
1101100011100011
1101100011100100
1101100011100101
1101100011100110
1101100011101000
1101100011101001
1101100011101010
1101100011101011
1101100011101100
1101100011101101
1101100011101110
1101100100000101
1101100100001001
1101100100001100
1101100100001101
1101100100100100
1101100100100101
1101100100101000
1101100100101001
1101100100101100
1101100100101101
1101100100110000
1101100100110100
1101100100110101
1101100100111100
1101100100111101
1101100101000100
1101100101000101
1101100101001000
1101100101001001
1101100101001100
1101100101001101
1101100101010000
1101100101011100
1101100101011101
1101100101100000
1101100101100100
1101100101100101
1101100101101000
1101100101101001
1101100101101100
1101100101101101
1101100101110000
1101100101110100
1101100101110101
1101100101111100
1101100101111101
1101100110000101
1101100110001001
1101100110010100
1101100110010101
1101100110011000
1101100110011001
1101100110100100
1101100110100101
1101100110101000
1101100110101001
1101100110110000
1101100110110100
1101100110110101
1101100110111000
1101100110111001
1101100110111100
1101100110111101
1101100111000100
1101100111000101
1101100111001000
1101100111001001
1101100111001100
1101100111001101
1101100111010000
1101100111010100
1101100111010101
1101100111011000
1101100111011100
1101100111011101
1101100111100000
1101100111100100
1101100111100101
1101100111101001
1101100111101100
1101100111101101
1101101000000011
1101101000000101
1101101000000110
1101101000000111
1101101000001001
1101101000001010
1101101000001011
1101101000001100
1101101000001101
1101101000001110
1101101000001111
1101101000100010
1101101000100011
1101101000100100
1101101000100101
1101101000100110
1101101000100111
1101101000101000
1101101000101001
1101101000101011
1101101000101100
1101101000101101
1101101000101110
1101101000101111
1101101000110010
1101101000110011
1101101000110101
1101101000110110
1101101000110111
1101101000111000
1101101000111001
1101101000111100
1101101000111101
1101101000111110
1101101000111111
1101101001000010
1101101001000011
1101101001000100
1101101001000101
1101101001000110
1101101001000111
1101101001001000
1101101001001001
1101101001001011
1101101001001100
1101101001001101
1101101001001110
1101101001001111
1101101001010011
1101101001010111
1101101001011000
1101101001011001
1101101001011100
1101101001011101
1101101001011110
1101101001011111
1101101001100010
1101101001100011
1101101001100100
1101101001100101
1101101001100110
1101101001100111
1101101001101000
1101101001101001
1101101001101011
1101101001101100
1101101001101101
1101101001101110
1101101001101111
1101101001110010
1101101001110100
1101101001110110
1101101001111000
1101101001111100
1101101001111110
1101101010000011
1101101010000101
1101101010000110
1101101010000111
1101101010001001
1101101010001011
1101101010001100
1101101010001101
1101101010001110
1101101010010011
1101101010010111
1101101010011000
1101101010011001
1101101010011100
1101101010011111
1101101010100011
1101101010100111
1101101010101111
1101101010111000
1101101010111110
1101101011000010
1101101011000011
1101101011000100
1101101011000101
1101101011000110
1101101011000111
1101101011001000
1101101011001001
1101101011001100
1101101011001101
1101101011001110
1101101011011000
1101101011011100
1101101011100010
1101101011100100
1101101011100110
1101101011101000
1101101011101100
1101101100000101
1101101100001100
1101101100001101
1101101100100101
1101101100101100
1101101100101101
1101101100110000
1101101100110100
1101101100110101
1101101101000100
1101101101000101
1101101101001100
1101101101001101
1101101101010000
1101101101100100
1101101101100101
1101101101101100
1101101101101101
1101101101110100
1101101110000101
1101101110001001
1101101110001100
1101101110001101
1101101110010100
1101101110010101
1101101110011100
1101101110011101
1101101110100100
1101101110100101
1101101110101000
1101101110101001
1101101110101100
1101101110110000
1101101110110100
1101101111000100
1101101111000101
1101101111001000
1101101111001001
1101101111010000
1101101111010100
1101101111011100
1101101111100000
1101101111100100
1101101111101000
1101110000000011
1101110000000101
1101110000000110
1101110000000111
1101110000001001
1101110000001010
1101110000001011
1101110000001100
1101110000001101
1101110000001110
1101110000001111
1101110000100010
1101110000100011
1101110000100100
1101110000100101
1101110000100110
1101110000100111
1101110000101000
1101110000101001
1101110000101010
1101110000101011
1101110000101100
1101110000101101
1101110000101110
1101110000101111
1101110000110010
1101110000110011
1101110000110100
1101110000110101
1101110000110110
1101110000110111
1101110000111000
1101110000111001
1101110000111100
1101110000111101
1101110000111110
1101110000111111
1101110001000010
1101110001000011
1101110001000100
1101110001000101
1101110001000110
1101110001000111
1101110001001000
1101110001001001
1101110001001010
1101110001001011
1101110001001100
1101110001001101
1101110001001110
1101110001001111
1101110001010010
1101110001010011
1101110001010100
1101110001010101
1101110001010110
1101110001010111
1101110001011000
1101110001011001
1101110001011100
1101110001011101
1101110001011110
1101110001011111
1101110001100010
1101110001100011
1101110001100100
1101110001100101
1101110001100110
1101110001100111
1101110001101000
1101110001101001
1101110001101010
1101110001101011
1101110001101100
1101110001101101
1101110001101111
1101110001110010
1101110001110100
1101110001110110
1101110001111000
1101110001111100
1101110001111110
1101110010000011
1101110010000101
1101110010000110
1101110010000111
1101110010001001
1101110010001010
1101110010001011
1101110010001100
1101110010001101
1101110010001110
1101110010001111
1101110010010010
1101110010010011
1101110010010100
1101110010010101
1101110010010110
1101110010010111
1101110010011000
1101110010011001
1101110010011100
1101110010011101
1101110010011110
1101110010011111
1101110010100010
1101110010100011
1101110010100100
1101110010100101
1101110010100110
1101110010100111
1101110010101000
1101110010101001
1101110010101011
1101110010101100
1101110010101101
1101110010101110
1101110010110010
1101110010110100
1101110010110110
1101110010111000
1101110011000010
1101110011000011
1101110011000100
1101110011000101
1101110011000110
1101110011000111
1101110011001000
1101110011001001
1101110011001010
1101110011010010
1101110011010100
1101110011010110
1101110011011000
1101110011100010
1101110011100100
1101110011100110
1101110011101000
1101110011101010
1101110100000101
1101110100001001
1101110100001100
1101110100001101
1101110100100100
1101110100100101
1101110100101000
1101110100101001
1101110100101100
1101110100101101
1101110100110000
1101110100110100
1101110100110101
1101110100111100
1101110100111101
1101110101000100
1101110101000101
1101110101001000
1101110101001001
1101110101001100
1101110101001101
1101110101010000
1101110101011100
1101110101100000
1101110101100100
1101110101100101
1101110101101000
1101110101101001
1101110101101100
1101110101101101
1101110101110000
1101110101110100
1101110110000101
1101110110001001
1101110110001100
1101110110001101
1101110110010100
1101110110010101
1101110110011000
1101110110011001
1101110110011100
1101110110011101
1101110110100100
1101110110100101
1101110110101000
1101110110101001
1101110110101100
1101110110101101
1101110110110000
1101110110110100
1101110110111100
1101110111000100
1101110111000101
1101110111001000
1101110111001001
1101110111010000
1101110111010100
1101110111011000
1101110111100000
1101110111100100
1101110111101000
1110000000110010
1110000000110011
1110000000110100
1110000000110101
1110000000110110
1110000000110111
1110000000111001
1110000000111101
1110000001010010
1110000001010011
1110000001010100
1110000001010101
1110000001010110
1110000001010111
1110000001011000
1110000001011100
1110000001011101
1110000001011110
1110000001011111
1110000001100010
1110000001100011
1110000001100100
1110000001100101
1110000001100110
1110000001100111
1110000001101001
1110000001101010
1110000001101011
1110000001101100
1110000001101101
1110000001101110
1110000001101111
1110000001110010
1110000001110011
1110000001110100
1110000001110101
1110000001110110
1110000001111001
1110000001111101
1110000010010010
1110000010010011
1110000010010100
1110000010010110
1110000010010111
1110000010011000
1110000010011001
1110000010011100
1110000010011101
1110000010011110
1110000010011111
1110000010100011
1110000010100101
1110000010100110
1110000010100111
1110000010101001
1110000010101011
1110000010101100
1110000010101101
1110000010101110
1110000010101111
1110000010110010
1110000010110100
1110000010110101
1110000010110110
1110000010110111
1110000010111000
1110000010111001
1110000010111100
1110000010111101
1110000010111110
1110000010111111
1110000011000011
1110000011000100
1110000011000101
1110000011000110
1110000011000111
1110000011001000
1110000011001001
1110000011001010
1110000011001011
1110000011001100
1110000011001101
1110000011001110
1110000011001111
1110000011010010
1110000011010011
1110000011010100
1110000011010101
1110000011010110
1110000011010111
1110000011011000
1110000011011001
1110000011011100
1110000011011101
1110000011011110
1110000011011111
1110000011100100
1110000011100101
1110000011100110
1110000011100111
1110000011101000
1110000011101001
1110000011101010
1110000011101011
1110000011101100
1110000011101101
1110000011101110
1110000011101111
1110001000100011
1110001000100100
1110001000100101
1110001000100110
1110001000100111
1110001000101001
1110001000101011
1110001000101100
1110001000110010
1110001000110011
1110001000110100
1110001000110101
1110001000110110
1110001000110111
1110001000111000
1110001000111001
1110001000111100
1110001000111111
1110001001000010
1110001001000011
1110001001000100
1110001001000101
1110001001000110
1110001001000111
1110001001001000
1110001001001001
1110001001001010
1110001001001011
1110001001001101
1110001001001110
1110001001001111
1110001001010010
1110001001010011
1110001001010100
1110001001010110
1110001001010111
1110001001011000
1110001001011001
1110001001011100
1110001001011101
1110001001011110
1110001001011111
1110001001100010
1110001001100011
1110001001100100
1110001001100101
1110001001100110
1110001001100111
1110001001101001
1110001001101011
1110001001101100
1110001001101101
1110001001101110
1110001001101111
1110001001110010
1110001001110011
1110001001110100
1110001001110101
1110001001110110
1110001001110111
1110001001111000
1110001001111100
1110001001111101
1110001001111110
1110001010000011
1110001010000101
1110001010000110
1110001010000111
1110001010001001
1110001010001011
1110001010001100
1110001010001101
1110001010001110
1110001010001111
1110001010010010
1110001010010011
1110001010010100
1110001010010110
1110001010011000
1110001010011001
1110001010011100
1110001010011101
1110001010011110
1110001010011111
1110001010100011
1110001010100100
1110001010100111
1110001010101011
1110001010101100
1110001010101101
1110001010101110
1110001010101111
1110001010110010
1110001010110011
1110001010110100
1110001010110110
1110001010110111
1110001010111000
1110001010111001
1110001010111100
1110001010111101
1110001010111110
1110001010111111
1110001011000010
1110001011000011
1110001011000101
1110001011000110
1110001011000111
1110001011001000
1110001011001001
1110001011001010
1110001011001011
1110001011001100
1110001011001101
1110001011001110
1110001011001111
1110001011010010
1110001011010100
1110001011010101
1110001011010110
1110001011010111
1110001011011000
1110001011011001
1110001011011100
1110001011011101
1110001011011110
1110001011011111
1110001011100011
1110001011100100
1110001011100101
1110001011100110
1110001011100111
1110001011101000
1110001011101001
1110001011101010
1110001011101011
1110001011101100
1110001011101101
1110001011101110
1110001011101111
1110001100000101
1110001100001100
1110001100001101
1110001100100100
1110001100100101
1110001100101100
1110001100101101
1110001100110000
1110001100110100
1110001100110101
1110001101000100
1110001101000101
1110001101001100
1110001101010000
1110001101010100
1110001101100000
1110001101100101
1110001101101100
1110001101101101
1110001101110000
1110001101110100
1110001101110101
1110001110000101
1110001110001100
1110001110001101
1110001110010100
1110001110010101
1110001110011100
1110001110011101
1110001110100100
1110001110100101
1110001110101000
1110001110101001
1110001110101100
1110001110101101
1110001110110000
1110001110110100
1110001110110101
1110001110111100
1110001110111101
1110001111000100
1110001111001000
1110001111001001
1110001111001100
1110001111001101
1110001111011100
1110001111011101
1110001111100100
1110001111100101
1110001111101001
1110001111101100
1110001111101101
1110010000100010
1110010000100011
1110010000100100
1110010000100101
1110010000100110
1110010000100111
1110010000101000
1110010000101001
1110010000101010
1110010000101011
1110010000101100
1110010000101101
1110010000101110
1110010000101111
1110010000110010
1110010000110011
1110010000110100
1110010000110101
1110010000110110
1110010000110111
1110010000111000
1110010000111001
1110010000111100
1110010000111101
1110010001000010
1110010001000011
1110010001000100
1110010001000101
1110010001000110
1110010001000111
1110010001001000
1110010001001001
1110010001001010
1110010001001011
1110010001001100
1110010001010010
1110010001010011
1110010001010100
1110010001010110
1110010001010111
1110010001011000
1110010001011001
1110010001011100
1110010001011111
1110010001100010
1110010001100011
1110010001100100
1110010001100101
1110010001100110
1110010001100111
1110010001101000
1110010001101001
1110010001101010
1110010001101011
1110010001101101
1110010001101110
1110010001101111
1110010001110010
1110010001110011
1110010001110100
1110010001110101
1110010001110110
1110010001110111
1110010001111000
1110010001111001
1110010001111100
1110010001111101
1110010001111110
1110010010000011
1110010010000101
1110010010000110
1110010010000111
1110010010001001
1110010010001011
1110010010001100
1110010010001101
1110010010001110
1110010010001111
1110010010010010
1110010010010011
1110010010010100
1110010010010110
1110010010010111
1110010010011100
1110010010011101
1110010010011110
1110010010011111
1110010010100010
1110010010100011
1110010010100100
1110010010100110
1110010010100111
1110010010101011
1110010010101100
1110010010101101
1110010010101110
1110010010101111
1110010010110010
1110010010110011
1110010010110100
1110010010110101
1110010010110110
1110010010111000
1110010010111001
1110010010111100
1110010010111101
1110010010111110
1110010010111111
1110010011000010
1110010011000011
1110010011000100
1110010011000101
1110010011000111
1110010011001000
1110010011001001
1110010011001010
1110010011001011
1110010011001100
1110010011001101
1110010011001110
1110010011001111
1110010011010010
1110010011010011
1110010011010100
1110010011010110
1110010011010111
1110010011011000
1110010011011001
1110010011011100
1110010011011101
1110010011011111
1110010011100010
1110010011100011
1110010011100101
1110010011100110
1110010011100111
1110010011101000
1110010011101001
1110010011101010
1110010011101011
1110010011101100
1110010011101101
1110010011101110
1110010011101111
1110010100000101
1110010100001001
1110010100001100
1110010100001101
1110010100100100
1110010100101000
1110010100101100
1110010100101101
1110010100110000
1110010100110100
1110010100111100
1110010101000100
1110010101001000
1110010101001100
1110010101010000
1110010101011100
1110010101100000
1110010101100100
1110010101100101
1110010101101000
1110010101101001
1110010101101100
1110010101110000
1110010101110100
1110010101110101
1110010101111101
1110010110000101
1110010110001001
1110010110001100
1110010110001101
1110010110010100
1110010110010101
1110010110011000
1110010110011001
1110010110011100
1110010110011101
1110010110100100
1110010110100101
1110010110101000
1110010110101100
1110010110101101
1110010110110100
1110010110110101
1110010111000100
1110010111000101
1110010111001000
1110010111001001
1110010111001100
1110010111001101
1110010111010000
1110010111010100
1110010111010101
1110010111011000
1110010111011001
1110010111011100
1110010111011101
1110010111100000
1110011000000011
1110011000000101
1110011000000110
1110011000000111
1110011000001001
1110011000001010
1110011000001011
1110011000001100
1110011000001101
1110011000001110
1110011000001111
1110011000100010
1110011000100011
1110011000100100
1110011000100101
1110011000100110
1110011000100111
1110011000101000
1110011000101001
1110011000101010
1110011000101011
1110011000101100
1110011000101101
1110011000101110
1110011000101111
1110011000110010
1110011000110011
1110011000110100
1110011000110101
1110011000110110
1110011000110111
1110011000111000
1110011000111001
1110011000111100
1110011000111101
1110011000111110
1110011000111111
1110011001000010
1110011001000011
1110011001000100
1110011001000101
1110011001000110
1110011001000111
1110011001001000
1110011001001001
1110011001001010
1110011001001011
1110011001001100
1110011001001101
1110011001001110
1110011001001111
1110011001010010
1110011001010011
1110011001010100
1110011001010110
1110011001010111
1110011001011001
1110011001011100
1110011001011101
1110011001100010
1110011001100011
1110011001100100
1110011001100101
1110011001100110
1110011001100111
1110011001101000
1110011001101001
1110011001101010
1110011001101011
1110011001101100
1110011001110010
1110011001110100
1110011001110110
1110011001111000
1110011001111100
1110011010000011
1110011010000101
1110011010000110
1110011010000111
1110011010001001
1110011010001010
1110011010001011
1110011010001101
1110011010001110
1110011010001111
1110011010010010
1110011010010011
1110011010010100
1110011010010110
1110011010010111
1110011010011000
1110011010011001
1110011010011100
1110011010011101
1110011010011110
1110011010011111
1110011010100010
1110011010100011
1110011010100100
1110011010100110
1110011010100111
1110011010101000
1110011010101011
1110011010101100
1110011010101101
1110011010101110
1110011010101111
1110011010110010
1110011010110100
1110011010110110
1110011010111000
1110011010111100
1110011010111110
1110011011000010
1110011011000011
1110011011000100
1110011011000101
1110011011000110
1110011011000111
1110011011001001
1110011011001010
1110011011001011
1110011011001100
1110011011001101
1110011011001110
1110011011001111
1110011011010010
1110011011010100
1110011011010110
1110011011011000
1110011011011100
1110011011011110
1110011011100010
1110011011100100
1110011011101000
1110011011101010
1110011011101100
1110011011101110
1110011100000101
1110011100001100
1110011100001101
1110011100100100
1110011100100101
1110011100101100
1110011100101101
1110011100110000
1110011100110100
1110011100110101
1110011101000100
1110011101000101
1110011101001100
1110011101001101
1110011101010000
1110011101100000
1110011101100100
1110011101100101
1110011101101100
1110011101101101
1110011101110000
1110011101110100
1110011110000101
1110011110001001
1110011110001100
1110011110010100
1110011110011101
1110011110110100
1110011110111100
1110011111000100
1110011111000101
1110011111001000
1110011111001100
1110011111001101
1110011111010000
1110011111010100
1110011111011100
1110011111100100
1110011111101000
1110011111101100
1110100000100011
1110100000100100
1110100000100101
1110100000100110
1110100000100111
1110100000101001
1110100000101011
1110100000101100
1110100000101101
1110100000101110
1110100000101111
1110100000110010
1110100000110011
1110100000110100
1110100000110101
1110100000110110
1110100000110111
1110100000111000
1110100000111001
1110100000111100
1110100000111101
1110100000111110
1110100000111111
1110100001000010
1110100001000011
1110100001000100
1110100001000101
1110100001000110
1110100001000111
1110100001001000
1110100001001001
1110100001001010
1110100001001011
1110100001001100
1110100001001101
1110100001001110
1110100001001111
1110100001010010
1110100001010011
1110100001010100
1110100001010110
1110100001010111
1110100001011000
1110100001011001
1110100001011100
1110100001011101
1110100001011110
1110100001011111
1110100001100010
1110100001100011
1110100001100100
1110100001100101
1110100001100110
1110100001100111
1110100001101000
1110100001101001
1110100001101010
1110100001101011
1110100001101100
1110100001101101
1110100001101110
1110100001101111
1110100001110010
1110100001110011
1110100001110100
1110100001110101
1110100001110110
1110100001110111
1110100001111000
1110100001111001
1110100001111100
1110100001111101
1110100010000011
1110100010000101
1110100010000110
1110100010000111
1110100010001001
1110100010001011
1110100010001100
1110100010010010
1110100010010011
1110100010010100
1110100010010110
1110100010010111
1110100010011000
1110100010011001
1110100010011100
1110100010011111
1110100010100011
1110100010100100
1110100010100110
1110100010100111
1110100010101011
1110100010101101
1110100010101110
1110100010101111
1110100010110010
1110100010110011
1110100010110100
1110100010110101
1110100010110110
1110100010110111
1110100010111000
1110100010111001
1110100010111100
1110100010111101
1110100010111110
1110100010111111
1110100011000010
1110100011000011
1110100011000100
1110100011000101
1110100011000110
1110100011000111
1110100011001000
1110100011001001
1110100011001011
1110100011001100
1110100011001101
1110100011001110
1110100011001111
1110100011010010
1110100011010011
1110100011010100
1110100011010110
1110100011010111
1110100011011000
1110100011011100
1110100011011101
1110100011011110
1110100011100010
1110100011100011
1110100011100100
1110100011100101
1110100011100110
1110100011100111
1110100011101001
1110100011101010
1110100011101011
1110100011101100
1110100011101101
1110100100000101
1110100100001001
1110100100001100
1110100100001101
1110100100100100
1110100100101000
1110100100101100
1110100100101101
1110100100110000
1110100100110100
1110100100111100
1110100101000100
1110100101001000
1110100101001100
1110100101010000
1110100101011100
1110100101011101
1110100101100000
1110100101100100
1110100101100101
1110100101101000
1110100101101001
1110100101101100
1110100101101101
1110100101110000
1110100101110100
1110100101110101
1110100101111100
1110100101111101
1110100110000101
1110100110001001
1110100110001100
1110100110001101
1110100110010100
1110100110011000
1110100110011001
1110100110011100
1110100110100100
1110100110101000
1110100110101100
1110100110110000
1110100110110100
1110100110110101
1110100110111000
1110100110111001
1110100110111101
1110100111000100
1110100111000101
1110100111001000
1110100111001001
1110100111001100
1110100111001101
1110100111010000
1110100111010100
1110100111011000
1110100111011001
1110100111011100
1110100111011101
1110100111100000
1110100111100100
1110100111101000
1110100111101100
1110101000000011
1110101000000101
1110101000000110
1110101000000111
1110101000001001
1110101000001011
1110101000001100
1110101000001101
1110101000001110
1110101000001111
1110101000100011
1110101000100100
1110101000100110
1110101000100111
1110101000101011
1110101000101100
1110101000101101
1110101000101110
1110101000101111
1110101000110010
1110101000110011
1110101000110100
1110101000110110
1110101000110111
1110101000111000
1110101000111001
1110101000111100
1110101000111110
1110101001000010
1110101001000011
1110101001000100
1110101001000110
1110101001000111
1110101001001011
1110101001001100
1110101001001110
1110101001010111
1110101001011000
1110101001011001
1110101001011100
1110101001011101
1110101001011110
1110101001011111
1110101001100010
1110101001100011
1110101001100100
1110101001100110
1110101001100111
1110101001101000
1110101001101011
1110101001101100
1110101001101101
1110101001101110
1110101001101111
1110101001110010
1110101001110100
1110101001110110
1110101001111000
1110101001111100
1110101010000011
1110101010000110
1110101010000111
1110101010001011
1110101010001100
1110101010001110
1110101010010111
1110101010011000
1110101010111000
1110101010111100
1110101011000010
1110101011000011
1110101011000100
1110101011000101
1110101011000110
1110101011000111
1110101011001000
1110101011001001
1110101011001011
1110101011001101
1110101011011000
1110101011011100
1110101011100010
1110101011100100
1110101011100110
1110101011101000
1110101100000101
1110101100001100
1110101100001101
1110101100100100
1110101100100101
1110101100101100
1110101100101101
1110101100110000
1110101100110100
1110101100110101
1110101101000100
1110101101000101
1110101101001100
1110101101001101
1110101101010000
1110101101100000
1110101101100100
1110101101100101
1110101101101100
1110101101101101
1110101101110000
1110101101110100
1110101110000101
1110101110001001
1110101110001100
1110101110001101
1110101110010100
1110101110010101
1110101110011100
1110101110011101
1110101110100100
1110101110100101
1110101110101000
1110101110101001
1110101110101100
1110101110101101
1110101110110000
1110101110110100
1110101110111100
1110101111000100
1110101111000101
1110101111001000
1110101111001001
1110101111001100
1110101111010000
1110101111010100
1110101111100000
1110101111100100
1110101111101000
1110110000000011
1110110000000101
1110110000000110
1110110000000111
1110110000001001
1110110000001010
1110110000001011
1110110000001100
1110110000001101
1110110000001110
1110110000001111
1110110000100010
1110110000100011
1110110000100100
1110110000100101
1110110000100110
1110110000100111
1110110000101000
1110110000101001
1110110000101010
1110110000101011
1110110000101100
1110110000101101
1110110000101110
1110110000101111
1110110000110010
1110110000110011
1110110000110100
1110110000110101
1110110000110110
1110110000110111
1110110000111000
1110110000111001
1110110000111100
1110110000111101
1110110000111110
1110110000111111
1110110001000010
1110110001000011
1110110001000100
1110110001000101
1110110001000110
1110110001000111
1110110001001000
1110110001001001
1110110001001010
1110110001001011
1110110001001100
1110110001001101
1110110001001110
1110110001001111
1110110001010010
1110110001010011
1110110001010100
1110110001010101
1110110001010110
1110110001010111
1110110001011000
1110110001011001
1110110001011100
1110110001011101
1110110001011110
1110110001011111
1110110001100010
1110110001100011
1110110001100100
1110110001100101
1110110001100110
1110110001100111
1110110001101000
1110110001101001
1110110001101010
1110110001101011
1110110001101100
1110110001101101
1110110001101110
1110110001101111
1110110001110010
1110110001110100
1110110001110110
1110110001111000
1110110001111100
1110110001111110
1110110010000011
1110110010000101
1110110010000110
1110110010000111
1110110010001001
1110110010001010
1110110010001011
1110110010001100
1110110010011100
1110110010011101
1110110010011110
1110110010100010
1110110010100011
1110110010100100
1110110010100101
1110110010100110
1110110010100111
1110110010101000
1110110010101001
1110110010101011
1110110010101100
1110110010101101
1110110010110010
1110110010110100
1110110010110110
1110110010111000
1110110010111100
1110110011000010
1110110011000011
1110110011000100
1110110011000101
1110110011000110
1110110011000111
1110110011001000
1110110011001001
1110110011001010
1110110011001011
1110110011010010
1110110011010100
1110110011010110
1110110011011000
1110110011100010
1110110011100100
1110110011100110
1110110011101000
1110110100000101
1110110100001001
1110110100001100
1110110100001101
1110110100100100
1110110100100101
1110110100101000
1110110100101001
1110110100101100
1110110100101101
1110110100110100
1110110100110101
1110110100111100
1110110100111101
1110110101000100
1110110101000101
1110110101001000
1110110101001001
1110110101001100
1110110101001101
1110110101010000
1110110101011100
1110110101011101
1110110101100000
1110110101100100
1110110101100101
1110110101101000
1110110101101001
1110110101101100
1110110101101101
1110110101110000
1110110101110100
1110110101111100
1110110110000101
1110110110001001
1110110110001100
1110110110001101
1110110110010100
1110110110010101
1110110110011000
1110110110011001
1110110110011100
1110110110011101
1110110110100100
1110110110100101
1110110110101100
1110110110110000
1110110110110100
1110110110111000
1110110111000100
1110110111000101
1110110111001000
1110110111001001
1110110111010000
1110110111010100
1110110111011000
1110110111100000
1110110111101000
1111000000110010
1111000000110011
1111000000110100
1111000000110101
1111000000110111
1111000000111001
1111000000111101
1111000001010010
1111000001010011
1111000001010100
1111000001010101
1111000001010110
1111000001010111
1111000001011000
1111000001011001
1111000001011100
1111000001011101
1111000001011110
1111000001011111
1111000001100010
1111000001100011
1111000001100100
1111000001100101
1111000001100110
1111000001100111
1111000001101000
1111000001101010
1111000001101011
1111000001101100
1111000001101101
1111000001101110
1111000001101111
1111000001110010
1111000001110011
1111000001110100
1111000001110101
1111000001110110
1111000001110111
1111000001111001
1111000001111101
1111000010010010
1111000010010011
1111000010010100
1111000010010101
1111000010010111
1111000010011000
1111000010011001
1111000010011100
1111000010011101
1111000010011110
1111000010011111
1111000010100010
1111000010100011
1111000010100100
1111000010100110
1111000010100111
1111000010101000
1111000010101001
1111000010101010
1111000010101011
1111000010101100
1111000010101101
1111000010101110
1111000010101111
1111000010110010
1111000010110011
1111000010110101
1111000010110110
1111000010110111
1111000010111000
1111000010111001
1111000010111100
1111000010111101
1111000010111110
1111000010111111
1111000011000010
1111000011000100
1111000011000101
1111000011000110
1111000011000111
1111000011001000
1111000011001001
1111000011001010
1111000011001011
1111000011001100
1111000011001101
1111000011001110
1111000011001111
1111000011010011
1111000011010100
1111000011010101
1111000011010110
1111000011010111
1111000011011000
1111000011011001
1111000011011100
1111000011011101
1111000011011110
1111000011011111
1111000011100101
1111000011100110
1111000011100111
1111000011101000
1111000011101001
1111000011101010
1111000011101011
1111000011101100
1111000011101101
1111000011101110
1111000011101111
1111001000100010
1111001000100011
1111001000100100
1111001000100101
1111001000100110
1111001000100111
1111001000101001
1111001000101010
1111001000101011
1111001000101100
1111001000101101
1111001000110010
1111001000110011
1111001000110100
1111001000110101
1111001000110110
1111001000110111
1111001000111000
1111001000111001
1111001000111100
1111001000111101
1111001001000010
1111001001000011
1111001001000100
1111001001000101
1111001001000110
1111001001000111
1111001001001000
1111001001001001
1111001001001010
1111001001001011
1111001001001100
1111001001001110
1111001001001111
1111001001010010
1111001001010011
1111001001010100
1111001001010110
1111001001010111
1111001001011001
1111001001011101
1111001001011110
1111001001011111
1111001001100010
1111001001100011
1111001001100100
1111001001100101
1111001001100110
1111001001100111
1111001001101000
1111001001101001
1111001001101010
1111001001101100
1111001001101101
1111001001101110
1111001001101111
1111001001110010
1111001001110011
1111001001110100
1111001001110110
1111001001110111
1111001001111000
1111001001111001
1111001001111100
1111001001111110
1111001010000011
1111001010000101
1111001010000110
1111001010000111
1111001010001010
1111001010001011
1111001010001100
1111001010001101
1111001010001110
1111001010001111
1111001010010010
1111001010010011
1111001010010110
1111001010010111
1111001010011001
1111001010011100
1111001010011110
1111001010100010
1111001010100011
1111001010100100
1111001010100110
1111001010101000
1111001010101011
1111001010101100
1111001010101101
1111001010101110
1111001010101111
1111001010110010
1111001010110011
1111001010110100
1111001010110101
1111001010110111
1111001010111000
1111001010111001
1111001010111100
1111001010111101
1111001010111110
1111001010111111
1111001011000010
1111001011000011
1111001011000100
1111001011000110
1111001011000111
1111001011001000
1111001011001001
1111001011001010
1111001011001011
1111001011001100
1111001011001101
1111001011001110
1111001011001111
1111001011010010
1111001011010011
1111001011010101
1111001011010110
1111001011010111
1111001011011000
1111001011011001
1111001011011100
1111001011011101
1111001011011110
1111001011011111
1111001011100010
1111001011100100
1111001011100101
1111001011100110
1111001011100111
1111001011101000
1111001011101001
1111001011101010
1111001011101011
1111001011101100
1111001011101101
1111001011101110
1111001011101111
1111001100000101
1111001100001100
1111001100001101
1111001100100101
1111001100110000
1111001100110100
1111001100110101
1111001101000100
1111001101000101
1111001101001100
1111001101001101
1111001101010000
1111001101010100
1111001101100000
1111001101100100
1111001101100101
1111001101101101
1111001101110000
1111001101110100
1111001101110101
1111001110000101
1111001110001001
1111001110001100
1111001110001101
1111001110010100
1111001110011100
1111001110011101
1111001110100100
1111001110101100
1111001110101101
1111001110110000
1111001110110100
1111001110110101
1111001110111100
1111001110111101
1111001111000100
1111001111000101
1111001111001000
1111001111001001
1111001111001100
1111001111001101
1111001111010100
1111001111011100
1111001111011101
1111001111101000
1111001111101100
1111001111101101
1111010000100010
1111010000100011
1111010000100100
1111010000100101
1111010000100110
1111010000100111
1111010000101000
1111010000101001
1111010000101010
1111010000101011
1111010000101100
1111010000101101
1111010000101110
1111010000101111
1111010000110010
1111010000110011
1111010000110100
1111010000110101
1111010000110110
1111010000110111
1111010000111000
1111010000111001
1111010000111100
1111010000111101
1111010000111110
1111010001000010
1111010001000011
1111010001000100
1111010001000101
1111010001000110
1111010001000111
1111010001001000
1111010001001001
1111010001001010
1111010001001011
1111010001001100
1111010001001101
1111010001010010
1111010001010011
1111010001010100
1111010001010110
1111010001010111
1111010001011000
1111010001011001
1111010001011100
1111010001011101
1111010001100010
1111010001100011
1111010001100100
1111010001100101
1111010001100110
1111010001100111
1111010001101000
1111010001101001
1111010001101010
1111010001101011
1111010001101100
1111010001101110
1111010001101111
1111010001110010
1111010001110011
1111010001110100
1111010001110110
1111010001110111
1111010001111000
1111010001111001
1111010001111110
1111010010000011
1111010010000101
1111010010000110
1111010010000111
1111010010001001
1111010010001010
1111010010001100
1111010010001101
1111010010001110
1111010010001111
1111010010010010
1111010010010011
1111010010010100
1111010010010110
1111010010010111
1111010010011000
1111010010011001
1111010010011100
1111010010011110
1111010010100010
1111010010100011
1111010010100100
1111010010100110
1111010010101000
1111010010101011
1111010010101100
1111010010101101
1111010010101110
1111010010101111
1111010010110010
1111010010110011
1111010010110100
1111010010110101
1111010010110110
1111010010110111
1111010010111001
1111010010111100
1111010010111101
1111010010111110
1111010010111111
1111010011000010
1111010011000011
1111010011000100
1111010011000101
1111010011000110
1111010011001000
1111010011001001
1111010011001010
1111010011001011
1111010011001100
1111010011001101
1111010011001110
1111010011001111
1111010011010010
1111010011010011
1111010011010100
1111010011010111
1111010011011000
1111010011011001
1111010011011100
1111010011011101
1111010011011110
1111010011011111
1111010011100010
1111010011100011
1111010011100100
1111010011100110
1111010011100111
1111010011101000
1111010011101011
1111010011101101
1111010100000101
1111010100001001
1111010100001100
1111010100001101
1111010100100100
1111010100101000
1111010100101100
1111010100101101
1111010100110000
1111010100110100
1111010100111100
1111010101000100
1111010101001000
1111010101001100
1111010101010000
1111010101011100
1111010101100000
1111010101100100
1111010101100101
1111010101101000
1111010101101001
1111010101101100
1111010101101101
1111010101110100
1111010101111100
1111010110000101
1111010110001001
1111010110001101
1111010110010100
1111010110010101
1111010110011000
1111010110011001
1111010110011100
1111010110011101
1111010110100100
1111010110100101
1111010110101000
1111010110101001
1111010110101100
1111010110101101
1111010110110000
1111010110110100
1111010110110101
1111010110111000
1111010110111100
1111010110111101
1111010111000100
1111010111000101
1111010111001001
1111010111001100
1111010111001101
1111010111010000
1111010111010100
1111010111011000
1111010111011001
1111010111011100
1111010111100000
1111010111100100
1111010111100101
1111010111101000
1111010111101001
1111011000000011
1111011000000101
1111011000000110
1111011000000111
1111011000001001
1111011000001010
1111011000001011
1111011000001100
1111011000001101
1111011000001110
1111011000001111
1111011000100100
1111011000100101
1111011000100110
1111011000100111
1111011000101000
1111011000101001
1111011000101010
1111011000101011
1111011000101100
1111011000101101
1111011000101110
1111011000101111
1111011000110010
1111011000110011
1111011000110100
1111011000110101
1111011000110110
1111011000110111
1111011000111000
1111011000111001
1111011000111100
1111011000111101
1111011000111110
1111011000111111
1111011001000010
1111011001000011
1111011001000100
1111011001000101
1111011001000110
1111011001000111
1111011001001000
1111011001001001
1111011001001010
1111011001001011
1111011001001100
1111011001001101
1111011001001110
1111011001001111
1111011001010010
1111011001010011
1111011001010100
1111011001010110
1111011001010111
1111011001011000
1111011001011001
1111011001011100
1111011001011101
1111011001011110
1111011001100010
1111011001100011
1111011001100100
1111011001100101
1111011001100110
1111011001100111
1111011001101000
1111011001101001
1111011001101010
1111011001101011
1111011001101100
1111011001101101
1111011001110010
1111011001110100
1111011001110110
1111011001111000
1111011001111100
1111011010000011
1111011010000101
1111011010000110
1111011010000111
1111011010001001
1111011010001010
1111011010001011
1111011010001100
1111011010001110
1111011010001111
1111011010010010
1111011010010011
1111011010010100
1111011010010110
1111011010010111
1111011010011000
1111011010011001
1111011010011101
1111011010011110
1111011010011111
1111011010100010
1111011010100011
1111011010100100
1111011010100110
1111011010100111
1111011010101000
1111011010101100
1111011010101101
1111011010101110
1111011010101111
1111011010110010
1111011010110100
1111011010110110
1111011010111000
1111011010111100
1111011010111110
1111011011000010
1111011011000011
1111011011000100
1111011011000101
1111011011000110
1111011011000111
1111011011001000
1111011011001010
1111011011001011
1111011011001101
1111011011001110
1111011011001111
1111011011010010
1111011011010100
1111011011010110
1111011011011100
1111011011011110
1111011011100010
1111011011100100
1111011011100110
1111011011101000
1111011011101010
1111011011101100
1111011100000101
1111011100001100
1111011100001101
1111011100100100
1111011100100101
1111011100101100
1111011100101101
1111011100110000
1111011100110100
1111011100110101
1111011101000100
1111011101000101
1111011101001100
1111011101001101
1111011101010000
1111011101010100
1111011101100000
1111011101100100
1111011101100101
1111011101101100
1111011101101101
1111011101110000
1111011101110100
1111100000100010
1111100000100011
1111100000100100
1111100000100101
1111100000100110
1111100000100111
1111100000101000
1111100000101001
1111100000101010
1111100000101011
1111100000101100
1111100000101101
1111100000101110
1111100000101111
1111100000110010
1111100000110011
1111100000110100
1111100000110101
1111100000110110
1111100000110111
1111100000111001
1111100000111101
1111100001000010
1111100001000011
1111100001000100
1111100001000101
1111100001000110
1111100001000111
1111100001001000
1111100001001001
1111100001001010
1111100001001011
1111100001001100
1111100001001101
1111100001001110
1111100001001111
1111100001010010
1111100001010011
1111100001010100
1111100001010110
1111100001010111
1111100001011000
1111100001011001
1111100001011100
1111100001011101
1111100001011110
1111100001011111
1111100001100010
1111100001100011
1111100001100100
1111100001100101
1111100001100110
1111100001100111
1111100001101000
1111100001101001
1111100001101010
1111100001101011
1111100001101100
1111100001101101
1111100001101110
1111100001101111
1111100001110010
1111100001110011
1111100001110100
1111100001110101
1111100001110110
1111100001110111
1111100001111001
1111100001111101
1111100010000011
1111100010000101
1111100010000110
1111100010000111
1111100010001001
1111100010001010
1111100010001011
1111100010001100
1111100010001101
1111100010010010
1111100010010011
1111100010010100
1111100010010110
1111100010010111
1111100010011000
1111100010011001
1111100010011100
1111100010011101
1111100010100010
1111100010100011
1111100010100100
1111100010100110
1111100010100111
1111100010101000
1111100010101011
1111100010101100
1111100010101110
1111100010101111
1111100010110010
1111100010110011
1111100010110100
1111100010110101
1111100010110110
1111100010110111
1111100010111000
1111100010111001
1111100010111101
1111100010111110
1111100010111111
1111100011000010
1111100011000011
1111100011000100
1111100011000101
1111100011000110
1111100011000111
1111100011001000
1111100011001001
1111100011001010
1111100011001100
1111100011001101
1111100011001110
1111100011010010
1111100011010011
1111100011010100
1111100011010110
1111100011010111
1111100011011000
1111100011011001
1111100011011100
1111100011011101
1111100011100010
1111100011100011
1111100011100100
1111100011100101
1111100011100110
1111100011100111
1111100011101010
1111100011101011
1111100011101100
1111100100000101
1111100100001001
1111100100001101
1111100100100100
1111100100101000
1111100100101100
1111100100101101
1111100100110000
1111100100110100
1111100100111100
1111100101000100
1111100101001000
1111100101001100
1111100101010000
1111100101011100
1111100101011101
1111100101100100
1111100101100101
1111100101101000
1111100101101001
1111100101101100
1111100101101101
1111100101110100
1111100101110101
1111100101111100
1111100101111101
1111100110000101
1111100110001100
1111100110001101
1111100110010100
1111100110011000
1111100110011001
1111100110011100
1111100110011101
1111100110100100
1111100110101000
1111100110101100
1111100110101101
1111100110110000
1111100110110100
1111100110110101
1111100110111000
1111100110111001
1111100110111100
1111100111000100
1111100111000101
1111100111001000
1111100111001001
1111100111001101
1111100111010000
1111100111010100
1111100111011001
1111100111011100
1111100111100100
1111100111101000
1111101000000011
1111101000000101
1111101000000110
1111101000000111
1111101000001001
1111101000001010
1111101000001011
1111101000001101
1111101000001110
1111101000001111
1111101000100010
1111101000100011
1111101000100100
1111101000100110
1111101000100111
1111101000101000
1111101000101011
1111101000101100
1111101000101101
1111101000101110
1111101000101111
1111101000110010
1111101000110011
1111101000110100
1111101000110110
1111101000110111
1111101000111000
1111101000111100
1111101000111110
1111101001000010
1111101001000011
1111101001000100
1111101001000111
1111101001001000
1111101001001100
1111101001010110
1111101001010111
1111101001011000
1111101001011001
1111101001011100
1111101001011101
1111101001011110
1111101001011111
1111101001100010
1111101001100011
1111101001100100
1111101001100110
1111101001100111
1111101001101000
1111101001101011
1111101001101100
1111101001101101
1111101001101110
1111101001101111
1111101001110010
1111101001110100
1111101001110110
1111101001111000
1111101001111100
1111101010000011
1111101010000110
1111101010000111
1111101010001011
1111101010001100
1111101010001110
1111101010010110
1111101010010111
1111101010011000
1111101010011100
1111101010101100
1111101010101101
1111101010110010
1111101010110100
1111101010110110
1111101010111000
1111101010111100
1111101011000010
1111101011000011
1111101011000100
1111101011000101
1111101011000110
1111101011000111
1111101011001000
1111101011001001
1111101011001010
1111101011001011
1111101011001100
1111101011010010
1111101011010100
1111101011010110
1111101011011000
1111101011100010
1111101011100100
1111101011100110
1111101011101000
1111101100000101
1111101100001100
1111101100001101
1111101100100100
1111101100100101
1111101100101100
1111101100101101
1111101100110000
1111101100110100
1111101100110101
1111101101000100
1111101101000101
1111101101001100
1111101101001101
1111101101010000
1111101101010100
1111101101100100
1111101101100101
1111101101101100
1111101101101101
1111101101110000
1111101101110100
1111110000000101
1111110000001001
1111110000001010
1111110000001011
1111110000001101
1111110000100010
1111110000100011
1111110000100100
1111110000100101
1111110000100110
1111110000100111
1111110000101000
1111110000101001
1111110000101010
1111110000101011
1111110000101100
1111110000101101
1111110000101110
1111110000101111
1111110000110010
1111110000110011
1111110000110100
1111110000110101
1111110000110110
1111110000110111
1111110000111001
1111110000111101
1111110001000010
1111110001000011
1111110001000100
1111110001000101
1111110001000110
1111110001000111
1111110001001001
1111110001001010
1111110001001011
1111110001001100
1111110001001101
1111110001001110
1111110001001111
1111110001010010
1111110001010011
1111110001010100
1111110001010110
1111110001010111
1111110001011000
1111110001011001
1111110001011100
1111110001011101
1111110001011110
1111110001011111
1111110001100010
1111110001100011
1111110001100100
1111110001100101
1111110001100110
1111110001100111
1111110001101000
1111110001101001
1111110001101010
1111110001101011
1111110001101100
1111110001101101
1111110001101110
1111110001101111
1111110001110010
1111110001110100
1111110001110110
1111110010000011
1111110010000101
1111110010000110
1111110010000111
1111110010001001
1111110010001010
1111110010001011
1111110010001100
1111110010001101
1111110010001110
1111110010010010
1111110010010011
1111110010010100
1111110010010110
1111110010010111
1111110010011000
1111110010011001
1111110010011100
1111110010100010
1111110010100011
1111110010100100
1111110010100110
1111110010101011
1111110010101100
1111110010110010
1111110010110100
1111110010110110
1111110010111000
1111110011000010
1111110011000011
1111110011000100
1111110011000101
1111110011000110
1111110011000111
1111110011001000
1111110011001001
1111110011001010
1111110011010010
1111110011010100
1111110011010110
1111110011011000
1111110011100010
1111110011100100
1111110011100110
1111110011101000
1111110100000101
1111110100001001
1111110100001100
1111110100001101
1111110100100100
1111110100101000
1111110100101100
1111110100101101
1111110100110100
1111110100111100
1111110101000100
1111110101001000
1111110101001100
1111110101010000
1111110101011100
1111110101100000
1111110101100100
1111110101100101
1111110101101000
1111110101101001
1111110101101100
1111110101101101
1111110101110000
1111110101110100
1111110101111100
